Firm*,First Name*,Last Name*,Email Address*,Preferred Language*,Default Module,User ID*,SecureZone ID,OSS User ID,CR2 User ID,SSO User ID,Role*,Firm Level Access*,RR Code Assignment,Module Overrides,Features
ACAD,Candi,acad,candi.so@nbc.ca,EN,firm_client_accounts,candi.acad2.uat,"SOC,SOC2",compxtr,IAN.FUNG,,ManageServicingAndTrades,FALSE,WIAA-WI99,"questionnaire_applications,paper_upload_menu",
ACAD,Candi,Acad,candi.so@bnc.ca,EN,firm_client_accounts,candi.acad1.uat,,,Dec2.Août,,ManageAllButNotTrade_v1.16,TRUE,WIAA-WI99,"questionnaire_applications,paper_upload_menu,statements_menu,tax_documents_menu,trade_confirmations_menu",
ACAD,Candi,Acad,candi.so@nbc.ca,EN,firm_client_accounts,candi.acad.uat,"SOC2,SOCA2",COMPXTR,bernard.piché,,ManageOrdersAndTrades,TRUE,WIAA-WI99,"tax_documents_menu,tools_menu","mf_product,view_system_events,equity_product"
ACAD,Sasha,Test,s@s.com,EN,firm_client_accounts,sasha.test.uat,,,,,ManageTransactions_V1.17,TRUE,WIAA-WI99,"paper_upload_menu,gic_management_menu,statements_menu,tax_documents_menu,trade_confirmations_menu,mf_orders_upload",
ACAD,TestFN1,LN1,harsha.adusumilli@nbc.ca,EN,users_module,testfn1.ln1.uat,adha0001,,,,ManageFirmAndUser_V1.17,TRUE,WIAA-WI99,,
ACAD,Testing,FUm451668,testingfum10@gmail.com,EN,firm_client_accounts,testing.fum4516682.uat,adha0001,,,,ManageFirmAndUser_V1.17,TRUE,WIAA-WI99,"paper_upload_menu,feature_menu,statements_menu,tax_documents_menu,trade_confirmations_menu",
ACKER,Bulk,TestingUser1003,bulktestinguser1003@gmail.com,EN,firm_client_accounts,TestFum17863.QA17863.uat,SZ1,,TestFum17863.QA17863,,ManageFirmAndUser_V1.17,FALSE,QNAA-QNAA,"statements_menu,tax_documents_menu,trade_confirmations_menu",
ACKER,Bulk,TestingUser1008,bulktestinguser1008@gmail.com,EN,firm_client_accounts,TestFum96973.QA96973.uat,SZ1,,TestFum96973.QA96973,,ManageFirmAndUser_V1.17,FALSE,QNAA-QNAA,"orders_module,paper_upload_menu,feature_menu,statements_menu,tax_documents_menu,trade_confirmations_menu",
ACKER,Bulk,TestingUser1013,bulktestinguser1013@gmail.com,EN,firm_client_accounts,TestFum82848.QA82848.uat,SZ1,,TestFum82848.QA82848,,ManageFirmAndUser_V1.17,FALSE,QNAA-QNAA,"orders_module,paper_upload_menu,feature_menu,statements_menu,tax_documents_menu,trade_confirmations_menu",
ACKER,Bulk,TestingUser1018,bulktestinguser1018@gmail.com,EN,firm_client_accounts,TestFum56835.QA56835.uat,SZ1,,TestFum56835.QA56835,,ManageFirmAndUser_V1.17,FALSE,QNAA-QNAA,"orders_module,paper_upload_menu,feature_menu,statements_menu,tax_documents_menu,trade_confirmations_menu",
ACKER,Bulk,TestingUser1023,bulktestinguser1023@gmail.com,EN,firm_client_accounts,TestFum86635.QA86635.uat,SZ1,,TestFum86635.QA86635,,ManageFirmAndUser_V1.17,FALSE,QNAA-QNAA,"orders_module,paper_upload_menu,feature_menu,statements_menu,tax_documents_menu,trade_confirmations_menu",
ACKER,Bulk,TestingUser1028,bulktestinguser1028@gmail.com,EN,firm_client_accounts,TestFum41484.QA41484.uat,SZ1,,TestFum41484.QA41484,,ManageFirmAndUser_V1.17,FALSE,QNAA-QNAA,"orders_module,paper_upload_menu,feature_menu,statements_menu,tax_documents_menu,trade_confirmations_menu",
ACKER,Bulk,TestingUser1033,bulktestinguser1033@gmail.com,EN,firm_client_accounts,TestFum78042.QA78042.uat,SZ1,,TestFum78042.QA78042,,ManageFirmAndUser_V1.17,FALSE,QNAA-QNAA,"orders_module,paper_upload_menu,feature_menu,statements_menu,tax_documents_menu,trade_confirmations_menu",
ACKER,Bulk,TestingUser1038,bulktestinguser1038@gmail.com,EN,firm_client_accounts,TestFum52141.QA52141.uat,SZ1,,TestFum52141.QA52141,,ManageFirmAndUser_V1.17,FALSE,QNAA-QNAA,"orders_module,paper_upload_menu,feature_menu,statements_menu,tax_documents_menu,trade_confirmations_menu",
ACKER,Bulk,TestingUser1043,bulktestinguser1043@gmail.com,EN,firm_client_accounts,TestFum40811.QA40811.uat,SZ1,,TestFum40811.QA40811,,ManageFirmAndUser_V1.17,FALSE,QNAA-QNAA,"orders_module,paper_upload_menu,feature_menu,statements_menu,tax_documents_menu,trade_confirmations_menu",
ACKER,Bulk,TestingUser1048,bulktestinguser1048@gmail.com,EN,firm_client_accounts,TestFum89055.QA89055.uat,SZ1,,TestFum89055.QA89055,,ManageFirmAndUser_V1.17,FALSE,QNAA-QNAA,"orders_module,paper_upload_menu,feature_menu,statements_menu,tax_documents_menu,trade_confirmations_menu",
ACKER,candi,acker,candi.acker1@acker.ca,EN,firm_client_accounts,candi.acker1.uat,NBINUSER,null,,,AdminAllButNotTrade_V1.17,TRUE,QNAA-QN99,"paper_upload_menu,statements_menu,tax_documents_menu,trade_confirmations_menu",
ACKER,Candi,Acker,candi.acker2@acker.ca,EN,firm_client_accounts,candi.acker2.uat,SOC,COMPASSX,TestFum50268.QA50268,,AdminAllButNotTrade_V1.17,FALSE,QNAB-QNAB,"firm_client_accounts,orders_module,questionnaire_applications,form_applications,paper_upload_menu,statements_menu,tax_documents_menu,trade_confirmations_menu",
ACKER,Candi,Acker,candi.so@acker.com,FR,firm_client_accounts,candi.acker5.uat,,,test.ackee,,ManageServicingAndTrades,FALSE,,"paper_upload_menu,statements_menu,tax_documents_menu,trade_confirmations_menu",
ACKER,Candi,Acker,candi.so@nbc.ca,EN,firm_client_accounts,candi.acker.uat,,null,candi.acker,,ManageAll_V1.17,FALSE,"QNAB-QNAB, QNAC-QNAC","gic_management_menu,statements_menu,tax_documents_menu,trade_confirmations_menu,mf_orders_upload",
ACKER,Candi,Acker3,candi.acker3@acker.ca,EN,firm_client_accounts,candi.acker3.uat,SOC2,null,testing4.uat,,ManageAll_V1.17,TRUE,QNAA-QN99,"firm_client_accounts,questionnaire_applications,form_applications,paper_upload_menu,gic_management_menu,statements_menu,tax_documents_menu,trade_confirmations_menu,mf_orders_upload",
ACKER,Candi X,Acker YYZ,candi.acker4@acker.com,EN,firm_client_accounts,candi.acker4.uat,,,testing4.uat1,,GlobalAdmin,TRUE,QNAA-QN99,,"mf_product,equity_product,feature_conf"
ACKER,estherIB,newton,persis.newton@nbc.ca,EN,firm_client_accounts,estherib.newton.uat,NBINIA,ProxyH,,,ManageAll_V1.17,FALSE,,,"mf_product,equity_product,options_product"
ACKER,HATest,HA,harsha.adusumilli@nbc.ca,EN,users_module,hatest.ha.uat,,,,,ManageFirmAndUser_V1.17,FALSE,,"orders_module,questionnaire_applications,soma_servicing,tools_menu,paper_upload_menu,trade_allocations_menu,system_event_menu,feature_menu,statements_menu,tax_documents_menu,trade_confirmations_menu",
ACUME,acumen,oktatest,acumen.oktatest@nbc.ca,EN,firm_client_accounts,acumen.oktatest.uat,NBINIA,ProxyH,,,AdminAll_V1.17,TRUE,"AJAA-AJ99, CAAA-CA99","orders_upload,soma_intervention,form_applications,gic_management_menu,mf_orders_upload",approve_option_applications
ACUME,acumentUAT,Neha,neha.ashishkumar.dadarwala@nbc.ca,EN,firm_client_accounts,acumentuat.neha.uat,WAHABMA,,,,ManageFirmAndUser_V1.17,TRUE,"AJAA-AJ99, CAAA-CA99","statements_menu,tax_documents_menu,trade_confirmations_menu",
ACUME,ACUMENUAT,Maisha,maisha.wahab@nbc.ca,EN,firm_client_accounts,acumenuat.maisha.uat,WAHABMA,,Acumen.Advisor,,ManageFirmAndUser_V1.17,TRUE,"AJAA-AJ99, CAAA-CA99","statements_menu,tax_documents_menu,trade_confirmations_menu",
ACUME,Alex,ACUME,alexander.graham@nbc.ca,EN,firm_client_accounts,alex.acume.uat,,,,,ManageAllButNotTrade_v1.16,TRUE,"AJAA-AJ99, CAAA-CA99","statements_menu,tax_documents_menu,trade_confirmations_menu",
ACUME,atesh,test,atesh.test@acumen.ca,EN,firm_client_accounts,atesh.test1.uat,,null,fumsec.steward,,ViewOnlyConfidentialProfile_V1.17,FALSE,"AJAA-AJ99, CAAA-CA99","compass_r2,firm_client_accounts,orders_module,questionnaire_applications,soma_servicing,form_applications,tools_menu,paper_upload_menu,statements_menu,tax_documents_menu,trade_confirmations_menu",
ACUME,atesh,test,test.test@nbc.ca,EN,firm_client_accounts,atesh.test,,ProxyH,,,ViewOnlyConfidentialProfile_V1.17,TRUE,"AJAA-AJ99, CAAA-CA99",,
ACUME,Bulk,Poulin-Brière,mpoulinbriere@nymbus.ca,FR,firm_client_accounts,FUM2024527165645.TEST.uat,"NBINIA,SZID1",PROXYH,FUM2024527165645.TEST,,AdminOrders_V1.17,FALSE,CAAA-CA99,"orders_module,paper_upload_menu,gic_management_menu,statements_menu,tax_documents_menu,trade_confirmations_menu,mf_orders_upload",
ACUME,Bulk,TestingUser1001,bulktestinguser1001@gmail.com,EN,firm_client_accounts,TestFum96099.QA96099.uat,SZ1,,TestFum96099.QA96099,,ManageFirmAndUser_V1.17,FALSE,CAAA-CAAA,"orders_module,paper_upload_menu,feature_menu,statements_menu,tax_documents_menu,trade_confirmations_menu",
ACUME,Bulk,TestingUser1006,bulktestinguser1006@gmail.com,EN,firm_client_accounts,TestFum52764.QA52764.uat,SZ1,,TestFum52764.QA52764,,ManageFirmAndUser_V1.17,FALSE,CAAA-CAAA,"orders_module,paper_upload_menu,feature_menu,statements_menu,tax_documents_menu,trade_confirmations_menu",
ACUME,Bulk,TestingUser1011,bulktestinguser1011@gmail.com,EN,firm_client_accounts,TestFum36955.QA36955.uat,SZ1,,TestFum36955.QA36955,,ManageFirmAndUser_V1.17,FALSE,CAAA-CAAA,"orders_module,paper_upload_menu,feature_menu,statements_menu,tax_documents_menu,trade_confirmations_menu",
ACUME,Bulk,TestingUser1016,bulktestinguser1016@gmail.com,EN,firm_client_accounts,TestFum50419.QA50419.uat,SZ1,,TestFum50419.QA50419,,ManageFirmAndUser_V1.17,FALSE,CAAA-CAAA,"orders_module,paper_upload_menu,feature_menu,statements_menu,tax_documents_menu,trade_confirmations_menu",
ACUME,Bulk,TestingUser1021,bulktestinguser1021@gmail.com,EN,firm_client_accounts,TestFum58496.QA58496.uat,SZ1,,TestFum58496.QA58496,,ManageFirmAndUser_V1.17,FALSE,CAAA-CAAA,"orders_module,paper_upload_menu,feature_menu,statements_menu,tax_documents_menu,trade_confirmations_menu",
ACUME,Bulk,TestingUser1026,bulktestinguser1026@gmail.com,EN,firm_client_accounts,TestFum39314.QA39314.uat,SZ1,,TestFum39314.QA39314,,ManageFirmAndUser_V1.17,FALSE,CAAA-CAAA,"orders_module,paper_upload_menu,feature_menu,statements_menu,tax_documents_menu,trade_confirmations_menu",
ACUME,Bulk,TestingUser1031,bulktestinguser1031@gmail.com,EN,firm_client_accounts,TestFum47027.QA47027.uat,SZ1,,TestFum47027.QA47027,,ManageFirmAndUser_V1.17,FALSE,CAAA-CAAA,"orders_module,paper_upload_menu,feature_menu,statements_menu,tax_documents_menu,trade_confirmations_menu",
ACUME,Bulk,TestingUser1036,bulktestinguser1036@gmail.com,EN,firm_client_accounts,TestFum74974.QA74974.uat,SZ1,,TestFum74974.QA74974,,ManageFirmAndUser_V1.17,FALSE,CAAA-CAAA,"orders_module,paper_upload_menu,feature_menu,statements_menu,tax_documents_menu,trade_confirmations_menu",
ACUME,Bulk,TestingUser1041,bulktestinguser1041@gmail.com,EN,firm_client_accounts,TestFum47694.QA47694.uat,SZ1,,TestFum47694.QA47694,,ManageFirmAndUser_V1.17,FALSE,CAAA-CAAA,"orders_module,paper_upload_menu,feature_menu,statements_menu,tax_documents_menu,trade_confirmations_menu",
ACUME,Bulk,TestingUser1046,bulktestinguser1046@gmail.com,EN,firm_client_accounts,TestFum26385.QA26385.uat,SZ1,,TestFum26385.QA26385,,ManageFirmAndUser_V1.17,FALSE,CAAA-CAAA,"orders_module,paper_upload_menu,feature_menu,statements_menu,tax_documents_menu,trade_confirmations_menu",
ACUME,Bulk,Upload10,bulk.upload10@gmail.com,FR,firm_client_accounts,FUM202452718220.TEST.uat,"NBINIA,SZID1",,FUM202452718220.TEST,,AdminOrders_V1.17,TRUE,"AJAA-AJ99, CAAA-CA99","orders_module,paper_upload_menu,gic_management_menu,statements_menu,tax_documents_menu,trade_confirmations_menu,mf_orders_upload",
ACUME,Bulk,Upload12,bulk.upload12@gmail.com,FR,firm_client_accounts,FUM2024527184116.TEST.uat,"NBINIA,SZID1",,FUM2024527184116.TEST,,AdminOrders_V1.17,TRUE,"AJAA-AJ99, CAAA-CA99","orders_module,paper_upload_menu,gic_management_menu,statements_menu,tax_documents_menu,trade_confirmations_menu,mf_orders_upload",
ACUME,Bulk,Upload4,bulk.upload4@gmail.com,FR,firm_client_accounts,sso4.uat,NBINIA,PROXYH,,,AdminOrders_V1.17,FALSE,CAAA-CA99,"orders_module,paper_upload_menu,gic_management_menu,statements_menu,tax_documents_menu,trade_confirmations_menu,mf_orders_upload",
ACUME,Bulk,Upload8,bulk.upload8@gmail.com,FR,firm_client_accounts,FUM2024527174731.TEST.uat,"NBINIA,SZID1",,FUM2024527174731.TEST,,AdminOrders_V1.17,TRUE,"AJAA-AJ99, CAAA-CA99","orders_module,paper_upload_menu,gic_management_menu,statements_menu,tax_documents_menu,trade_confirmations_menu,mf_orders_upload",
ACUME,Bulk,User16,bulk.user16@gmail.com,EN,firm_client_accounts,sso16.uat,"SZ2,SZ2,SZ3",oss16,FUM2024530151021.TEST,,AdminOrders_V1.17,FALSE,"AJ99-AJ99, AJAA-AJ98","compass_r2,orders_module,paper_upload_menu,gic_management_menu,statements_menu,tax_documents_menu,trade_confirmations_menu,mf_orders_upload",
ACUME,Bulk,User18,kamali.arunamanivannan@nbc.ca,EN,firm_client_accounts,sso18.uat,"SZ2,SZ2,SZ3",oss16,,,ManageFirmAndUser_V1.17,TRUE,"AJAA-AJ99, CAAA-CA99",,
ACUME,Candi,Acume,candi.acume3@acumen.ca,EN,compass_r2,candi.acume2.uat,,null,,,AdminAll_V1.17,FALSE,"AJAA-AJAA, CAAA-CA99","firm_client_accounts,paper_upload_menu,gic_management_menu,statements_menu,tax_documents_menu,trade_confirmations_menu,mf_orders_upload",
ACUME,Candi,Acume1,candi.acume1@acumen.ca,EN,firm_client_accounts,candi.acume1,,ProxyH,test.acume,,ManageTransactions_V1.17,TRUE,"AJAA-AJ99, CAAA-CA99","gic_management_menu,statements_menu,tax_documents_menu,trade_confirmations_menu,mf_orders_upload",
ACUME,Eileen,Treves,etreves7@opera.com,EN,firm_client_accounts,eileen.treves3.uat,NBINIA,,,,ManageServiceRequests_V1.17,TRUE,"AJAA-AJ99, CAAA-CA99","orders_module,soma_servicing,paper_upload_menu,statements_menu,tax_documents_menu,trade_confirmations_menu",
ACUME,Eileen,Treves,etreves7@opera.com,EN,firm_client_accounts,eileen.treves1.uat,NBINIA,,,,ManageServiceRequests_V1.17,TRUE,"AJAA-AJ99, CAAA-CA99","orders_module,soma_servicing,paper_upload_menu,statements_menu,tax_documents_menu,trade_confirmations_menu",
ACUME,Eileen,Treves,etreves7@opera.com,EN,firm_client_accounts,eileen.treves2.uat,NBINIA,,,,ManageServiceRequests_V1.17,TRUE,"AJAA-AJ99, CAAA-CA99","orders_module,soma_servicing,paper_upload_menu,statements_menu,tax_documents_menu,trade_confirmations_menu",
ACUME,Eileen,Treves,etreves7@opera.com,EN,firm_client_accounts,eileen.treves4.uat,NBINIA,,,,ManageServiceRequests_V1.17,TRUE,"AJAA-AJ99, CAAA-CA99","orders_module,soma_servicing,paper_upload_menu,statements_menu,tax_documents_menu,trade_confirmations_menu",
ACUME,Eileen,Treves,etreves7@opera.com,EN,firm_client_accounts,eileen.treves.uat,NBINIA,,,,ManageServiceRequests_V1.17,TRUE,"AJAA-AJ99, CAAA-CA99","orders_module,soma_servicing,paper_upload_menu,statements_menu,tax_documents_menu,trade_confirmations_menu",
ACUME,Élodie,Duguay Lemoine,e.duguay-lemoine@rgpinv10.com,FR,firm_client_accounts,elodie.duguaylemoine2.uat,NBINIA,,,,ManageServiceRequests_V1.17,TRUE,"AJAA-AJ99, CAAA-CA99","orders_module,soma_servicing,paper_upload_menu,statements_menu,tax_documents_menu,trade_confirmations_menu",
ACUME,Élodie,Duguay Lemoine,e.duguay-lemoine@rgpinv1.com,FR,firm_client_accounts,elodie.duguaylemoine1.uat,NBINIA,,,,ManageServiceRequests_V1.17,TRUE,"AJAA-AJ99, CAAA-CA99","orders_module,soma_servicing,paper_upload_menu,statements_menu,tax_documents_menu,trade_confirmations_menu",
ACUME,Élodie,Duguay Lemoine,e.duguay-lemoine@rgpinv.com,FR,firm_client_accounts,elodie.duguaylemoine.uat,NBINIA,,,,ManageServiceRequests_V1.17,TRUE,"AJAA-AJ99, CAAA-CA99","orders_module,soma_servicing,paper_upload_menu,statements_menu,tax_documents_menu,trade_confirmations_menu",
ACUME,Élodie,James909090,elodie.jmes@test.com,EN,firm_client_accounts,elodie.james909090.uat,NBINIA,,,,ManageServiceRequests_V1.17,TRUE,"AJAA-AJ99, CAAA-CA99","orders_module,soma_servicing,paper_upload_menu,statements_menu,tax_documents_menu,trade_confirmations_menu",
ACUME,Eugenius,Filmer,efilmer4@sitemeter.com,EN,firm_client_accounts,eugenius.filmer4.uat,NBINIA,,,,ManageServiceRequests_V1.17,TRUE,"AJAA-AJ99, CAAA-CA99","orders_module,soma_servicing,paper_upload_menu,statements_menu,tax_documents_menu,trade_confirmations_menu",
ACUME,Eugenius,Filmer,efilmer4@sitemeter.com,EN,firm_client_accounts,eugenius.filmer.uat,NBINIA,,,,ManageServiceRequests_V1.17,TRUE,"AJAA-AJ99, CAAA-CA99","orders_module,soma_servicing,paper_upload_menu,statements_menu,tax_documents_menu,trade_confirmations_menu",
ACUME,Eugenius,Filmer,efilmer4@sitemeter.com,EN,firm_client_accounts,eugenius.filmer1.uat,NBINIA,,,,ManageServiceRequests_V1.17,TRUE,"AJAA-AJ99, CAAA-CA99","orders_module,soma_servicing,paper_upload_menu,statements_menu,tax_documents_menu,trade_confirmations_menu",
ACUME,Eugenius,Filmer,efilmer4@sitemeter.com,EN,firm_client_accounts,eugenius.filmer2.uat,NBINIA,,,,ManageServiceRequests_V1.17,TRUE,"AJAA-AJ99, CAAA-CA99","orders_module,soma_servicing,paper_upload_menu,statements_menu,tax_documents_menu,trade_confirmations_menu",
ACUME,Eugenius,Filmer,efilmer4@sitemeter.com,EN,firm_client_accounts,eugenius.filmer3.uat,NBINIA,,,,ManageServiceRequests_V1.17,TRUE,"AJAA-AJ99, CAAA-CA99","orders_module,soma_servicing,paper_upload_menu,statements_menu,tax_documents_menu,trade_confirmations_menu",
ACUME,FN2,LN2,harsha.adusumilli@nbc.ca,EN,firm_client_accounts,fn2.ln2.uat,adha0001,ProxyH,,,ViewOnlyConfidentialProfile_V1.17,TRUE,"AJAA-AJ99, CAAA-CA99",,
ACUME,GoodDataUAT,FUMGoodData1,gooddatauat.fumgooddata1@test.com,EN,firm_client_accounts,gooddatauat.fumgooddata13.uat,NBINIA,,,,ManageServiceRequests_V1.17,TRUE,"AJAA-AJ99, CAAA-CA99","orders_module,soma_servicing,paper_upload_menu,statements_menu,tax_documents_menu,trade_confirmations_menu",
ACUME,GoodDataUAT,FUMGoodData1,gooddatauat.fumgooddata1@test.com,EN,firm_client_accounts,gooddatauat.fumgooddata12.uat,NBINIA,,,,ManageServiceRequests_V1.17,TRUE,"AJAA-AJ99, CAAA-CA99","orders_module,soma_servicing,paper_upload_menu,statements_menu,tax_documents_menu,trade_confirmations_menu",
ACUME,GoodDataUAT,FUMGoodData1,gooddatauat.fumgooddata1@test.com,EN,firm_client_accounts,gooddatauat.fumgooddata1.uat,NBINIA,,,,ManageServiceRequests_V1.17,TRUE,"AJAA-AJ99, CAAA-CA99","orders_module,soma_servicing,paper_upload_menu,statements_menu,tax_documents_menu,trade_confirmations_menu",
ACUME,GoodDataUAT,FUMGoodData1,gooddatauat.fumgooddata1@test.com,EN,firm_client_accounts,gooddatauat.fumgooddata11.uat,NBINIA,,,,ManageServiceRequests_V1.17,TRUE,"AJAA-AJ99, CAAA-CA99","orders_module,soma_servicing,paper_upload_menu,statements_menu,tax_documents_menu,trade_confirmations_menu",
ACUME,GoodDataUAT,FUMGoodData2,gooddatauat.fumgooddata2@test.com,EN,firm_client_accounts,gooddatauat.fumgooddata23.uat,NBINIA,,,,ManageServiceRequests_V1.17,TRUE,"AJAA-AJ99, CAAA-CA99","orders_module,soma_servicing,paper_upload_menu,statements_menu,tax_documents_menu,trade_confirmations_menu",
ACUME,GoodDataUAT,FUMGoodData2,gooddatauat.fumgooddata2@test.com,EN,firm_client_accounts,gooddatauat.fumgooddata22.uat,NBINIA,,,,ManageServiceRequests_V1.17,TRUE,"AJAA-AJ99, CAAA-CA99","orders_module,soma_servicing,paper_upload_menu,statements_menu,tax_documents_menu,trade_confirmations_menu",
ACUME,GoodDataUAT,FUMGoodData2,gooddatauat.fumgooddata2@test.com,EN,firm_client_accounts,gooddatauat.fumgooddata2.uat,NBINIA,,,,ManageServiceRequests_V1.17,TRUE,"AJAA-AJ99, CAAA-CA99","orders_module,soma_servicing,paper_upload_menu,statements_menu,tax_documents_menu,trade_confirmations_menu",
ACUME,GoodDataUAT,FUMGoodData2,gooddatauat.fumgooddata2@test.com,EN,firm_client_accounts,gooddatauat.fumgooddata21.uat,NBINIA,,,,ManageServiceRequests_V1.17,TRUE,"AJAA-AJ99, CAAA-CA99","orders_module,soma_servicing,paper_upload_menu,statements_menu,tax_documents_menu,trade_confirmations_menu",
ACUME,haseeb,foster,haseeb.foster@test.com,EN,firm_client_accounts,haseeb.foster3.uat,NBINIA,,,,ManageServiceRequests_V1.17,TRUE,"AJAA-AJ99, CAAA-CA99","orders_module,soma_servicing,paper_upload_menu,statements_menu,tax_documents_menu,trade_confirmations_menu",
ACUME,haseeb,foster,haseeb.foster@test.com,EN,firm_client_accounts,haseeb.foster1.uat,NBINIA,,,,ManageServiceRequests_V1.17,TRUE,"AJAA-AJ99, CAAA-CA99","orders_module,soma_servicing,paper_upload_menu,statements_menu,tax_documents_menu,trade_confirmations_menu",
ACUME,haseeb,foster,haseeb.foster@test.com,EN,firm_client_accounts,haseeb.foster2.uat,NBINIA,,,,ManageServiceRequests_V1.17,TRUE,"AJAA-AJ99, CAAA-CA99","orders_module,soma_servicing,paper_upload_menu,statements_menu,tax_documents_menu,trade_confirmations_menu",
ACUME,haseeb,foster,haseeb.foster@test.com,EN,firm_client_accounts,haseeb.foster.uat,NBINIA,,,,ManageServiceRequests_V1.17,TRUE,"AJAA-AJ99, CAAA-CA99","orders_module,soma_servicing,paper_upload_menu,statements_menu,tax_documents_menu,trade_confirmations_menu",
ACUME,James_angus,Champolion,tin.test@gmail.com,FR,firm_client_accounts,jamesangus.champolion.uat,NBINIA,,,,ManageServiceRequests_V1.17,TRUE,"AJAA-AJ99, CAAA-CA99","orders_module,soma_servicing,paper_upload_menu,statements_menu,tax_documents_menu,trade_confirmations_menu",
ACUME,(Jamestim),Champolion,tix.test@gmail.com,FR,firm_client_accounts,jamestim.champolion.uat,NBINIA,,,,ManageServiceRequests_V1.17,TRUE,"AJAA-AJ99, CAAA-CA99","orders_module,soma_servicing,paper_upload_menu,statements_menu,tax_documents_menu,trade_confirmations_menu",
ACUME,Josée Anne,Girard,jagirard@harris-bolduc1.com,FR,firm_client_accounts,joseeanne.girard1.uat,NBINIA,,,,ManageServiceRequests_V1.17,TRUE,"AJAA-AJ99, CAAA-CA99","orders_module,soma_servicing,paper_upload_menu,statements_menu,tax_documents_menu,trade_confirmations_menu",
ACUME,Josée Anne,Girard,jagirard@harris-bolduc.com,FR,firm_client_accounts,joseeanne.girard.uat,NBINIA,,,,ManageServiceRequests_V1.17,TRUE,"AJAA-AJ99, CAAA-CA99","orders_module,soma_servicing,paper_upload_menu,statements_menu,tax_documents_menu,trade_confirmations_menu",
ACUME,Josée Anne,Girard,jagirard@harris-bolduc10.com,FR,firm_client_accounts,joseeanne.girard2.uat,NBINIA,,,,ManageServiceRequests_V1.17,TRUE,"AJAA-AJ99, CAAA-CA99","orders_module,soma_servicing,paper_upload_menu,statements_menu,tax_documents_menu,trade_confirmations_menu",
ACUME,jule,may,jule.may@test.com,FR,firm_client_accounts,jule.may.uat,NBINIA,,jule.may,,ManageServiceRequests_V1.17,TRUE,"AJAA-AJ99, CAAA-CA99","orders_module,soma_servicing,paper_upload_menu,statements_menu,tax_documents_menu,trade_confirmations_menu",
ACUME,Léonie,Cunin,leonie.cunin.icpmc_prefo@noemail10.com,FR,firm_client_accounts,leonie.cunin2.uat,NBINIA,,,,ManageServiceRequests_V1.17,TRUE,"AJAA-AJ99, CAAA-CA99","orders_module,soma_servicing,paper_upload_menu,statements_menu,tax_documents_menu,trade_confirmations_menu",
ACUME,Léonie,Cunin,leonie.cunin.icpmc_prefo@noemail.com,FR,firm_client_accounts,leonie.cunin.uat,NBINIA,,,,ManageServiceRequests_V1.17,TRUE,"AJAA-AJ99, CAAA-CA99","orders_module,soma_servicing,paper_upload_menu,statements_menu,tax_documents_menu,trade_confirmations_menu",
ACUME,Léonie,Cunin,leonie.cunin.icpmc_prefo@noemail1.com,FR,firm_client_accounts,leonie.cunin1.uat,NBINIA,,,,ManageServiceRequests_V1.17,TRUE,"AJAA-AJ99, CAAA-CA99","orders_module,soma_servicing,paper_upload_menu,statements_menu,tax_documents_menu,trade_confirmations_menu",
ACUME,Lonna,Bedo,lbedo3@mashable.com,EN,firm_client_accounts,lonna.bedo3.uat,NBINIA,,,,ManageServiceRequests_V1.17,TRUE,"AJAA-AJ99, CAAA-CA99","orders_module,soma_servicing,paper_upload_menu,statements_menu,tax_documents_menu,trade_confirmations_menu",
ACUME,Lonna,Bedo,lbedo3@mashable.com,EN,firm_client_accounts,lonna.bedo.uat,NBINIA,,,,ManageServiceRequests_V1.17,TRUE,"AJAA-AJ99, CAAA-CA99","orders_module,soma_servicing,paper_upload_menu,statements_menu,tax_documents_menu,trade_confirmations_menu",
ACUME,Lonna,Bedo,lbedo3@mashable.com,EN,firm_client_accounts,lonna.bedo1.uat,NBINIA,,,,ManageServiceRequests_V1.17,TRUE,"AJAA-AJ99, CAAA-CA99","orders_module,soma_servicing,paper_upload_menu,statements_menu,tax_documents_menu,trade_confirmations_menu",
ACUME,Lonna,Bedo,lbedo3@mashable.com,EN,firm_client_accounts,lonna.bedo2.uat,NBINIA,,,,ManageServiceRequests_V1.17,TRUE,"AJAA-AJ99, CAAA-CA99","orders_module,soma_servicing,paper_upload_menu,statements_menu,tax_documents_menu,trade_confirmations_menu",
ACUME,Lonna,Bedo,lbedo3@mashable.com,EN,firm_client_accounts,lonna.bedo4.uat,NBINIA,,,,ManageServiceRequests_V1.17,TRUE,"AJAA-AJ99, CAAA-CA99","orders_module,soma_servicing,paper_upload_menu,statements_menu,tax_documents_menu,trade_confirmations_menu",
ACUME,M. André,Champolion,tiz.test@gmail.com,FR,firm_client_accounts,m.andre.champolion.uat,NBINIA,,,,ManageServiceRequests_V1.17,TRUE,"AJAA-AJ99, CAAA-CA99","orders_module,soma_servicing,paper_upload_menu,statements_menu,tax_documents_menu,trade_confirmations_menu",
ACUME,Manon,Piché,mpiche@givernycapital.com,FR,firm_client_accounts,manon.piche.uat,NBINIA,,,,ManageServiceRequests_V1.17,TRUE,"AJAA-AJ99, CAAA-CA99","orders_module,soma_servicing,paper_upload_menu,statements_menu,tax_documents_menu,trade_confirmations_menu",
ACUME,Manon,Piché,mpiche@givernycapital10.com,FR,firm_client_accounts,manon.piche2.uat,NBINIA,,,,ManageServiceRequests_V1.17,TRUE,"AJAA-AJ99, CAAA-CA99","orders_module,soma_servicing,paper_upload_menu,statements_menu,tax_documents_menu,trade_confirmations_menu",
ACUME,Manon,Piché,mpiche@givernycapital1.com,FR,firm_client_accounts,manon.piche1.uat,NBINIA,,,,ManageServiceRequests_V1.17,TRUE,"AJAA-AJ99, CAAA-CA99","orders_module,soma_servicing,paper_upload_menu,statements_menu,tax_documents_menu,trade_confirmations_menu",
ACUME,Marc Émile,Séguin,mseguin@givernycapital10.com,FR,firm_client_accounts,marcemile.seguin2.uat,NBINIA,,,,ManageServiceRequests_V1.17,TRUE,"AJAA-AJ99, CAAA-CA99","orders_module,soma_servicing,paper_upload_menu,statements_menu,tax_documents_menu,trade_confirmations_menu",
ACUME,Marc Émile,Séguin,mseguin@givernycapital1.com,FR,firm_client_accounts,marcemile.seguin1.uat,NBINIA,,,,ManageServiceRequests_V1.17,TRUE,"AJAA-AJ99, CAAA-CA99","orders_module,soma_servicing,paper_upload_menu,statements_menu,tax_documents_menu,trade_confirmations_menu",
ACUME,Marc Émile,Séguin,mseguin@givernycapital.com,FR,firm_client_accounts,marcemile.seguin.uat,NBINIA,,,,ManageServiceRequests_V1.17,TRUE,"AJAA-AJ99, CAAA-CA99","orders_module,soma_servicing,paper_upload_menu,statements_menu,tax_documents_menu,trade_confirmations_menu",
ACUME,Marie-Josée,Ortega,mjortega@triasima10.com,FR,firm_client_accounts,mariejosee.ortega2.uat,NBINIA,,,,ManageServiceRequests_V1.17,TRUE,"AJAA-AJ99, CAAA-CA99","orders_module,soma_servicing,paper_upload_menu,statements_menu,tax_documents_menu,trade_confirmations_menu",
ACUME,Marie-Josée,Ortega,mjortega@triasima.com,FR,firm_client_accounts,mariejosee.ortega.uat,NBINIA,,,,ManageServiceRequests_V1.17,TRUE,"AJAA-AJ99, CAAA-CA99","orders_module,soma_servicing,paper_upload_menu,statements_menu,tax_documents_menu,trade_confirmations_menu",
ACUME,Marie-Josée,Ortega,mjortega@triasima1.com,FR,firm_client_accounts,mariejosee.ortega1.uat,NBINIA,,,,ManageServiceRequests_V1.17,TRUE,"AJAA-AJ99, CAAA-CA99","orders_module,soma_servicing,paper_upload_menu,statements_menu,tax_documents_menu,trade_confirmations_menu",
ACUME,Marjorie,Hébert,marjorie.hebert@rgpinv.com,FR,firm_client_accounts,marjorie.hebert.uat,NBINIA,,,,ManageServiceRequests_V1.17,TRUE,"AJAA-AJ99, CAAA-CA99","orders_module,soma_servicing,paper_upload_menu,statements_menu,tax_documents_menu,trade_confirmations_menu",
ACUME,Marjorie,Hébert,marjorie.hebert10@rgpinv.com,FR,firm_client_accounts,marjorie.hebert2.uat,NBINIA,,,,ManageServiceRequests_V1.17,TRUE,"AJAA-AJ99, CAAA-CA99","orders_module,soma_servicing,paper_upload_menu,statements_menu,tax_documents_menu,trade_confirmations_menu",
ACUME,Marjorie,Hébert,marjorie.hebert1@rgpinv.com,FR,firm_client_accounts,marjorie.hebert1.uat,NBINIA,,,,ManageServiceRequests_V1.17,TRUE,"AJAA-AJ99, CAAA-CA99","orders_module,soma_servicing,paper_upload_menu,statements_menu,tax_documents_menu,trade_confirmations_menu",
ACUME,Mathieu,Poulin-Brière,mpoulinbriere@nymbus10.ca,FR,firm_client_accounts,mathieu.poulinbriere2.uat,NBINIA,,,,ManageServiceRequests_V1.17,TRUE,"AJAA-AJ99, CAAA-CA99","orders_module,soma_servicing,paper_upload_menu,statements_menu,tax_documents_menu,trade_confirmations_menu",
ACUME,Mathieu,Poulin-Brière,mpoulinbriere@nymbus.ca,FR,firm_client_accounts,mathieu.poulinbriere.uat,NBINIA,,,,ManageServiceRequests_V1.17,TRUE,"AJAA-AJ99, CAAA-CA99","orders_module,soma_servicing,paper_upload_menu,statements_menu,tax_documents_menu,trade_confirmations_menu",
ACUME,Mathieu,Poulin-Brière,mpoulinbriere@nymbus1.ca,FR,firm_client_accounts,mathieu.poulinbriere1.uat,NBINIA,,,,ManageServiceRequests_V1.17,TRUE,"AJAA-AJ99, CAAA-CA99","orders_module,soma_servicing,paper_upload_menu,statements_menu,tax_documents_menu,trade_confirmations_menu",
ACUME,Oumarou,Compaoré,oumarou.compaore@mirabaud1.ca,FR,firm_client_accounts,oumarou.compaore1.uat,NBINIA,,,,ManageServiceRequests_V1.17,TRUE,"AJAA-AJ99, CAAA-CA99","orders_module,soma_servicing,paper_upload_menu,statements_menu,tax_documents_menu,trade_confirmations_menu",
ACUME,Oumarou,Compaoré,oumarou.compaore@mirabaud10.ca,FR,firm_client_accounts,oumarou.compaore2.uat,NBINIA,,,,ManageServiceRequests_V1.17,TRUE,"AJAA-AJ99, CAAA-CA99","orders_module,soma_servicing,paper_upload_menu,statements_menu,tax_documents_menu,trade_confirmations_menu",
ACUME,Oumarou,Compaoré,oumarou.compaore@mirabaud.ca,FR,firm_client_accounts,oumarou.compaore.uat,NBINIA,,,,ManageServiceRequests_V1.17,TRUE,"AJAA-AJ99, CAAA-CA99","orders_module,soma_servicing,paper_upload_menu,statements_menu,tax_documents_menu,trade_confirmations_menu",
ACUME,Pascal,Bossé,bossep@cote1001.com,FR,firm_client_accounts,pascal.bosse1.uat,NBINIA,,,,ManageServiceRequests_V1.17,TRUE,"AJAA-AJ99, CAAA-CA99","orders_module,soma_servicing,paper_upload_menu,statements_menu,tax_documents_menu,trade_confirmations_menu",
ACUME,Pascal,Bossé,bossep@cote10010.com,FR,firm_client_accounts,pascal.bosse2.uat,NBINIA,,,,ManageServiceRequests_V1.17,TRUE,"AJAA-AJ99, CAAA-CA99","orders_module,soma_servicing,paper_upload_menu,statements_menu,tax_documents_menu,trade_confirmations_menu",
ACUME,Pascal,Bossé,bossep@cote100.com,FR,firm_client_accounts,pascal.bosse.uat,NBINIA,,,,ManageServiceRequests_V1.17,TRUE,"AJAA-AJ99, CAAA-CA99","orders_module,soma_servicing,paper_upload_menu,statements_menu,tax_documents_menu,trade_confirmations_menu",
ACUME,R2,sync,testr2@nbc.ca,EN,firm_client_accounts,r2.sync.uat,test,ProxyH,,,ViewOnlyConfidentialProfile_V1.17,TRUE,"AJAA-AJ99, CAAA-CA99","paper_upload_menu,statements_menu,tax_documents_menu,trade_confirmations_menu",
ACUME,sdfsfasd,sfdsdfsd,asdasfsdf@gmail.com,EN,firm_client_accounts,sdfsfasd.sfdsdfsd.uat,NBINIA,ProxyH,FUM2024530173944.TEST,,ManageOrders_V1.17,FALSE,,"paper_upload_menu,gic_management_menu,statements_menu,tax_documents_menu,trade_confirmations_menu,mf_orders_upload",
ACUME,suzi,kim,suxi.kim@test.com,EN,firm_client_accounts,jean.smith.uat,NBINIA,,,,ManageServiceRequests_V1.17,FALSE,AJAA-AJ99,"orders_module,soma_servicing,paper_upload_menu,statements_menu,tax_documents_menu,trade_confirmations_menu",
ACUME,test,acumenR2sync,test12@nbc.ca,EN,firm_client_accounts,test.acumenr2sync,1234,ProxyH,,,ViewOnlyConfidentialProfile_V1.17,TRUE,"AJAA-AJ99, CAAA-CA99","paper_upload_menu,statements_menu,tax_documents_menu,trade_confirmations_menu",
ACUME,test,r2sync3,test5@nbc.ca,EN,firm_client_accounts,test.r2sync3.uat,test,ProxyH,,,ViewOnlyConfidentialProfile_V1.17,TRUE,"AJAA-AJ99, CAAA-CA99","paper_upload_menu,statements_menu,tax_documents_menu,trade_confirmations_menu",
ACUME,test,test55,test55f@nbc.ca,EN,firm_client_accounts,test.test55.uat,test,ProxyH,test.test30,,ViewOnlyConfidentialProfile_V1.17,TRUE,"AJAA-AJ99, CAAA-CA99","paper_upload_menu,statements_menu,tax_documents_menu,trade_confirmations_menu",
ACUME,test,test67,test67@nbc.ca,EN,firm_client_accounts,test.test67.uat,test,ProxyH,,,AdminAllButNotTrade_V1.17,FALSE,CAAA-CAAA,"paper_upload_menu,statements_menu,tax_documents_menu,trade_confirmations_menu",
ACUME,test,user3,test.user3@nbc.ca,EN,firm_client_accounts,test.user3.uat,NBINIA,ProxyH,,,AdminServiceRequests_V1.17,TRUE,"AJAA-AJ99, CAAA-CA99","paper_upload_menu,statements_menu,tax_documents_menu,trade_confirmations_menu",
ACUME,test,userthree,testuserthree@nbc.ca,EN,firm_client_accounts,test.userthree.uat,NBINIA,ProxyH,,,AdminServiceRequests_V1.17,TRUE,"AJAA-AJ99, CAAA-CA99","orders_module,paper_upload_menu,statements_menu,tax_documents_menu,trade_confirmations_menu",
ACUME,Test,Acumen,test@acumen.ca,EN,firm_client_accounts,test.acumen,,ProxyH,,,ViewOnlyConfidentialProfile_V1.17,TRUE,"AJAA-AJ99, CAAA-CA99","paper_upload_menu,statements_menu,tax_documents_menu,trade_confirmations_menu",
ACUME,test1,acumen,test33@nbc.com,EN,firm_client_accounts,test1.acumen,1234,ProxyH,,,ViewOnlyConfidentialProfile_V1.17,TRUE,"AJAA-AJ99, CAAA-CA99","paper_upload_menu,statements_menu,tax_documents_menu,trade_confirmations_menu",
ACUME,test33,acumen,test333@nbc.ca,EN,firm_client_accounts,test33.acumen,1234,ProxyH,,,ViewOnlyConfidentialProfile_V1.17,TRUE,"AJAA-AJ99, CAAA-CA99","paper_upload_menu,statements_menu,tax_documents_menu,trade_confirmations_menu",
ACUME,test4,test4,test12345u@nbc.ca,EN,firm_client_accounts,test4.test43,1234,ProxyH,,,ViewOnlyConfidentialProfile_V1.17,TRUE,"AJAA-AJ99, CAAA-CA99","paper_upload_menu,statements_menu,tax_documents_menu,trade_confirmations_menu",
ACUME,test4,test4,test123455@nbc.ca,EN,firm_client_accounts,test4.test4,1234,ProxyH,,,ViewOnlyConfidentialProfile_V1.17,TRUE,"AJAA-AJ99, CAAA-CA99","paper_upload_menu,statements_menu,tax_documents_menu,trade_confirmations_menu",
ACUME,test4,test4,test123456g@nbc.ca,EN,firm_client_accounts,test4.test42,1234,ProxyH,,,ViewOnlyConfidentialProfile_V1.17,TRUE,"AJAA-AJ99, CAAA-CA99","paper_upload_menu,statements_menu,tax_documents_menu,trade_confirmations_menu",
ACUME,test44,acumen,test123456@nbc.ca,EN,firm_client_accounts,test44.acumen,1234,ProxyH,,,ViewOnlyConfidentialProfile_V1.17,TRUE,"AJAA-AJ99, CAAA-CA99","paper_upload_menu,statements_menu,tax_documents_menu,trade_confirmations_menu",
ACUME,test5,acumen,test12345t@nbc.ca,EN,firm_client_accounts,test5.acumen,1234,ProxyH,,,ViewOnlyConfidentialProfile_V1.17,TRUE,"AJAA-AJ99, CAAA-CA99","paper_upload_menu,statements_menu,tax_documents_menu,trade_confirmations_menu",
ACUME,Testing,FUm451668,bulk.upload4dsfasdsad@gmail.com,EN,firm_client_accounts,testing.fum451668.uat,,,,,AdminAll_V1.17,TRUE,"AJAA-AJ99, CAAA-CA99","paper_upload_menu,gic_management_menu,statements_menu,tax_documents_menu,trade_confirmations_menu,mf_orders_upload",
ACUME,Testing,FUm451668,bulk.upload4@gmail.com,EN,firm_client_accounts,testing.fum4516681.uat,,,,,ManageAccountsAndProfiles_V1.17,TRUE,"AJAA-AJ99, CAAA-CA99","paper_upload_menu,statements_menu,tax_documents_menu,trade_confirmations_menu",
ACUME,testw,test,ankitkumar.patel@nbc.ca,EN,firm_client_accounts,testw.test.uat,,,,,Legacy-AdminAll,TRUE,"AJAA-AJ99, CAAA-CA99",,
ACUME,Tim3,Hor3,tim3.hor3@test.com,EN,firm_client_accounts,CXtestsx2.uat2.uat,NBINIA,,CXtestsx2.uat2,,ManageServiceRequests_V1.17,TRUE,"AJAA-AJ99, CAAA-CA99","orders_module,soma_servicing,paper_upload_menu,statements_menu,tax_documents_menu,trade_confirmations_menu",
ACUME,Tim4,Hor4,tim4.hor4@test.com,FR,firm_client_accounts,tim4.hor4.uat,NBINIA,,,,ManageServiceRequests_V1.17,TRUE,"AJAA-AJ99, CAAA-CA99","orders_module,soma_servicing,paper_upload_menu,statements_menu,tax_documents_menu,trade_confirmations_menu",
ACUME,traderuat,acumen,traderuat12@nbc.ca,EN,firm_client_accounts,traderuat.acumen,1234,ProxyH,,,ViewOnlyConfidentialProfile_V1.17,TRUE,"AJAA-AJ99, CAAA-CA99","paper_upload_menu,statements_menu,tax_documents_menu,trade_confirmations_menu",
ACUME,uat.jul21,2023,uat.jul21@nbc.ca,EN,firm_client_accounts,uat.jul21.2023,uat.jul21,ProxyH,,,ViewOnlyConfidentialProfile_V1.17,TRUE,"AJAA-AJ99, CAAA-CA99","paper_upload_menu,statements_menu,tax_documents_menu,trade_confirmations_menu",
ACUME,ug,test2,ug.test2@nbc.ca,EN,firm_client_accounts,ug.test2.uat,ug.test2,ProxyH,,,ViewOnlyConfidentialProfile_V1.17,TRUE,"AJAA-AJ99, CAAA-CA99","paper_upload_menu,statements_menu,tax_documents_menu,trade_confirmations_menu",
ACUME,Véronique,Matte,veronique.matte@globevestcapital1.com,FR,firm_client_accounts,veronique.matte1.uat,NBINIA,,,,ManageServiceRequests_V1.17,TRUE,"AJAA-AJ99, CAAA-CA99","orders_module,soma_servicing,paper_upload_menu,statements_menu,tax_documents_menu,trade_confirmations_menu",
ACUME,Véronique,Matte,veronique.matte@globevestcapital.com,FR,firm_client_accounts,veronique.matte.uat,NBINIA,,,,ManageServiceRequests_V1.17,TRUE,"AJAA-AJ99, CAAA-CA99","orders_module,soma_servicing,paper_upload_menu,statements_menu,tax_documents_menu,trade_confirmations_menu",
ACUME,Véronique,Matte,veronique.matte@globevestcapital10.com,FR,firm_client_accounts,veronique.matte2.uat,NBINIA,,,,ManageServiceRequests_V1.17,TRUE,"AJAA-AJ99, CAAA-CA99","orders_module,soma_servicing,paper_upload_menu,statements_menu,tax_documents_menu,trade_confirmations_menu",
ACUME,William,Guité,william.guite@harris-bolduc1.com,FR,firm_client_accounts,william.guite1.uat,NBINIA,,,,ManageServiceRequests_V1.17,TRUE,"AJAA-AJ99, CAAA-CA99","orders_module,soma_servicing,paper_upload_menu,statements_menu,tax_documents_menu,trade_confirmations_menu",
ACUME,William,Guité,william.guite@harris-bolduc.com,FR,firm_client_accounts,william.guite.uat,NBINIA,,,,ManageServiceRequests_V1.17,TRUE,"AJAA-AJ99, CAAA-CA99","orders_module,soma_servicing,paper_upload_menu,statements_menu,tax_documents_menu,trade_confirmations_menu",
ACUME,William,Guité,william.guite@harris-bolduc10.com,FR,firm_client_accounts,william.guite2.uat,NBINIA,,,,ManageServiceRequests_V1.17,TRUE,"AJAA-AJ99, CAAA-CA99","orders_module,soma_servicing,paper_upload_menu,statements_menu,tax_documents_menu,trade_confirmations_menu",
ACUME,Zak,Wauchope,zwauchope1@ning.com,EN,firm_client_accounts,zak.wauchope4.uat,NBINIA,,,,ManageServiceRequests_V1.17,TRUE,"AJAA-AJ99, CAAA-CA99","orders_module,soma_servicing,paper_upload_menu,statements_menu,tax_documents_menu,trade_confirmations_menu",
ACUME,Zak,Wauchope,zwauchope1@ning.com,EN,firm_client_accounts,zak.wauchope2.uat,NBINIA,,,,ManageServiceRequests_V1.17,TRUE,"AJAA-AJ99, CAAA-CA99","orders_module,soma_servicing,paper_upload_menu,statements_menu,tax_documents_menu,trade_confirmations_menu",
ACUME,Zak,Wauchope,zwauchope1@ning.com,EN,firm_client_accounts,zak.wauchope3.uat,NBINIA,,,,ManageServiceRequests_V1.17,TRUE,"AJAA-AJ99, CAAA-CA99","orders_module,soma_servicing,paper_upload_menu,statements_menu,tax_documents_menu,trade_confirmations_menu",
ACUME,Zak,Wauchope,zwauchope1@ning.com,EN,firm_client_accounts,zak.wauchope1.uat,NBINIA,,,,ManageServiceRequests_V1.17,TRUE,"AJAA-AJ99, CAAA-CA99","orders_module,soma_servicing,paper_upload_menu,statements_menu,tax_documents_menu,trade_confirmations_menu",
ACUME,Zak,Wauchope,zwauchope1@ning.com,EN,firm_client_accounts,zak.wauchope.uat,NBINIA,,,,ManageServiceRequests_V1.17,TRUE,"AJAA-AJ99, CAAA-CA99","orders_module,soma_servicing,paper_upload_menu,statements_menu,tax_documents_menu,trade_confirmations_menu",
AIMI,Jane,Doe,benjamin.lovegrove@nbc.ca,EN,firm_client_accounts,jane.doe2.uat,,21355436,,,ViewOnlyNonConfidentialProfile,FALSE,E9AA-E999,"orders_module,soma_servicing,questionnaire_applications,firm_client_accounts,compass_r2",
AIMI,Katrina,UATAIMI,katrina.astrologo@nbc.ca,EN,firm_client_accounts,katrina.uataimi.uat,,,Katrina.UATAIMI,,ManageServiceRequests_V1.17,FALSE,,,
ALIGN,Align,Uat1,align.uat1@nbc.ca,EN,firm_client_accounts,align.uat1,align.ut1,ProxyH,UAT.ColliersTest4,,Legacy-ConfigurePlatform,TRUE,NTAA-NT99,,
ALIGN,atesh,test2,atesh.test2@align.ca,FR,firm_client_accounts,atesh.test21.uat,,null,usergroup.test3,,ViewOnlyConfidentialProfile_V1.17,TRUE,NTAA-NT99,"paper_upload_menu,statements_menu,tax_documents_menu,trade_confirmations_menu",
ALIGN,Atesh,TheDude,ateshduderino@nbc.ca,EN,firm_client_accounts,atesh.thedude.uat,,null,TestFum14930.QA14930,,ManageFirmAndUser_V1.17,TRUE,NTAA-NT99,"paper_upload_menu,feature_menu,statements_menu,tax_documents_menu,trade_confirmations_menu",
ALIGN,atesh123,test,atesh.test@align.ca,FR,firm_client_accounts,atesh.test2.uat,,ProxyH,usergroup.test2,,ViewOnlyConfidentialProfile_V1.17,TRUE,NTAA-NT99,"paper_upload_menu,statements_menu,tax_documents_menu,trade_confirmations_menu",
ALIGN,Bulk,TestingUser1004,bulktestinguser1004@gmail.com,EN,firm_client_accounts,TestFum13827.QA13827.uat,SZ1,,TestFum13827.QA13827,,ManageFirmAndUser_V1.17,FALSE,NTAA-NTAA,"orders_module,paper_upload_menu,feature_menu,statements_menu,tax_documents_menu,trade_confirmations_menu",
ALIGN,Bulk,TestingUser1009,bulktestinguser1009@gmail.com,EN,firm_client_accounts,TestFum36620.QA36620.uat,SZ1,,TestFum36620.QA36620,,ManageFirmAndUser_V1.17,FALSE,NTAA-NTAA,"orders_module,paper_upload_menu,feature_menu,statements_menu,tax_documents_menu,trade_confirmations_menu",
ALIGN,Bulk,TestingUser1014,bulktestinguser1014@gmail.com,EN,firm_client_accounts,TestFum27725.QA27725.uat,SZ1,,TestFum27725.QA27725,,ManageFirmAndUser_V1.17,FALSE,NTAA-NTAA,"orders_module,paper_upload_menu,feature_menu,statements_menu,tax_documents_menu,trade_confirmations_menu",
ALIGN,Bulk,TestingUser1019,bulktestinguser1019@gmail.com,EN,firm_client_accounts,TestFum35176.QA35176.uat,SZ1,,TestFum35176.QA35176,,ManageFirmAndUser_V1.17,FALSE,NTAA-NTAA,"orders_module,paper_upload_menu,feature_menu,statements_menu,tax_documents_menu,trade_confirmations_menu",
ALIGN,Bulk,TestingUser1024,bulktestinguser1024@gmail.com,EN,firm_client_accounts,TestFum90417.QA90417.uat,SZ1,,TestFum90417.QA90417,,ManageFirmAndUser_V1.17,FALSE,NTAA-NTAA,"orders_module,paper_upload_menu,feature_menu,statements_menu,tax_documents_menu,trade_confirmations_menu",
ALIGN,Bulk,TestingUser1029,bulktestinguser1029@gmail.com,EN,firm_client_accounts,TestFum50123.QA50123.uat,SZ1,,TestFum50123.QA50123,,ManageFirmAndUser_V1.17,FALSE,NTAA-NTAA,"orders_module,paper_upload_menu,feature_menu,statements_menu,tax_documents_menu,trade_confirmations_menu",
ALIGN,Bulk,TestingUser1034,bulktestinguser1034@gmail.com,EN,firm_client_accounts,TestFum35821.QA35821.uat,SZ1,,TestFum35821.QA35821,,ManageFirmAndUser_V1.17,FALSE,NTAA-NTAA,"orders_module,paper_upload_menu,feature_menu,statements_menu,tax_documents_menu,trade_confirmations_menu",
ALIGN,Bulk,TestingUser1039,bulktestinguser1039@gmail.com,EN,firm_client_accounts,TestFum17922.QA17922.uat,SZ1,,TestFum17922.QA17922,,ManageFirmAndUser_V1.17,FALSE,NTAA-NTAA,"orders_module,paper_upload_menu,feature_menu,statements_menu,tax_documents_menu,trade_confirmations_menu",
ALIGN,Bulk,TestingUser1044,bulktestinguser1044@gmail.com,EN,firm_client_accounts,TestFum90238.QA90238.uat,SZ1,,TestFum90238.QA90238,,ManageFirmAndUser_V1.17,FALSE,NTAA-NTAA,"orders_module,paper_upload_menu,feature_menu,statements_menu,tax_documents_menu,trade_confirmations_menu",
ALIGN,Bulk,TestingUser1049,bulktestinguser1049@gmail.com,EN,firm_client_accounts,TestFum57206.QA57206.uat,SZ1,,TestFum57206.QA57206,,ManageFirmAndUser_V1.17,FALSE,NTAA-NTAA,"orders_module,paper_upload_menu,feature_menu,statements_menu,tax_documents_menu,trade_confirmations_menu",
ALIGN,Candi,align,candi.align@align.ca,FR,firm_client_accounts,candi.align,,ProxyG,test.align0317,,AdminAllButNotTrade_V1.17,FALSE,"NTAA-NTAB, NTDD-NTDD, NTDD-NTDF, NTFF-NTFF, NTFG-NTFG, NTFK-NTFK","paper_upload_menu,statements_menu,tax_documents_menu,trade_confirmations_menu",
ALIGN,disabledR2,aligned,advisorr2@nbc.ca,EN,firm_client_accounts,disabledr2.aligned,,ProxyH,,,ViewOnlyConfidentialProfile_V1.17,TRUE,NTAA-NT99,"paper_upload_menu,statements_menu,tax_documents_menu,trade_confirmations_menu",
ALIGN,fn4,ln4,harsha.adusumilli@nbc.ca,EN,firm_client_accounts,fn4.ln4.uat,adha0001,ProxyH,,,ManageAll_V1.17,TRUE,NTAA-NT99,"statements_menu,tax_documents_menu,trade_confirmations_menu,mf_orders_upload",
ALIGN,test,aligned,abc@abc.com,EN,firm_client_accounts,test.aligned1,1234,ProxyH,,,ViewOnlyConfidentialProfile_V1.17,TRUE,NTAA-NT99,"paper_upload_menu,statements_menu,tax_documents_menu,trade_confirmations_menu",
ALIGN,test,aligned2,xyz@nbc.ca,EN,firm_client_accounts,test.aligned2,1234,ProxyH,,,ViewOnlyConfidentialProfile_V1.17,TRUE,NTAA-NT99,"paper_upload_menu,statements_menu,tax_documents_menu,trade_confirmations_menu",
ALIGN,test,aligned22,test22@nbc.ca,EN,firm_client_accounts,test.aligned22,1234,ProxyH,test.aug27,,ViewOnlyConfidentialProfile_V1.17,TRUE,NTAA-NT99,"paper_upload_menu,statements_menu,tax_documents_menu,trade_confirmations_menu",
ALIGN,test,aligned9,nbc1@nbc.ca,EN,firm_client_accounts,test.aligned9,1234,ProxyH,,,ViewOnlyConfidentialProfile_V1.17,TRUE,NTAA-NT99,"paper_upload_menu,statements_menu,tax_documents_menu,trade_confirmations_menu",
ALIGN,test,aligneduat,nbc@nbc.ca,EN,firm_client_accounts,test.aligneduat,123,ProxyH,test.align,,ViewOnlyConfidentialProfile_V1.17,TRUE,NTAA-NT99,"paper_upload_menu,statements_menu,tax_documents_menu,trade_confirmations_menu",
ALIGN,test,r2uat,test45@nbc.ca,EN,firm_client_accounts,test.r2uat,1234,ProxyX,,,ViewOnlyConfidentialProfile_V1.17,TRUE,NTAA-NT99,"paper_upload_menu,statements_menu,tax_documents_menu,trade_confirmations_menu",
ALIGN,test1,r2uat,test123454@nbc.ca,EN,firm_client_accounts,test1.r2uat,12345,ProxyH,,,ViewOnlyConfidentialProfile_V1.17,TRUE,NTAA-NT99,"paper_upload_menu,statements_menu,tax_documents_menu,trade_confirmations_menu",
ALIGN,test34,test34,test@nbc.ca,EN,firm_client_accounts,test34.test34.uat,test,ProxyH,CXR2sync36.uat,,ViewOnlyConfidentialProfile_V1.17,TRUE,NTAA-NT99,"paper_upload_menu,statements_menu,tax_documents_menu,trade_confirmations_menu",
ALIGN,testfn022124,testln022124,testfn022124@nbc.ca,EN,firm_client_accounts,testfn022124.testln022124.uat,NBINIA,ProxyH,jim.joe1,,ViewOnlyConfidentialProfile_V1.17,TRUE,NTAA-NT99,"paper_upload_menu,statements_menu,tax_documents_menu,trade_confirmations_menu",
ALIGN,traderuat,aligned,traderuat@nbc.ca,EN,firm_client_accounts,traderuat.aligned,1234,ProxyH,,,ViewOnlyConfidentialProfile_V1.17,TRUE,NTAA-NT99,"paper_upload_menu,statements_menu,tax_documents_menu,trade_confirmations_menu",
ARCAD,esther,test,esther.test@bnc.ca,EN,firm_client_accounts,esther.test.uat,,ProxyH,FUM2024613182949.TEST,,ManageAll_UAT_1.15,TRUE,NULL-NULL,,
BARLO,Amanda,O'Reilly,ao@bthtactical.ca,EN,firm_client_accounts,amanda.oreilly.uat,OREILAMA,,amanda.oreilly,,ManageServiceRequests_V1.17,FALSE,"DQ00-DQ00, DQBH-DQBH, DQBT-DQBT, DQEX-DQEX, DQPB-DQPB","orders_module,questionnaire_applications,paper_upload_menu,statements_menu,tax_documents_menu,trade_confirmations_menu",
BARLO,David,Pepall,dp@aventine.ca,EN,firm_client_accounts,david.pepall.uat,PEPALDAV,,,,ManageServiceRequests_V1.17,FALSE,"DQAA-DQAA, DQBH-DQBH, DQBT-DQBT, DQJP-DQJP, DQJQ-DQJQ, DQJS-DQJS, DQJT-DQJT, DQMA-DQMA, DQMU-DQMU, DQPB-DQPB, DQZD-DQZD","compass_r2,firm_client_accounts,infinite_applications,orders_module,questionnaire_applications,form_applications,paper_upload_menu,statements_menu,tax_documents_menu,trade_confirmations_menu",
BARLO,James,Telfser,james.telfser.barlo@noemail.com,FR,firm_client_accounts,james.telfser.uat,TELFSJAM,,,,ManageServiceRequests_V1.17,FALSE,"DQ00-DQ00, DQDA-DQDA, DQDB-DQDB, DQJP-DQJP, DQJQ-DQJQ, DQJS-DQJS, DQJT-DQJT, DQMA-DQMA, DQMU-DQMU, DQPB-DQPB, DQZD-DQZD","compass_r2,firm_client_accounts,infinite_applications,orders_module,questionnaire_applications,form_applications,paper_upload_menu,statements_menu,tax_documents_menu,trade_confirmations_menu",
BEACN,beaconuser,user1,beacon.user1@nbc.ca,EN,firm_client_accounts,beacon.user1.uat,NBINIA,ProxyH,,,ViewOnlyNonConfidentialProfile,TRUE,H6AA-H699,,
BROOK,brook,user1,brook.user1@nbc.ca,EN,compass_r2,brook.user1.uat,NBINIa,ProxyH,,,ManageAll_V1.17,FALSE,BWAA-BW99,"paper_upload_menu,gic_management_menu,statements_menu,tax_documents_menu,trade_confirmations_menu,mf_orders_upload",
CGOV,Alex,test,test@nbc.ca,EN,compass_r2,alex.test1.uat,,,pm.testuser,,ManageFirmAndUser_V1.17,TRUE,CGAA-CG99,feature_menu,
CGOV,Candi,CGOV,candi.cgov@11fieracapital.ca,FR,firm_client_accounts,candi.cgov,SOC,ProxyH,,,ViewOnlyConfidentialProfile_V1.17,TRUE,CGAA-CG99,"paper_upload_menu,statements_menu,tax_documents_menu,trade_confirmations_menu",
CGOV,cgov,firmadvisor,cgov.firmadvisor@gmail.com,EN,firm_client_accounts,cgov.firmadvisor,JONESMA,ProxyH,,,ViewOnlyConfidentialProfile_V1.17,TRUE,CGAA-CG99,"paper_upload_menu,statements_menu,tax_documents_menu,trade_confirmations_menu",
CGOV,cgov,firmtrader,cgov.firmtrader@gmail.com,EN,firm_client_accounts,cgov.firmtrader,JONESMA,ProxyH,,,ViewOnlyConfidentialProfile_V1.17,TRUE,CGAA-CG99,"paper_upload_menu,statements_menu,tax_documents_menu,trade_confirmations_menu",
CGOV,cgov,viewonly,cgov.firmassistant@gmail.com,EN,compass_r2,cgov.firmassistant,JONESMA,ProxyH,Testing21409.uat,,ViewOnlyConfidentialProfile_V1.17,TRUE,CGAA-CG99,"statements_menu,tax_documents_menu,trade_confirmations_menu",
CGOV,Cgov,NestAdvisor,cgovnestadvisor@gmail.com,EN,firm_client_accounts,cgov.nestadvisor.uat,JONESMA,ProxyH,Cgov.NestAdvisor,,ManageAccountsAndProfiles_V1.17,TRUE,CGAA-CG99,"paper_upload_menu,statements_menu,tax_documents_menu,trade_confirmations_menu",
CGOV,Cgov,NestAssistant,cgovnestassistant@gmail.com,EN,firm_client_accounts,cgov.nestassistant.uat,JONESMA,ProxyH,Cgov.NestAssistant,,ManageAccountsAndProfiles_V1.17,FALSE,CGAA-CG99,"compass_r2,firm_client_accounts,orders_module,soma_servicing,infinite_applications,paper_upload_menu,statements_menu,tax_documents_menu,trade_confirmations_menu",
CGOV,Cgov,NestBM,cgovnestbm@gmail.com,EN,firm_client_accounts,cgov.nestbm.uat,JONESMA,ProxyH,Cgov.NestBM,,AdminAccountsAndProfiles_V1.17,FALSE,CGAA-CG99,"compass_r2,firm_client_accounts,orders_module,soma_servicing,infinite_applications,paper_upload_menu,statements_menu,tax_documents_menu,trade_confirmations_menu",
CGOV,Cgov,NestCPMC,cgovnestcpmc@gmail.com,EN,firm_client_accounts,cgov.nestcpmc.uat,JONESMA,ProxyH,Cgov.NestCPMC,,ProcessAccounts_V1.17,FALSE,CGAA-CG99,"compass_r2,firm_client_accounts,orders_module,soma_servicing,infinite_applications,paper_upload_menu,statements_menu,tax_documents_menu,trade_confirmations_menu",
CGOV,CGOVTest,Advisor,pranavi.damaraju@nbc.ca,EN,firm_client_accounts,cgovtest.advisor,,ProxyH,accesscontrol89.uat,,ManageAccountsAndProfiles_V1.17,TRUE,CGAA-CG99,"statements_menu,tax_documents_menu,trade_confirmations_menu",
CGOV,CGOVTest,Assistant,pranavi.damaraju@nbc.ca,EN,firm_client_accounts,cgovtest.assistant,,ProxyH,cgove.testuser,,ManageAccountsAndProfiles_V1.17,TRUE,CGAA-CG99,"paper_upload_menu,statements_menu,tax_documents_menu,trade_confirmations_menu",
CGOV,CGOVTest,BM,cgovtestbm@bnc.ca,EN,firm_client_accounts,cgovtest.bm,,ProxyH,accesscontrol90.uat,,AdminAccountsAndProfiles_V1.17,TRUE,CGAA-CG99,"statements_menu,tax_documents_menu,trade_confirmations_menu",
CGOV,CGOVTest,CPMC,cgovtestcpmc@bnc.ca,EN,firm_client_accounts,cgovtest.cpmc,,ProxyH,accesscontrol87.uat,,ProcessAccounts_V1.17,TRUE,CGAA-CG99,"paper_upload_menu,statements_menu,tax_documents_menu,trade_confirmations_menu",
CGOV,CGOVTest,Processor,cgovtestprocessor@bnc.ca,EN,compass_r2,cgovtest.processor.uat,NBINIA,ProxyH,test.accesscontrol6,,ProcessAccounts_V1.17,TRUE,CGAA-CG99,"statements_menu,tax_documents_menu,trade_confirmations_menu",
CGOV,compliance,devthakur,devthakur@nestwealth.com,EN,firm_client_accounts,compliance.devthakur,aaaa,ProxyH,,,ViewOnlyConfidentialProfile_V1.17,TRUE,CGAA-CG99,"paper_upload_menu,statements_menu,tax_documents_menu,trade_confirmations_menu",
CGOV,Evert,K,evert.krokker@nbc.ca,EN,firm_client_accounts,evert.k1.uat,,ProxyH,,,ManageAccountsAndProfiles_V1.17,TRUE,CGAA-CG99,"statements_menu,tax_documents_menu,trade_confirmations_menu",
CGOV,Fiera,testFirm,aaron.yorulmaz@nbc.ca,EN,firm_client_accounts,fiera.testfirm.uat,,,,,ManageFirmAndUser_V1.17,TRUE,CGAA-CG99,,
CGOV,fierre,Test,alexandre.koc@nbc.ca,EN,firm_client_accounts,fierre.test.uat,,,CGOV.PM,,ManageServiceRequests_V1.17,TRUE,CGAA-CG99,"paper_upload_menu,statements_menu,tax_documents_menu,trade_confirmations_menu",
CGOV,HM,MO,hamid1366@nbc.ca,EN,compass_r2,hm.mo.uat,,,test.accesscontrol4,,AdminOrders_V1.17,TRUE,CGAA-CG99,"gic_management_menu,statements_menu,tax_documents_menu,trade_confirmations_menu,mf_orders_upload",
CGOV,Priyanka,Testadvisor,pranavi.damaraju@nbc.ca,EN,firm_client_accounts,priyanka.testadvisor1.uat,JONSEMA,ProxyH,Priyanks.Advisortest,,ManageAccountsAndProfiles_V1.17,TRUE,CGAA-CG99,"statements_menu,tax_documents_menu,trade_confirmations_menu",
CGOV,Priyanka,TestAdvisor,pranavi.damaraju@nbc.ca,EN,firm_client_accounts,priyanka.testadvisor.uat,JONSEMA,ProxyH,Priyanka.testadvisor,,ManageAccountsAndProfiles_V1.17,TRUE,CGAA-CG99,"statements_menu,tax_documents_menu,trade_confirmations_menu",
CGOV,qbo,user,persis.newton@nbc.ca,EN,firm_client_accounts,qbo.user.preprod,,proxyH,,,ManageAccountsAndProfiles_V1.17,TRUE,CGAA-CG99,"orders_module,statements_menu,tax_documents_menu,trade_confirmations_menu",
CGOV,test,nest,test56@mnc.ca,EN,firm_client_accounts,test.nest.uat,,ProxyH,capestone.user,,ManageAccountsAndProfiles_V1.17,TRUE,CGAA-CG99,"paper_upload_menu,statements_menu,tax_documents_menu,trade_confirmations_menu",
CGOV,UATCGOV,CGOV,maisha.wahab@nbc.ca,EN,firm_client_accounts,uatcgov.cgov.uat,WAHABMA,,OBTest.Fiera,,ManageFirmAndUser_V1.17,TRUE,CGAA-CG99,"statements_menu,tax_documents_menu,trade_confirmations_menu",
COR,Abdelaziz,Methqal,dwh_aziz.methqal@nbc.ca,EN,firm_client_accounts,META006,,,,,,,,,
COR,Abdelmadjid,Belhaddad,dwh_abdelmadjid.belhaddad@bnc.ca,EN,firm_client_accounts,BELA031,,,,,,,,,
COR,Abel,Romo,dwh_abel.romo@bnc.ca,EN,firm_client_accounts,ROMA002,,,,,,,,,
COR,Ace,Wu,dwh_ace.wu@nbc.ca,EN,firm_client_accounts,h413xau,,,,,,,,,
COR,Adam,Driscoll,dwh_adam.driscoll@nbc.ca,EN,firm_client_accounts,DRIA003,,,,,,,,,
COR,Adam,Rick,dwh_adam.rick@nbc.ca,EN,firm_client_accounts,RICA005,,,,,,,,,
COR,Adele,Ramcharan,dwh_adele.ramcharan@nbc.ca,EN,firm_client_accounts,RAMA002,,,,,,,,,
COR,Aditya,Mandani,dwh_aditya.mandani@nbc.ca,EN,firm_client_accounts,MANA020,,,,,,,,,
COR,admin,orders123,kamali.arunamanivannan@nbc.ca,EN,firm_client_accounts,admin.orders123.uat,NBINIA,ProxyH,,,AdminOrders_V1.17,FALSE,CN04-CN04,mf_orders_upload,"mf_product,equity_product"
COR,adminorders,andtradesupdate123,kamali.arunamanivannan@nbc.ca,EN,firm_client_accounts,adminorders.andtradesupdate123.uat,NBINIA,,,,AdminOrdersAndTrades,TRUE,"CN04-CN04, CN08-CN08, CN09-CN09, CN17-CN17, CN23-CN23, CNAA-CN99, CNLE-CNLE, CWAA-CW99, M2AA-M299","orders_module,form_applications",
COR,adminorders123,andtradesupdate,kamali.arunamanivannan@nbc.ca,EN,firm_client_accounts,adminorders123.andtradesupdate.uat,NBINIA,,,,AdminOrdersAndTrades,TRUE,"CN04-CN04, CN08-CN08, CN09-CN09, CN17-CN17, CN23-CN23, CNAA-CN99, CNLE-CNLE, CWAA-CW99, M2AA-M299","orders_module,form_applications",
COR,Adrian,Patratanu,dwh_adrian.patratanu@bnc.ca,EN,firm_client_accounts,PATA003,,,,,,,,,
COR,Ahmed,Siddiqui,dwh_ahmed.siddiqui@bnc.ca,EN,firm_client_accounts,SIDA001,,,,,,,,,
COR,Akash,Thakkar,dwh_akash.thakkar@nbc.ca,EN,firm_client_accounts,THAA007,,,,,,,,,
COR,Akira,Neckles,dwh_akira.neckles@nbc.ca,EN,firm_client_accounts,NECA002,,,,,,,,,
COR,Akshay,Ghatge,dwh_akshay.ghatge@nbc.ca,EN,firm_client_accounts,GHAA005,,,,,,,,,
COR,Albert,Silva,dwh_albert.silva@nbc.ca,EN,firm_client_accounts,SILA005,,,,,,,,,
COR,Alex,Chiasson,dwh_alex.chiasson@bnc.ca,EN,firm_client_accounts,CHIA017,,,,,,,,,
COR,Alex,Graham,dwh_alexander.graham@nbc.ca,EN,firm_client_accounts,GRAA027,,,,,,,,,
COR,Alex,Kochlan,alexandre.kochlan@nbc.ca,EN,firm_client_accounts,alex.kochlan.uat,,ProxyH,,,ManageFirmAndUser_V1.17,TRUE,"CN04-CN04, CN08-CN08, CN09-CN09, CN17-CN17, CN23-CN23, CNAA-CN99, CNLE-CNLE, CWAA-CW99, M2AA-M299","feature_menu,statements_menu,tax_documents_menu,trade_confirmations_menu",
COR,Alexandra,Bernards,alexandra.bernards@nbc.ca,EN,firm_client_accounts,alexandra.bernards.uat,,,,,ManageAll_V1.17,TRUE,"CN04-CN04, CN08-CN08, CN09-CN09, CN17-CN17, CN23-CN23, CNAA-CN99, CNLE-CNLE, CWAA-CW99, M2AA-M299",mf_orders_upload,"mf_product,equity_product"
COR,Alexandre,Delwar,dwh_alexandre.delwar@nbc.ca,EN,firm_client_accounts,DELA004,,,,,,,,,
COR,Alexandre,Pereira,alexandre.pereira@nbc.ca,EN,firm_client_accounts,alexandre.pereira.uat,,COMPXTR,Alexandre.Pereira,,ManageAll_V1.17,FALSE,CNTA-CNTA,"orders_module,orders_upload,questionnaire_applications,form_applications,paper_upload_menu,gic_management_menu,statements_menu,tax_documents_menu,trade_confirmations_menu,mf_orders_upload",
COR,Ali,Azizi,ali.azizi@nbc.ca,EN,firm_client_accounts,ali.azizi1.uat,,,Ali.Azizi,,AdminAll_V1.17,FALSE,CNTA-CNTA,questionnaire_applications,"approve_option_applications,view_system_events,mf_product,equity_product,options_product"
COR,Ali,Bhatti,dwh_ali.bhatti@nbc.ca,EN,firm_client_accounts,BHAA012,,,,,,,,,
COR,Alice,Gee,dwh_alice.gee@nbc.ca,EN,firm_client_accounts,GEEA001,,,,,,,,,
COR,Alice,Johnson,dwh_alice.johnson@bnc.ca,EN,firm_client_accounts,JOHA009,,,,,,,,,
COR,Aman,Gill,dwh_aman.gill@nbc.ca,EN,firm_client_accounts,GILA009,,,,,,,,,
COR,Amit,Sarda,dwh_amit.sarda@nbc.ca,EN,firm_client_accounts,SARA002,,,,,,,,,
COR,Ana Paula,Filipe,dwh_anapaula.filipe@nbc.ca,EN,firm_client_accounts,FILA003,,,,,,,,,
COR,Andrei,Gourianov,dwh_andrei.gourianov@nbc.ca,EN,firm_client_accounts,GOUA011,,,,,,,,,
COR,Andrew,Halsall,dwh_andrew.halsall@nbc.ca,EN,firm_client_accounts,HALA009,,,,,,,,,
COR,Angelo,Moshonas,dwh_angelo.moshonas@nbc.ca,EN,firm_client_accounts,MOSA001,,,,,,,,,
COR,Anhelina,Halkina,dwh_anhelina.halkina@nbc.ca,EN,firm_client_accounts,HALA001,,,,,,,,,
COR,Anish,Ahluwalia,dwh_anish.ahluwalia@nbc.ca,EN,firm_client_accounts,AHLA001,,,,,,,,,
COR,Ankitkumar,Patel,test@nbc.ca,EN,firm_client_accounts,username123e,,,,,,,,,
COR,Ankor,Tewari,dwh_ankor.tewari@bnc.ca,EN,firm_client_accounts,TEWA001,,,,,,,,,
COR,Annick,Esper,dwh_irisannick.esper@bnc.ca,EN,firm_client_accounts,ESPI001,,,,,,,,,
COR,Antoine,Trépanier,dwh_antoine.trepanier@bnc.ca,EN,firm_client_accounts,TREA046,,,,,,,,,
COR,Antonio,Stoyanov,dwh_antonio.stoyanov@bnc.ca,EN,firm_client_accounts,STOA010,,,,,,,,,
COR,Arishan,Ponnudurai,dwh_arishan.ponnudurai@nbc.ca,EN,firm_client_accounts,PONA003,,,,,,,,,
COR,Arjun Singh,Jolly,dwh_arjunsingh.jolly@nbc.ca,EN,firm_client_accounts,JOLA007,,,,,,,,,
COR,Armin,Dabulhanic,dwh_armin.dabulhanic@nbc.ca,EN,firm_client_accounts,DABA002,,,,,,,,,
COR,Ashley,Yiu,dwh_ashley.yiu@nbc.ca,EN,firm_client_accounts,YIUY001,,,,,,,,,
COR,Atesh,Gulchand,dwh_atesh.gulchand@nbc.ca,EN,firm_client_accounts,gula005,,,,,,,,,
COR,Atesh,UAT,atesh.gulchanduat@nbc.ca,EN,firm_client_accounts,atesh.uat,asdfasd,ProxyH,atesh.gulchand,,ManageAll_V1.17,TRUE,"CN04-CN04, CN08-CN08, CN09-CN09, CN17-CN17, CN23-CN23, CNAA-CN99, CNLE-CNLE, CWAA-CW99, M2AA-M299","compass_r2,firm_client_accounts,infinite_applications,orders_module,orders_upload,questionnaire_applications,soma_servicing,form_applications,tools_menu,paper_upload_menu,gic_management_menu,statements_menu,tax_documents_menu,trade_confirmations_menu,mf_orders_upload",
COR,Atesh,UAT1,atesh.uat1@nbc.ca,EN,firm_client_accounts,atesh.uat1,sadas,ProxyH,,,ViewOnlyConfidentialProfile_V1.17,TRUE,"CN04-CN04, CN08-CN08, CN09-CN09, CN17-CN17, CN23-CN23, CNAA-CN99, CNLE-CNLE, CWAA-CW99, M2AA-M299","paper_upload_menu,statements_menu,tax_documents_menu,trade_confirmations_menu",
COR,Avijit,Saxena,avijit.saxena@uat.ca,EN,firm_client_accounts,avijit.saxena1,,ProxyH,,,ViewOnlyConfidentialProfile_V1.17,TRUE,"CN04-CN04, CN08-CN08, CN09-CN09, CN17-CN17, CN23-CN23, CNAA-CN99, CNLE-CNLE, CWAA-CW99, M2AA-M299","paper_upload_menu,statements_menu,tax_documents_menu,trade_confirmations_menu",
COR,Awais,Malik,dwh_awais.malik@nbc.ca,EN,firm_client_accounts,MALA019,,,,,,,,,
COR,Ayan,Ali,dwh_ayan.ali@nbc.ca,EN,firm_client_accounts,ALIA002,,,,,,,,,
COR,Ayorinde,Otepola,dwh_ayorinde.otepola@bnc.ca,EN,firm_client_accounts,OTEA001,,,,,,,,,
COR,Babita,Khanna,dwh_babita.khanna@nbc.ca,EN,firm_client_accounts,KHAB005,,,,,,,,,
COR,Balnoor,Sandhu,dwh_balnoor.sandhu@nbc.ca,EN,firm_client_accounts,SANB004,,,,,,,,,
COR,Begonia,Au Yeung,dwh_begonia.au-yeung@nbc.ca,EN,firm_client_accounts,auyb001,,,,,,,,,
COR,Ben,Lee,dwh_ben.lee@nbc.ca,EN,firm_client_accounts,LEEB001,,,,,,,,,
COR,Benoit,Larcheveque,dwh_benoit.larcheveque@bnc.ca,EN,firm_client_accounts,LARB008,,,,,,,,,
COR,Bill,Dimitropoulos,dwh_bill.dimitropoulos@nbc.ca,EN,firm_client_accounts,DIMB001,,,,,,,,,
COR,Bintou,Dia,dwh_bintou.dia@bnc.ca,EN,firm_client_accounts,DIAB002,,,,,,,,,
COR,Brianna,Kupiec,dwh_briannab.kupiec@nbc.ca,EN,firm_client_accounts,KUPB002,,,,,,,,,
COR,Bryce,Richmond,dwh_bryce.richmond@nbc.ca,EN,firm_client_accounts,RICB001,,,,,,,,,
COR,Butt,Rabia,dwh_rabia.butt@nbc.ca,EN,firm_client_accounts,BUTR002,,,,,,,,,
COR,Camille,Persaud,dwh_camille.persaud@nbc.ca,EN,firm_client_accounts,PERC038,,,,,,,,,
COR,candi,uat,candi.so@bnc.ca,EN,firm_client_accounts,candi.uat1,"CA1,CA2",ProxyH,,,ViewOnlyConfidentialProfile_V1.17,TRUE,"CN04-CN04, CN08-CN08, CN09-CN09, CN17-CN17, CN23-CN23, CNAA-CN99, CNLE-CNLE, CWAA-CW99, M2AA-M299","paper_upload_menu,statements_menu,tax_documents_menu,trade_confirmations_menu",
COR,Candi,Cor,candi.so@nbc.ca,EN,firm_client_accounts,candi.cor1,"SOC2,CASO",ProxyH,,,ManageDWHUser_v1.16,FALSE,"CN04-CN04, CN08-CN08, CN09-CN09, CN17-CN17, CN23-CN23, CNAA-CN99, CNLE-CNLE, CWAA-CW99, M2AA-M299",,
COR,Candi,cormfu,candi.so@nbc.ca,EN,firm_client_accounts,candi.cormfu.uat,,,,,ManageFirmAndUser_V1.17,TRUE,"CN04-CN04, CN08-CN08, CN09-CN09, CN17-CN17, CN23-CN23, CNAA-CN99, CNLE-CNLE, CWAA-CW99, M2AA-M299","paper_upload_menu,feature_menu,statements_menu,tax_documents_menu,trade_confirmations_menu",manage_login_support_only
COR,Candi,So,dwh_candi.so@nbc.ca,EN,firm_client_accounts,soc007,,,,,,,,,
COR,Candi,TestCorAssistant,candi.testcorassistant@cor.ca,EN,firm_client_accounts,candi.testcorassistant.uat,SOC,ProxyH,bsg.pmgr,,ViewOnlyConfidentialProfile_V1.17,TRUE,"CN04-CN04, CN08-CN08, CN09-CN09, CN17-CN17, CN23-CN23, CNAA-CN99, CNLE-CNLE, CWAA-CW99, M2AA-M299","paper_upload_menu,statements_menu,tax_documents_menu,trade_confirmations_menu",
COR,Candi,TestCorOps,candi.testcorops@cor.ca,EN,firm_client_accounts,candi.testcorops.uat,SOC2,ProxyH,test.ntrst,,ViewOnlyConfidentialProfile_V1.17,TRUE,"CN04-CN04, CN08-CN08, CN09-CN09, CN17-CN17, CN23-CN23, CNAA-CN99, CNLE-CNLE, CWAA-CW99, M2AA-M299","paper_upload_menu,statements_menu,tax_documents_menu,trade_confirmations_menu",
COR,Candi,TestCorOpsTrader,candi.so@bnc.ca,EN,firm_client_accounts,candi.testcoropstrader.uat,"SOC,SOC2",ProxyH,test.kizem2,,FullAdminTrades,TRUE,"CN04-CN04, CN08-CN08, CN09-CN09, CN17-CN17, CN23-CN23, CNAA-CN99, CNLE-CNLE, CWAA-CW99, M2AA-M299","statements_menu,tax_documents_menu,trade_confirmations_menu,paper_upload_menu",view_system_events
COR,Candi,TestCorTrader,candi.so@nbc.ca,EN,firm_client_accounts,candi.testcortrader.uat,,ProxyH,test.kizem,,ManageOrdersAndTrades,FALSE,CNAA-CN99,,"mf_product,view_system_events"
COR,Candi at,Cor,candi.at.cor@bnc.ca,EN,firm_client_accounts,candiat.cor,SOC2,ProxyH,test.westmont,,ViewOnlyConfidentialProfile_V1.17,TRUE,"CN04-CN04, CN08-CN08, CN09-CN09, CN17-CN17, CN23-CN23, CNAA-CN99, CNLE-CNLE, CWAA-CW99, M2AA-M299","paper_upload_menu,statements_menu,tax_documents_menu,trade_confirmations_menu",
COR,Candi Y,Corrnet,candi.so@nbc.ca,EN,firm_client_accounts,candi.cor,SOC,ProxyH,,,ManageServicingAndOrders,TRUE,"CN04-CN04, CN08-CN08, CN09-CN09, CN17-CN17, CN23-CN23, CNAA-CN99, CNLE-CNLE, CWAA-CW99, M2AA-M299",,"view_system_events,options_product,mf_product,equity_product"
COR,Carine,Haddad,dwh_karen.haddad@nbc.ca,EN,firm_client_accounts,ABOC001,,,,,,,,,
COR,Carlos,Quinto,dwh_carlos.quinto@nbc.ca,EN,firm_client_accounts,QUIC013,,,,,,,,,
COR,Carol,Tang,dwh_carol.tang@nbc.ca,EN,firm_client_accounts,TANC005,,,,,,,,,
COR,Caroline,Hare,dwh_caroline.hare@nbc.ca,EN,firm_client_accounts,HARC014,,,,,,,,,
COR,Cassandra,Thompson,dwh_cassandra.gonsalves@nbc.ca,EN,firm_client_accounts,thoc008,,,,,,,,,
COR,Catherine,Hubert,dwh_catherine.hubert@bnc.ca,EN,firm_client_accounts,HUBC004,,,,,,,,,
COR,Cecilia,James,dwh_cecilia.james@nbc.ca,EN,firm_client_accounts,SOAC002,,,,,,,,,
COR,Charlotte,Mackinnon,dwh_charlotte.mackinnon@nbc.ca,EN,firm_client_accounts,MACC022,,,,,,,,,
COR,Chau Phuong Thao,Phan,dwh_chau.phuong.thao.phan@nbc.ca,EN,firm_client_accounts,h015zeh,,,,,,,,,
COR,Cheryl,Mckinney,dwh_cheryl.mckinney@nbc.ca,EN,firm_client_accounts,MCKC002,,,,,,,,,
COR,Christian,Rojas,dwh_christian.rojas@nbc.ca,EN,firm_client_accounts,ROJC002,,,,,,,,,
COR,Christine,Jaichand,dwh_christine.jaichand@nbc.ca,EN,firm_client_accounts,JAIC001,,,,,,,,,
COR,Christine,Rodrigues,dwh_christine.rodrigues@bnc.ca,EN,firm_client_accounts,rodc010,,,,,,,,,
COR,Christopher,Montgomery,dwh_chris.montgomery@nbc.ca,EN,firm_client_accounts,MONC038,,,,,,,,,
COR,Christy,Arulappa,dwh_christy.arulappa@nbc.ca,EN,firm_client_accounts,ARULAPCH,,,,,,,,,
COR,CNTA,Advisor,miyuki.ikuse7@nbc.ca,EN,firm_client_accounts,cnta.advisor.uat,test,ProxyX,NBINCOR.MFSpecialist,,Legacy-ManageTransactions,TRUE,"CN04-CN04, CN08-CN08, CN09-CN09, CN17-CN17, CN23-CN23, CNAA-CN99, CNLE-CNLE, CWAA-CW99, M2AA-M299",,
COR,Connie,Wong,dwh_connie.wong@nbc.ca,EN,firm_client_accounts,WONH002,,,,,,,,,
COR,cor,adminaccountsandprofiles,co99@nbc.ca,EN,firm_client_accounts,cor.adminaccountsandprofiles.uat,NBINIA,ProxyH,accesscontrol95.qa,,AdminAccountsAndProfiles_V1.17,TRUE,"CN04-CN04, CN08-CN08, CN09-CN09, CN17-CN17, CN23-CN23, CNAA-CN99, CNLE-CNLE, CWAA-CW99, M2AA-M299","paper_upload_menu,statements_menu,tax_documents_menu,trade_confirmations_menu",
COR,cor,Admin All,nbc54@nbc.ca,EN,firm_client_accounts,cor.adminall.uat,NBINIA,null,accesscontrol4.qa,,AdminAll_V1.17,TRUE,"CN04-CN04, CN08-CN08, CN09-CN09, CN17-CN17, CN23-CN23, CNAA-CN99, CNLE-CNLE, CWAA-CW99, M2AA-M299","paper_upload_menu,statements_menu,tax_documents_menu,trade_confirmations_menu,mf_orders_upload","mf_product,equity_product"
COR,cor,Admin All but not trade,nbc58@nbc.ca,EN,firm_client_accounts,cor.adminallbutnottrade.uat,NBINIA,null,accesscontrol39.qa,,AdminAllButNotTrade_V1.17,TRUE,"CN04-CN04, CN08-CN08, CN09-CN09, CN17-CN17, CN23-CN23, CNAA-CN99, CNLE-CNLE, CWAA-CW99, M2AA-M299","paper_upload_menu,statements_menu,tax_documents_menu,trade_confirmations_menu",
COR,cor,Admin Orders,nbc56@nbc.ca,EN,firm_client_accounts,cor.adminorders.uat,NBINIA,null,accesscontrol20.qa,,AdminOrders_V1.17,TRUE,"CN04-CN04, CN08-CN08, CN09-CN09, CN17-CN17, CN23-CN23, CNAA-CN99, CNLE-CNLE, CWAA-CW99, M2AA-M299","paper_upload_menu,gic_management_menu,statements_menu,tax_documents_menu,trade_confirmations_menu,mf_orders_upload",
COR,cor,adminservicerequests,cor44@nbc.ca,EN,firm_client_accounts,cor.adminservicerequests.uat,"NBINIA,nbcsuper",ProxyH,accesscontrol61.uat,,AdminServiceRequests_V1.17,TRUE,"CN04-CN04, CN08-CN08, CN09-CN09, CN17-CN17, CN23-CN23, CNAA-CN99, CNLE-CNLE, CWAA-CW99, M2AA-M299","paper_upload_menu,statements_menu,tax_documents_menu,trade_confirmations_menu",
COR,cor,Configure Platform,nbc52@nbc.ca,EN,firm_client_accounts,cor.configureplatform.uat,NBINIA,null,accesscontrol22.qa,,ConfigurePlatformV1.17,FALSE,"CNCN-CNCN, CNTA-CNTA",,
COR,cor,Manage Account Assets,nbc50@nbc.ca,EN,firm_client_accounts,cor.manageaccountassets.uat,NBINIA,,accesscontrol24.qa,,ManageServicingAndTrades,TRUE,"CN04-CN04, CN08-CN08, CN09-CN09, CN17-CN17, CN23-CN23, CNAA-CN99, CNLE-CNLE, CWAA-CW99, M2AA-M299","paper_upload_menu,statements_menu,tax_documents_menu,trade_confirmations_menu",
COR,cor,Manageaccountsandprofiles,co03@nbc.ca,EN,firm_client_accounts,cor.manageaccountsandprofiles.uat,NBINIA,ProxyH,accesscontrol96.qa,,ManageAccountsAndProfiles_V1.17,TRUE,"CN04-CN04, CN08-CN08, CN09-CN09, CN17-CN17, CN23-CN23, CNAA-CN99, CNLE-CNLE, CWAA-CW99, M2AA-M299","paper_upload_menu,statements_menu,tax_documents_menu,trade_confirmations_menu",
COR,cor,Manage All,nbc55@nbc.ca,EN,firm_client_accounts,cor.manageall1.uat,NBINIA,ProxyH,accesscontrol69.uat,,ManageAll_V1.17,FALSE,"CNCN-CNCN, CNTA-CNTA","form_applications,paper_upload_menu,gic_management_menu,statements_menu,tax_documents_menu,trade_confirmations_menu,mf_orders_upload",
COR,cor,Manage All but not trade,nbc51@nbc.ca,EN,firm_client_accounts,cor.manageallbutnottrade.uat,NBINIA,ProxyH,accesscontrol23.qa,,ManageAllButNotTrade_v1.16,TRUE,"CN04-CN04, CN08-CN08, CN09-CN09, CN17-CN17, CN23-CN23, CNAA-CN99, CNLE-CNLE, CWAA-CW99, M2AA-M299","paper_upload_menu,statements_menu,tax_documents_menu,trade_confirmations_menu",
COR,cor,Manage Firm and User,nbc53@nbc.ca,EN,firm_client_accounts,cor.managefirmanduser.uat,NBINIA,null,accesscontrol3.qa,,ManageFirmAndUser_V1.17,TRUE,"CN04-CN04, CN08-CN08, CN09-CN09, CN17-CN17, CN23-CN23, CNAA-CN99, CNLE-CNLE, CWAA-CW99, M2AA-M299","paper_upload_menu,feature_menu,statements_menu,tax_documents_menu,trade_confirmations_menu",
COR,cor,Manage Orders,nbc57@nbc.ca,EN,firm_client_accounts,cor.manageorders.uat,NBINIA,null,testuserwizard5,,ManageOrders_V1.17,TRUE,"CN04-CN04, CN08-CN08, CN09-CN09, CN17-CN17, CN23-CN23, CNAA-CN99, CNLE-CNLE, CWAA-CW99, M2AA-M299","paper_upload_menu,gic_management_menu,statements_menu,tax_documents_menu,trade_confirmations_menu,mf_orders_upload",
COR,cor,manageposttrade,cor76@nbc.ca,EN,firm_client_accounts,cor.manageposttrade.uat,NBINIA,ProxyH,accesscontrol8.qa,,ManagePostTrade_V1.17,TRUE,"CN04-CN04, CN08-CN08, CN09-CN09, CN17-CN17, CN23-CN23, CNAA-CN99, CNLE-CNLE, CWAA-CW99, M2AA-M299","paper_upload_menu,statements_menu,tax_documents_menu,trade_confirmations_menu",
COR,cor,manageservicerequests,cor60@nbc.ca,EN,firm_client_accounts,cor.manageservicerequests.uat,"NBINIA,nbcsuper",ProxyH,accesscontrol94.qa,,ManageServiceRequests_V1.17,TRUE,"CN04-CN04, CN08-CN08, CN09-CN09, CN17-CN17, CN23-CN23, CNAA-CN99, CNLE-CNLE, CWAA-CW99, M2AA-M299","paper_upload_menu,statements_menu,tax_documents_menu,trade_confirmations_menu",
COR,cor,managetransactions,cor12@nbc.ca,EN,firm_client_accounts,cor.managetransactions.uat,NBINIA,ProxyH,accesscontrol41.qa,,ManageTransactions_V1.17,TRUE,"CN04-CN04, CN08-CN08, CN09-CN09, CN17-CN17, CN23-CN23, CNAA-CN99, CNLE-CNLE, CWAA-CW99, M2AA-M299","paper_upload_menu,gic_management_menu,statements_menu,tax_documents_menu,trade_confirmations_menu,mf_orders_upload",
COR,cor,processaccountsandprofiles ,cor77@nbc.ca,EN,firm_client_accounts,cor.processaccountsandprofiles.uat,NBINIA,ProxyH,accesscontrol40.qa,,ProcessAccounts_V1.17,TRUE,"CN04-CN04, CN08-CN08, CN09-CN09, CN17-CN17, CN23-CN23, CNAA-CN99, CNLE-CNLE, CWAA-CW99, M2AA-M299","paper_upload_menu,statements_menu,tax_documents_menu,trade_confirmations_menu",
COR,cor,viewonlyconfidentialprofile,cor01@nbc.ca,EN,firm_client_accounts,cor.viewonlyconfidentialprofile.uat,NBINIA,ProxyH,accesscontrol97.qa,,ViewOnlyConfidentialProfile_V1.17,TRUE,"CN04-CN04, CN08-CN08, CN09-CN09, CN17-CN17, CN23-CN23, CNAA-CN99, CNLE-CNLE, CWAA-CW99, M2AA-M299","paper_upload_menu,statements_menu,tax_documents_menu,trade_confirmations_menu",
COR,cor,viewonlynonconfidentialprofile,cor00@nbc.ca,EN,firm_client_accounts,cor.viewonlynonconfidentialprofile.uat,NBINA,ProxyH,accesscontrol98.qa,,ViewOnlyNonConfidentialProfile,TRUE,"CN04-CN04, CN08-CN08, CN09-CN09, CN17-CN17, CN23-CN23, CNAA-CN99, CNLE-CNLE, CWAA-CW99, M2AA-M299",,
COR,Cor,TestingEquity,cortesting.equity@nbc.ca,EN,firm_client_accounts,cor.testingequity.uat,NBINIA,ProxyH,Testing.Equity,,ManageOrders_V1.17,TRUE,"CN04-CN04, CN08-CN08, CN09-CN09, CN17-CN17, CN23-CN23, CNAA-CN99, CNLE-CNLE, CWAA-CW99, M2AA-M299","paper_upload_menu,gic_management_menu,statements_menu,tax_documents_menu,trade_confirmations_menu,mf_orders_upload",
COR,cor.admin,dwh,cor.admin2@nbc.ca,EN,firm_client_accounts,cor.admin.dwh.uat,,,test.test33,,ManageDWHUser_v1.16,FALSE,"CNCN-CNCN, CNTA-CNTA",,
COR,cornetadvisor,tess,cornetadvisortest@gmail.com,EN,firm_client_accounts,cornetadvisor.tess,,ProxyH,,,ViewOnlyConfidentialProfile_V1.17,TRUE,"CN04-CN04, CN08-CN08, CN09-CN09, CN17-CN17, CN23-CN23, CNAA-CN99, CNLE-CNLE, CWAA-CW99, M2AA-M299","paper_upload_menu,statements_menu,tax_documents_menu,trade_confirmations_menu",
COR,Corrnet,Uat,corrnet.uat@nbc.ca,EN,firm_client_accounts,corrnet.uat,corrnet.uat,ProxyH,,,ViewOnlyConfidentialProfile_V1.17,TRUE,"CN04-CN04, CN08-CN08, CN09-CN09, CN17-CN17, CN23-CN23, CNAA-CN99, CNLE-CNLE, CWAA-CW99, M2AA-M299","paper_upload_menu,statements_menu,tax_documents_menu,trade_confirmations_menu",
COR,Corrnetadvisor,test,corrnetadvisortest@gmail.com,EN,firm_client_accounts,corrnetadvisor.test,SOMAGDI4,ProxyH,,,ViewOnlyConfidentialProfile_V1.17,TRUE,"CN04-CN04, CN08-CN08, CN09-CN09, CN17-CN17, CN23-CN23, CNAA-CN99, CNLE-CNLE, CWAA-CW99, M2AA-M299","paper_upload_menu,statements_menu,tax_documents_menu,trade_confirmations_menu",
COR,corrnetBM,Test,corrnetbmtest@gmail.com,EN,firm_client_accounts,corrnetbm.test,,ProxyH,,,ViewOnlyConfidentialProfile_V1.17,TRUE,"CN04-CN04, CN08-CN08, CN09-CN09, CN17-CN17, CN23-CN23, CNAA-CN99, CNLE-CNLE, CWAA-CW99, M2AA-M299","paper_upload_menu,statements_menu,tax_documents_menu,trade_confirmations_menu",
COR,Cortest,CorUAT,coruat@bnc.ca,EN,firm_client_accounts,cortest.coruat,,ProxyH,,,ViewOnlyConfidentialProfile_V1.17,TRUE,"CN04-CN04, CN08-CN08, CN09-CN09, CN17-CN17, CN23-CN23, CNAA-CN99, CNLE-CNLE, CWAA-CW99, M2AA-M299","paper_upload_menu,statements_menu,tax_documents_menu,trade_confirmations_menu",
COR,Craig,Arnott,dwh_craig.arnott@nbc.ca,EN,firm_client_accounts,ARNC001,,,,,,,,,
COR,Craig,Macintosh,dwh_craig.macintosh@bnc.ca,EN,firm_client_accounts,MACC004,,,,,,,,,
COR,Cristina,Yu Asensi,dwh_cristina.yuasensi@nbc.ca,EN,firm_client_accounts,YUAC001,,,,,,,,,
COR,CXAlex,CorrTest,alexko@nbc.ca,EN,firm_client_accounts,cxalex.corrtest.uat,,,alex.NbinTest,,ManageServiceRequests_V1.17,TRUE,"CN04-CN04, CN08-CN08, CN09-CN09, CN17-CN17, CN23-CN23, CNAA-CN99, CNLE-CNLE, CWAA-CW99, M2AA-M299","paper_upload_menu,statements_menu,tax_documents_menu,trade_confirmations_menu",
COR,Cyrus,Mir,dwh_cyrus.mir@nbc.ca,EN,firm_client_accounts,MIRC003,,,,,,,,,
COR,Damien,Gauthier,dwh_damien.gauthier@bnc.ca,EN,firm_client_accounts,GAUD038,,,,,,,,,
COR,Dan,Cotocea,dwh_dan.cotocea@bnc.ca,EN,firm_client_accounts,COTD029,,,,,,,,,
COR,Dan,Hall,dwh_dan.hall@nbc.ca,EN,firm_client_accounts,HALD001,,,,,,,,,
COR,Daniel,Bell,dwh_danielb.bell@bnc.ca,EN,firm_client_accounts,BELD051,,,,,,,,,
COR,Daniel,Couet,dwh_daniel.couet@bnc.ca,EN,firm_client_accounts,COUD022,,,,,,,,,
COR,Daniel,De Souza,dwh_daniel.desouza@nbc.ca,EN,firm_client_accounts,desd025,,,,,,,,,
COR,Daniel,Lee,dwh_daniel.lee@nbc.ca,EN,firm_client_accounts,LEED008,,,,,,,,,
COR,Daniel,Pereira,dwh_daniel.pereira@bnc.ca,EN,firm_client_accounts,PERD032,,,,,,,,,
COR,Daniel,Rubananthan,dwh_daniel.rubananthan@nbc.ca,EN,firm_client_accounts,RUBD003,,,,,,,,,
COR,Danielle,Mickosz,dwh_danielle.mickosz@nbc.ca,EN,firm_client_accounts,MICD009,,,,,,,,,
COR,Darine,Ibrahim,dwh_darine.ibrahim@nbc.ca,EN,firm_client_accounts,IBRD002,,,,,,,,,
COR,Darren,Hands,dwh_darren.hands@nbc.ca,EN,firm_client_accounts,Z72840,,,,,,,,,
COR,Darwin,Pascual,dwh_darwin.pascual@nbc.ca,EN,firm_client_accounts,PASD001,,,,,,,,,
COR,David,Allan,dwh_david.allan@bnc.ca,EN,firm_client_accounts,ALLD017,,,,,,,,,
COR,David,Bice,dwh_david.bice@nbc.ca,EN,firm_client_accounts,BICD002,,,,,,,,,
COR,David,Kiljanski,dwh_david.kiljanski@nbc.ca,EN,firm_client_accounts,KILD005,,,,,,,,,
COR,David,Philip,dwh_david.philip@nbc.ca,EN,firm_client_accounts,PHID002,,,,,,,,,
COR,Derek,Yamashita,dwh_derek.yamashita@bnc.ca,EN,firm_client_accounts,YAMD003,,,,,,,,,
COR,Derrick,Otterman,dwh_derrick.otterman@nbc.ca,EN,firm_client_accounts,OTTD001,,,,,,,,,
COR,Devendra,Thakur,dwh_devendra.thakur@nbc.ca,EN,firm_client_accounts,THAD001,,,,,,,,,
COR,Devin,Cabel,dwh_devin.cabel@nbc.ca,EN,firm_client_accounts,CABD001,,,,,,,,,
COR,Diana,Cruz,dwh_diana.cruz@nbc.ca,EN,firm_client_accounts,CRUD002,,,,,,,,,
COR,Dimple,Mirpuri,dimple.mirpuri@nbc.ca,EN,firm_client_accounts,dimple.mirpuri.uat,SOMAGDI4,,Dimple.Mirpuri,,ManageAll_V1.17,TRUE,"CN04-CN04, CN08-CN08, CN09-CN09, CN17-CN17, CN23-CN23, CNAA-CN99, CNLE-CNLE, CWAA-CW99, M2AA-M299","orders_module,orders_upload,questionnaire_applications,trade_allocations_menu,trade_allocations_approvals_menu,trade_allocations_processor_menu,statements_menu,tax_documents_menu,trade_confirmations_menu,mf_orders_upload",view_system_events
COR,Doru,Tanasila,dwh_doru.tanasila@bnc.ca,EN,firm_client_accounts,TAND006,,,,,,,,,
COR,dsf,xzcv,test@nbc.ca,EN,firm_client_accounts,xcvxc,,,,,,,,,
COR,dsf,xzcv,test@nbc.ca,EN,firm_client_accounts,xcvxcvbccvb,,,,,,,,,
COR,dsf,xzcv,test@nbc.ca,EN,firm_client_accounts,xcvxcvbc,,,,,,,,,
COR,DWH,Automation1737140552942,1737140552942automation@nbc.ca,EN,firm_client_accounts,dwh.automation1737140552942.uat,,,,,ManageDWHUser_v1.16,FALSE,"CN04-CN04, CN08-CN08, CN09-CN09, CN17-CN17, CN23-CN23, CNAA-CN99, CNLE-CNLE, CWAA-CW99, M2AA-M299",,
COR,DWH,Automation1737140606673,1737140606673automation@nbc.ca,EN,firm_client_accounts,AUTO1737140606674,,,,,,,,,
COR,DWHupdated,Automation1737140681359updated,updated1737140681359automation@nbc.ca,FR,firm_client_accounts,AUTO1727105070408,,,,,,,,,
COR,Ed,Cowan,dwh_ed.cowan@nbc.ca,EN,firm_client_accounts,h521btd,,,,,,,,,
COR,Edward,Clinton,dwh_edward.clinton@nbc.ca,EN,firm_client_accounts,CLIE002,,,,,,,,,
COR,Éli Komi Messan,Alipui,dwh_elikomi.messanalipui@bnc.ca,EN,firm_client_accounts,MESE002,,,,,,,,,
COR,Elisabeth,Silva,dwh_liz.silva@nbc.ca,EN,firm_client_accounts,SILE001,,,,,,,,,
COR,Eugeniu,Nemtanu,dwh_eugeniu.nemtanu@bnc.ca,EN,firm_client_accounts,NEME001,,,,,,,,,
COR,Evert,Krokker,dwh_evert.krokker@nbc.ca,EN,firm_client_accounts,KROE001,,,,,,,,,
COR,Eziuche,Akparah,dwh_eziuche.akparah@nbc.ca,EN,firm_client_accounts,AKPE001,,,,,,,,,
COR,Farhana,Hoque,dwh_farhana.hoque@nbc.ca,EN,firm_client_accounts,HOQF001,,,,,,,,,
COR,Felix,Law,tsunyin.law@bnc.ca,EN,firm_client_accounts,felix.law1,,ProxyH,,,ViewOnlyConfidentialProfile_V1.17,TRUE,"CN04-CN04, CN08-CN08, CN09-CN09, CN17-CN17, CN23-CN23, CNAA-CN99, CNLE-CNLE, CWAA-CW99, M2AA-M299","paper_upload_menu,statements_menu,tax_documents_menu,trade_confirmations_menu",
COR,Felix,Rousseau,dwh_felix.rousseau@bnc.ca,EN,firm_client_accounts,ROUF003,,,,,,,,,
COR,Feng,Yunxiaoxiao,dwh_yunxiaoxiao.feng@bnc.ca,EN,firm_client_accounts,FENY001,,,,,,,,,
COR,firmtrader,equity,trader.eaaa@nbc.ca,EN,firm_client_accounts,firmtrader.equity.uat,,ProxyX,testusermmi,,ManageOrders_V1.17,TRUE,"CN04-CN04, CN08-CN08, CN09-CN09, CN17-CN17, CN23-CN23, CNAA-CN99, CNLE-CNLE, CWAA-CW99, M2AA-M299","paper_upload_menu,gic_management_menu,statements_menu,tax_documents_menu,trade_confirmations_menu,mf_orders_upload",
COR,firstlogin,demo1,saserwchit@nbc.ca,EN,firm_client_accounts,firstlogin.demo1.uat,NBINIA,ProxyH,login.user2,,ManageAllButNotTrade_v1.16,TRUE,"CN04-CN04, CN08-CN08, CN09-CN09, CN17-CN17, CN23-CN23, CNAA-CN99, CNLE-CNLE, CWAA-CW99, M2AA-M299","paper_upload_menu,statements_menu,tax_documents_menu,trade_confirmations_menu",
COR,firstlogin,demo2,kamali.arunamanivannan@nbc.ca,EN,firm_client_accounts,firstlogin.demo2.uat,NBINIA,ProxyH,login.user,,ManageDWHUser_v1.16,FALSE,"CN04-CN04, CN08-CN08, CN09-CN09, CN17-CN17, CN23-CN23, CNAA-CN99, CNLE-CNLE, CWAA-CW99, M2AA-M299",,
COR,firstlogin,demo3,asd@gmail.com,EN,firm_client_accounts,firstlogin.demo3.uat,NBINIA,ProxyH,firstlogin.demo3,,ManageAllButNotTrade_v1.16,TRUE,"CN04-CN04, CN08-CN08, CN09-CN09, CN17-CN17, CN23-CN23, CNAA-CN99, CNLE-CNLE, CWAA-CW99, M2AA-M299","paper_upload_menu,statements_menu,tax_documents_menu,trade_confirmations_menu",
COR,firstlogin,demo4,aae@gmail.com,EN,firm_client_accounts,firstlogin.demo4.uat,NBINIA,ProxyH,firstlogin.demo4,,ManageAllButNotTrade_v1.16,TRUE,"CN04-CN04, CN08-CN08, CN09-CN09, CN17-CN17, CN23-CN23, CNAA-CN99, CNLE-CNLE, CWAA-CW99, M2AA-M299","paper_upload_menu,statements_menu,tax_documents_menu,trade_confirmations_menu",
COR,firstlogin,demo5,yord@gmail.com,EN,firm_client_accounts,firstlogin.demo5.uat,NBINIA,ProxyH,firstlogin.demo5,,ManageAccountsAndProfiles_v1.16,TRUE,"CN04-CN04, CN08-CN08, CN09-CN09, CN17-CN17, CN23-CN23, CNAA-CN99, CNLE-CNLE, CWAA-CW99, M2AA-M299",onboarding_module,
COR,firstlogin,manageallbutnottrade,nbvertyt@nbc.ca,EN,firm_client_accounts,firstlogin.manageallbutnottrade.uat,NBINIA,ProxyH,FUM2024521173229.TEST,,ManageAllButNotTrade_v1.16,TRUE,"CN04-CN04, CN08-CN08, CN09-CN09, CN17-CN17, CN23-CN23, CNAA-CN99, CNLE-CNLE, CWAA-CW99, M2AA-M299","paper_upload_menu,statements_menu,tax_documents_menu,trade_confirmations_menu",
COR,firstlogin,manageallnottrade,sasoiuytreit@nbc.ca,EN,firm_client_accounts,firstlogin.manageallnottrade.uat,NBINIA,ProxyH,FUM2024521173117.TEST,,ManageAllButNotTrade_v1.16,TRUE,"CN04-CN04, CN08-CN08, CN09-CN09, CN17-CN17, CN23-CN23, CNAA-CN99, CNLE-CNLE, CWAA-CW99, M2AA-M299","paper_upload_menu,statements_menu,tax_documents_menu,trade_confirmations_menu",
COR,firstlogin,mngallnottrade,sanbvertychit@nbc.ca,EN,firm_client_accounts,firstlogin.mngallnottrade.uat,NBINIA,ProxyH,FUM202452117310.TEST,,ManageAllButNotTrade_v1.16,TRUE,"CN04-CN04, CN08-CN08, CN09-CN09, CN17-CN17, CN23-CN23, CNAA-CN99, CNLE-CNLE, CWAA-CW99, M2AA-M299","paper_upload_menu,statements_menu,tax_documents_menu,trade_confirmations_menu",
COR,Firstlogin,manageaccountsandprofiles,spoiuytret@nbc.ca,EN,firm_client_accounts,firstlogin.manageaccountsandprofiles.uat,NBINIA,ProxyH,FUM2024521173217.TEST,,ManageAccountsAndProfiles_V1.17,TRUE,"CN04-CN04, CN08-CN08, CN09-CN09, CN17-CN17, CN23-CN23, CNAA-CN99, CNLE-CNLE, CWAA-CW99, M2AA-M299","paper_upload_menu,statements_menu,tax_documents_menu,trade_confirmations_menu",
COR,firstlogin1,manageall,sadwerwe@nbc.ca,EN,firm_client_accounts,firstlogin1.manageall.uat,NBINIA,ProxyH,FUM2024521173146.TEST,,ManageAllButNotTrade_v1.16,TRUE,"CN04-CN04, CN08-CN08, CN09-CN09, CN17-CN17, CN23-CN23, CNAA-CN99, CNLE-CNLE, CWAA-CW99, M2AA-M299","paper_upload_menu,statements_menu,tax_documents_menu,trade_confirmations_menu",
COR,firstlogint,est,saveryhit@nbc.ca,EN,firm_client_accounts,firstlogint.est.uat,NBINIA,ProxyH,test.loginfirst,,ManageAllButNotTrade_v1.16,TRUE,"CN04-CN04, CN08-CN08, CN09-CN09, CN17-CN17, CN23-CN23, CNAA-CN99, CNLE-CNLE, CWAA-CW99, M2AA-M299","paper_upload_menu,statements_menu,tax_documents_menu,trade_confirmations_menu",
COR,firstname,lastname,test@nbc.ca,FR,firm_client_accounts,username,,,,,,,,,
COR,Frank,Canas,dwh_frank.canas@nbc.ca,EN,firm_client_accounts,CANF005,,,,,,,,,
COR,Frank,Doria,dwh_frank.doria@nbc.ca,EN,firm_client_accounts,DORF006,,,,,,,,,
COR,Gagan,Kang,dwh_gagan.kang@nbc.ca,EN,firm_client_accounts,KANG001,,,,,,,,,
COR,Gaitri,Deodat,dwh_gaitri.deodat@nbc.ca,EN,firm_client_accounts,DEOG001,,,,,,,,,
COR,Gareth,Barnett,dwh_gareth.barnett@nbc.ca,EN,firm_client_accounts,BARG020,,,,,,,,,
COR,Geetha,Sockalingam,dwh_geetha.sockalingam@nbc.ca,EN,firm_client_accounts,SOCG002,,,,,,,,,
COR,Germano,Riccio,dwh_germano.riccio@bnc.ca,EN,firm_client_accounts,RICG004,,,,,,,,,
COR,Ghazal,Tehrani,dwh_ghazal.tehrani@nbc.ca,EN,firm_client_accounts,SADS009,,,,,,,,,
COR,Glen,Li,dwh_glen.li@bnc.ca,EN,firm_client_accounts,LIG002,,,,,,,,,
COR,Gordon,Raic,dwh_gordon.raic@nbc.ca,EN,firm_client_accounts,RAIG001,,,,,,,,,
COR,Graham,Usher,dwh_graham.usher@nbc.ca,EN,firm_client_accounts,ushg001,,null,,,,,,,
COR,Guilherme,Hironaka,dwh_guilherme.hironaka@nbc.ca,EN,firm_client_accounts,HIRG002,,,,,,,,,
COR,Gurman,Grewal,dwh_gurman.grewal@nbc.ca,EN,firm_client_accounts,GREG004,,,,,,,,,
COR,Gursharan,Arora,dwh_gursharan.arora@nbc.ca,EN,firm_client_accounts,AROG001,,,,,,,,,
COR,Hanul,Sung,dwh_hanul.sung@nbc.ca,EN,firm_client_accounts,SUNH002,,,,,,,,,
COR,Harpreet,Rehnu,dwh_harpreet.rehnu@nbc.ca,EN,firm_client_accounts,REHH002,,,,,,,,,
COR,HarshaNBINCOR,A,harsha.adusumilli@nbc.ca,EN,firm_client_accounts,harshanbincor.a.uat,adha0001,ProxyH,,,ViewOnlyConfidentialProfile_V1.17,TRUE,"CN04-CN04, CN08-CN08, CN09-CN09, CN17-CN17, CN23-CN23, CNAA-CN99, CNLE-CNLE, CWAA-CW99, M2AA-M299",,
COR,Hatem,Zarrouk,dwh_hatem.zarrouk@nbc.ca,EN,firm_client_accounts,ZARH001,,,,,,,,,
COR,hemangi,cor,hemangi.patel@nbc.ca,EN,firm_client_accounts,hemangi.cor.uat,,,,,ManageDWHUser_v1.16,FALSE,"CN04-CN04, CN08-CN08, CN09-CN09, CN17-CN17, CN23-CN23, CNAA-CN99, CNLE-CNLE, CWAA-CW99, M2AA-M299",,
COR,Hendrajanto Alim,Natadjaja,dwh_hendrajantoalim.natadjaja@nbc.ca,EN,firm_client_accounts,NATH001,,,,,,,,,
COR,Hideki,Aoyama,dwh_hideki.aoyama@nbc.ca,EN,firm_client_accounts,h532ois,,,,,,,,,
COR,Himanshu,Himanshu,dwh_himanshu.himanshu@nbc.ca,EN,firm_client_accounts,h544jkc,,,,,,,,,
COR,Hua,Lu,dwh_hua.lu@nbc.ca,EN,firm_client_accounts,LUH001,,,,,,,,,
COR,Hugo,Richard,dwh_hugo.richard@bnc.ca,EN,firm_client_accounts,RICH007,,,,,,,,,
COR,Ibrahim,Toure,dwh_ibrahim.toure@bnc.ca,EN,firm_client_accounts,TOUI003,,,,,,,,,
COR,Irene,Buenaobra,dwh_irene.buenaobra@nbc.ca,EN,firm_client_accounts,BUEI001,,,,,,,,,
COR,Irene,Folts,dwh_irene.folts@bnc.ca,EN,firm_client_accounts,FOLK002,,,,,,,,,
COR,Isabella,Zoso,dwh_isabella.zoso@bnc.ca,EN,firm_client_accounts,ZOSI001,,,,,,,,,
COR,Ivan,Hecimovic,dwh_ivan.hecimovic@nbc.ca,EN,firm_client_accounts,HECI001,,,,,,,,,
COR,Jackie,Hsi,dwh_jackie.hsi@nbc.ca,EN,firm_client_accounts,HSIJ001,,,,,,,,,
COR,Jacqueline,Fernandes,dwh_jacqueline.fernandes@nbc.ca,EN,firm_client_accounts,FERJ018,,,,,,,,,
COR,Jaeoh,Suh,dwh_jaeoh.suh@nbc.ca,EN,firm_client_accounts,SUHJ001,,,,,,,,,
COR,Jane,Doe,dwh_jane.doe@nbc.com,EN,firm_client_accounts,JaneDoe2,,,,,,,,,
COR,Jane,Doe,dwh_jane.doe@nbc.com,EN,firm_client_accounts,JaneDoe1,,,,,,,,,
COR,Jane,Doe,dwh_jane.doe@nbc.com,EN,firm_client_accounts,JaneDoe,,,,,,,,,
COR,Jane,Doe,jane.doe@email.com,EN,firm_client_accounts,DDDFDVSDVDBFVBDV,,,,,,,,,
COR,Jason,Mepsted,dwh_jason.mepsted@nbc.ca,EN,firm_client_accounts,MEPJ001,,,,,,,,,
COR,Jason,White,dwh_jason.white@nbc.ca,EN,firm_client_accounts,WHIJ004,,,,,,,,,
COR,Jason B,D'Souza,dwh_jason.boscodsouza@nbc.ca,EN,firm_client_accounts,DSOJ001,,,,,,,,,
COR,Jean-Francois,Barrette,dwh_jeanfrancois.barrette@bnc.ca,EN,firm_client_accounts,BARJ031,,,,,,,,,
COR,Jean-Michel,Gosselin,dwh_jeanmichel.gosselin@bnc.ca,EN,firm_client_accounts,GOSJ017,,,,,,,,,
COR,Jeffrey,Benson,dwh_jeffrey.benson@nbc.ca,EN,firm_client_accounts,BENJ010,,,,,,,,,
COR,Jemmie,Hwang,dwh_jemmie.hwang@nbc.ca,EN,firm_client_accounts,HWAJ001,,,,,,,,,
COR,Jennifer,George,dwh_jennifer.george@nbc.ca,EN,firm_client_accounts,GEOJ004,,,,,,,,,
COR,Jennifer,Hickman,dwh_jennifer.hickman@nbc.ca,EN,firm_client_accounts,HICJ006,,,,,,,,,
COR,Jennifer,Luke,dwh_jennifer.luke@nbc.ca,EN,firm_client_accounts,LUKJ002,,,,,,,,,
COR,Jenny,Trinh,dwh_jenny.trinh@nbc.ca,EN,firm_client_accounts,TRIJ004,,,,,,,,,
COR,Jenny,Wang,dwh_jenny.wang@nbc.ca,EN,firm_client_accounts,h480dzt,,,,,,,,,
COR,Jenny,Zhang,dwh_jenny.zhang@nbc.ca,EN,firm_client_accounts,101086,,,,,,,,,
COR,Jenny,Zhang,dwh_jenny.zhang@bnc.ca,EN,firm_client_accounts,ZHAX001,,,,,,,,,
COR,Jessica,Corrtest,jessica.tallarico2@nbc.ca,EN,firm_client_accounts,jessica.corrtest.uat,,null,SysPlan.Test,,ProcessAccounts_V1.17,TRUE,"CN04-CN04, CN08-CN08, CN09-CN09, CN17-CN17, CN23-CN23, CNAA-CN99, CNLE-CNLE, CWAA-CW99, M2AA-M299","paper_upload_menu,statements_menu,tax_documents_menu,trade_confirmations_menu",
COR,Jessica,Fong,dwh_jessica.fong@nbc.ca,EN,firm_client_accounts,FONJ011,,,,,,,,,
COR,Jessica,Tallarico,dwh_jessica.tallarico@nbc.ca,EN,firm_client_accounts,TALJ012,,,,,,,,,
COR,Joel,Espedido,dwh_joel.espedido@nbc.ca,EN,firm_client_accounts,ESPJ006,,,,,,,,,
COR,John,Doe,john.doe@hotmail.com,EN,firm_client_accounts,johndoe,,,,,,,,,
COR,John,Palamiotis,dwh_john.palamiotis@nbc.ca,EN,firm_client_accounts,palj006,,,,,,,,,
COR,Jonas,Danko,dwh_jonas.danko@nbc.ca,EN,firm_client_accounts,DANJ005,,,,,,,,,
COR,Jonathan,Castonguay,dwh_jonathan.castonguay@bnc.ca,EN,firm_client_accounts,CASJ018,,,,,,,,,
COR,Jonathan,Levi,dwh_jonathan.levi@nbc.ca,EN,firm_client_accounts,LEVJ018,,,,,,,,,
COR,Jose,Dela Cruz,dwh_jose.delacruz@bnc.ca,EN,firm_client_accounts,DELJ017,,,,,,,,,
COR,Josee,Lachance,dwh_josee.lachance@bnc.ca,EN,firm_client_accounts,LACJ052,,,,,,,,,
COR,Joseph,Ghuneim,dwh_joseph.ghuneim@bnc.ca,EN,firm_client_accounts,GHUJ002,,,,,,,,,
COR,Joseph,Kim,dwh_joseph.kim@nbc.ca,EN,firm_client_accounts,KIMJ004,,,,,,,,,
COR,Joseph-Pascal,Pierre,josephpascal.pierre@nbc.ca,FR,firm_client_accounts,josephpascal.pierre1.uat,,COMPXTR,JosephPascal.Pierre1,,ManageAll_V1.17,TRUE,"CN04-CN04, CN08-CN08, CN09-CN09, CN17-CN17, CN23-CN23, CNAA-CN99, CNLE-CNLE, CWAA-CW99, M2AA-M299","paper_upload_menu,gic_management_menu,statements_menu,tax_documents_menu,trade_confirmations_menu,mf_orders_upload",
COR,Joshua,Lisboa,dwh_joshua.lisboa@bnc.ca,EN,firm_client_accounts,LISJ001,,,,,,,,,
COR,Juliana,Ussher,dwh_julianna.ussher@nbc.ca,EN,firm_client_accounts,USSJ001,,,,,,,,,
COR,Juliet,Watkis,dwh_juliet.watkis@nbc.ca,EN,firm_client_accounts,WATJ004,,,,,,,,,
COR,Justin,Boudriau,dwh_justin.boudriau@bnc.ca,EN,firm_client_accounts,BOUJ083,,,,,,,,,
COR,Karamveer,Sangha,dwh_karamveer.sangha@nbc.ca,EN,firm_client_accounts,SANK002,,,,,,,,,
COR,Karan,Bahri,dwh_karan.bahri@nbc.ca,EN,firm_client_accounts,BAHK002,,,,,,,,,
COR,Karan,Sehgal,dwh_karan.sehgal@nbc.ca,EN,firm_client_accounts,SEHK001,,,,,,,,,
COR,Karim,Sunderji,dwh_karimb.sunderji@bnc.ca,EN,firm_client_accounts,SUNK002,,,,,,,,,
COR,Karine,St-Amant,dwh_karine.st-amant@bnc.ca,EN,firm_client_accounts,STAK001,,,,,,,,,
COR,karthic,kumar,karthic@nbc.ca,EN,firm_client_accounts,karthic.kumar,11ss,ProxyH,murk002,,ViewOnlyConfidentialProfile_V1.17,TRUE,"CN04-CN04, CN08-CN08, CN09-CN09, CN17-CN17, CN23-CN23, CNAA-CN99, CNLE-CNLE, CWAA-CW99, M2AA-M299","paper_upload_menu,statements_menu,tax_documents_menu,trade_confirmations_menu",
COR,Karthic,test1,karthic.test1@gmail.com,EN,firm_client_accounts,karthic.test1,11ss,ProxyH,,,ViewOnlyConfidentialProfile_V1.17,TRUE,"CN04-CN04, CN08-CN08, CN09-CN09, CN17-CN17, CN23-CN23, CNAA-CN99, CNLE-CNLE, CWAA-CW99, M2AA-M299","paper_upload_menu,statements_menu,tax_documents_menu,trade_confirmations_menu",
COR,Kateryna,Konokh,dwh_kateryna.konokh@bnc.ca,EN,firm_client_accounts,KONK003,,,,,,,,,
COR,Katrina,Astrologo,dwh_katrina.astrologo@nbc.ca,EN,firm_client_accounts,ASTK001,,,,,,,,,
COR,Kayla,Rodrigues Goncalves,dwh_kayla.rodriguesgoncalves@nbc.ca,EN,firm_client_accounts,RODK001,,,,,,,,,
COR,Kelsey,Taylor,dwh_kelsey.taylor@nbc.ca,EN,firm_client_accounts,KELT001,,,,,,,,,
COR,Kenny,Wu,dwh_kenny.wu@nbc.ca,EN,firm_client_accounts,WUK003,,,,,,,,,
COR,Kevin,Jeffrey,dwh_kevin.jeffrey@bnc.ca,EN,firm_client_accounts,JEFK001,,,,,,,,,
COR,Kevin,Karatsu,dwh_kevin.karatsu@nbc.ca,EN,firm_client_accounts,KARK004,,,,,,,,,
COR,Kevin,Tat,dwh_kevin.tat@nbc.ca,EN,firm_client_accounts,TATK001,,,,,,,,,
COR,Khushboo Shiv,Ahuja,dwh_khushboo.ahuja@nbc.ca,EN,firm_client_accounts,AHUK001,,,,,,,,,
COR,Kieng,Ung,dwh_kieng.ung@nbc.ca,EN,firm_client_accounts,UNGK001,,,,,,,,,
COR,Kieran,Kelly,dwh_kieran.kelly@nbc.ca,EN,firm_client_accounts,KELK001,,,,,,,,,
COR,Kimberley,Olayemi,dwh_kimberley.olayemi@nbc.ca,EN,firm_client_accounts,OLAK001,,,,,,,,,
COR,Kit,Song,dwh_kit.song@nbc.ca,EN,firm_client_accounts,SONK001,,,,,,,,,
COR,Komalavathy,Thiruthanikasalam,dwh_komalavathy.thiruthanikasalam@nbc.ca,EN,firm_client_accounts,THIK001,,,,,,,,,
COR,Korinna,Wilson,dwh_korinna.fox@nbc.ca,EN,firm_client_accounts,FOXK001,,,,,,,,,
COR,Krishnaben,Vaghela,dwh_krishnaben.vaghela@nbc.ca,EN,firm_client_accounts,VAGK001,,,,,,,,,
COR,Kun,Hu,dwh_kun.hu@nbc.ca,EN,firm_client_accounts,HUK0001,,,,,,,,,
COR,Kyle,Thompson,dwh_kyle.thompson@bnc.ca,EN,firm_client_accounts,THOK011,,,,,,,,,
COR,Lavanya,Bala,dwh_lavanya.bala@nbc.ca,EN,firm_client_accounts,BALL001,,,,,,,,,
COR,Lawrence,Sugiarta,dwh_lawrence.sugiarta@nbc.ca,EN,firm_client_accounts,sugl001,,,,,,,,,
COR,Leanne,Morgan,dwh_leanne.morgan@nbc.ca,EN,firm_client_accounts,MORL047,,,,,,,,,
COR,Lee,Newell,dwh_lee.newell@nbc.ca,EN,firm_client_accounts,NEWL001,,,,,,,,,
COR,Lee-Ann,Lapierre,dwh_leeann.lapierre@nbc.ca,EN,firm_client_accounts,LAPL029,,,,,,,,,
COR,Leona,Lai,dwh_leona.lai@nbc.ca,EN,firm_client_accounts,LAIL002,,,,,,,,,
COR,Leroy,Callaghan-Brown,dwh_leroy.callaghanbrown@nbc.ca,EN,firm_client_accounts,CALL005,,,,,,,,,
COR,Lin,Yang,dwh_lin.yang@nbc.ca,EN,firm_client_accounts,YANL004,,,,,,,,,
COR,Lindsay,Pierce,dwh_lindsay.pierce@nbc.ca,EN,firm_client_accounts,PIEL003,,,,,,,,,
COR,Lini,Anil,dwh_lini.anil@nbc.ca,EN,firm_client_accounts,ANIL001,,,,,,,,,
COR,Lisa,Wenqi,dwh_wenqi.lei@nbc.ca,EN,firm_client_accounts,LEIW001,,,,,,,,,
COR,loginfirst,allnottrade,amaz@nbc.ca,EN,firm_client_accounts,loginfirst.allnottrade.uat,NBINIA,ProxyH,FUM202452117324.TEST,,ManageAllButNotTrade_v1.16,TRUE,"CN04-CN04, CN08-CN08, CN09-CN09, CN17-CN17, CN23-CN23, CNAA-CN99, CNLE-CNLE, CWAA-CW99, M2AA-M299","paper_upload_menu,statements_menu,tax_documents_menu,trade_confirmations_menu",
COR,Lynn,Chararbsissy,dwh_lynn.chararbsissy@nbc.ca,EN,firm_client_accounts,CHAL020,,,,,,,,,
COR,Madhuri,Chodha,dwh_madhuri.chodha@nbc.ca,EN,firm_client_accounts,CHOM007,,,,,,,,,
COR,Maggie,Lee,dwh_maggie.lee@bnc.ca,EN,firm_client_accounts,LEEM004,,,,,,,,,
COR,Maisha,Wahab,dwh_maisha.wahab@bnc.ca,EN,firm_client_accounts,WAHM001,,,,,,,,,
COR,Mandy,Liao,dwh_mandy.liao@nbc.ca,EN,firm_client_accounts,LIAM003,,,,,,,,,
COR,Manisha,Goonetilleke,dwh_manisha.goonetilleke@nbc.ca,EN,firm_client_accounts,GOOM001,,,,,,,,,
COR,Manoj,Somasundaram,dwh_shiyan.somasundaram@nbc.ca,EN,firm_client_accounts,SOMM001,,,,,,,,,
COR,Manon,Boulianne,dwh_manon.boulianne@nbc.ca,EN,firm_client_accounts,BOUM164,,,,,,,,,
COR,Manqiu,Zhang,dwh_manqiu.zhang@nbc.ca,EN,firm_client_accounts,ZHAM004,,,,,,,,,
COR,Mansi,Shah,dwh_mansi.shah@nbc.ca,EN,firm_client_accounts,SHAM012,,,,,,,,,
COR,Margot,Hovey-Ritter,dwh_margot.hoveyritter@nbc.ca,EN,firm_client_accounts,HOVM002,,,,,,,,,
COR,Maria,Paschalidis,dwh_maria.paschalidis@bnc.ca,EN,firm_client_accounts,MARP053,,,,,,,,,
COR,Mariah,Jeffers-Khan,dwh_mariah.jeffers-khan@nbc.ca,EN,firm_client_accounts,JEFM001,,,,,,,,,
COR,Mario,Reboucas,dwh_mario.reboucas@bnc.ca,EN,firm_client_accounts,REBM003,,,,,,,,,
COR,Martin,Makarski,dwh_martin.makarski@bnc.ca,EN,firm_client_accounts,h133old,,,,,,,,,
COR,Martin,Ungvarsky,dwh_martin.ungvarsky@bnc.ca,EN,firm_client_accounts,ungm001,,,,,,,,,
COR,Mary,Lozinski,dwh_mary.lozinski@nbc.ca,EN,firm_client_accounts,lozm002,,,,,,,,,
COR,Maryanne,Rizun,dwh_maryanne.rizun@bnc.ca,EN,firm_client_accounts,RIZM005,,,,,,,,,
COR,Mason,Falbo,dwh_mason.falbo@nbc.ca,EN,firm_client_accounts,FALM018,,,,,,,,,
COR,Matthew,Ma,dwh_matthew.ma@nbc.ca,EN,firm_client_accounts,mah001,,,,,,,,,
COR,Matthew,Pollock,dwh_matthew.pollock@bnc.ca,EN,firm_client_accounts,POLM006,,,,,,,,,
COR,Matthieu,Cauffiez,dwh_matthieu.cauffiez@bnc.ca,EN,firm_client_accounts,CAUM001,,,,,,,,,
COR,Mavis,Kunjappu,dwh_mavis.kunjappu@nbc.ca,EN,firm_client_accounts,kunm001,,,,,,,,,
COR,Meghna,Bhavsar,dwh_meghna.bhavsar@nbc.ca,EN,firm_client_accounts,BHAM001,,,,,,,,,
COR,Mehdi,Hossain,dwh_mehdi.hossain@nbc.ca,EN,firm_client_accounts,HOSM001,,,,,,,,,
COR,Melanie,Sauriol,dwh_sauriol.melanie@bnc.ca,EN,firm_client_accounts,SAUM024,,,,,,,,,
COR,Michael,Dillon,dwh_michael.dillon@nbf-us.com,EN,firm_client_accounts,h314mvl,,,,,,,,,
COR,Michael,Tan,dwh_michael.tan@bnc.ca,EN,firm_client_accounts,TANM016,,,,,,,,,
COR,Michael,Tate,dwh_michael.tate@nbc.ca,EN,firm_client_accounts,TATM001,,,,,,,,,
COR,Michele,Hansson,dwh_michele.hansson@nbc.ca,EN,firm_client_accounts,HANM002,,,,,,,,,
COR,Mike,Pacheco,dwh_mike.pacheco@nbc.ca,EN,firm_client_accounts,PACM001,,,,,,,,,
COR,Mike,Tocheri,dwh_mike.tocheri@bnc.ca,EN,firm_client_accounts,TOCM001,,,,,,,,,
COR,Min,Kim,dwh_min.kim@nbc.ca,EN,firm_client_accounts,KIMM003,,,,,,,,,
COR,Mitchelle,Ekekwe,dwh_mitchelle.ekekwe@nbc.ca,EN,firm_client_accounts,EKEM001,,,,,,,,,
COR,miyuki,COR2,miyuki.ikuse4@nbc.ca,EN,firm_client_accounts,miyuki.cor2.uat,,PROXYX,TestFum53004.QA53004,,Legacy-AdminAll,TRUE,"CN04-CN04, CN08-CN08, CN09-CN09, CN17-CN17, CN23-CN23, CNAA-CN99, CNLE-CNLE, CWAA-CW99, M2AA-M299",,
COR,Miyuki,COR,miyuki.ikuse3@nbc.ca,EN,firm_client_accounts,miyuki.cor.uat,,PROXYX,imosttest,,Legacy-AdminAll,FALSE,CNTA-CNTA,,
COR,Miyuki,Ikuse,dwh_miyuki.ikuse@nbc.ca,EN,firm_client_accounts,IKUM001,,,,,,,,,
COR,Nadia,Nowrin,dwh_nadia.nowrin@nbc.ca,EN,firm_client_accounts,NOWN002,,,,,,,,,
COR,Nadia,Thomas,dwh_nadia.thomas@nbc.ca,EN,firm_client_accounts,THON007,,,,,,,,,
COR,Nathalie,Godbout,dwh_nathalie.godbout@bnc.ca,EN,firm_client_accounts,GODN011,,,,,,,,,
COR,Nelli,Leite,dwh_nelli.leite@nbc.ca,EN,firm_client_accounts,LEIN002,,,,,,,,,
COR,Nicholas,Comtois,dwh_nicholas.comtois@bnc.ca,EN,firm_client_accounts,COMN006,,,,,,,,,
COR,Nicholas,Watson,dwh_nicholas.watson@nbc.ca,EN,firm_client_accounts,WATN002,,,,,,,,,
COR,Nick,Derevianko,dwh_nick.derevianko@bnc.ca,EN,firm_client_accounts,DERN004,,,,,,,,,
COR,Nick,Sarazin,dwh_nick.sarazin@nbc.ca,EN,firm_client_accounts,SARN008,,,,,,,,,
COR,Nicole,Furtado,dwh_nicolex.furtado@nbc.ca,EN,firm_client_accounts,FURN003,,,,,,,,,
COR,Nikhil,Kapur,dwh_nikhil.kapur@nbc.ca,EN,firm_client_accounts,KAPN001,,,,,,,,,
COR,Nitasha,Kapur,dwh_nitasha.kapur@nbc.ca,EN,firm_client_accounts,KAPN002,,,,,,,,,
COR,Nitika,Puri,dwh_nitikac.puri@nbc.ca,EN,firm_client_accounts,PURN005,,,,,,,,,
COR,nomfa,advisor,nomfa.advisor1@nestwealth.com,EN,firm_client_accounts,nomfa.advisor1,,ProxyH,,,ViewOnlyConfidentialProfile_V1.17,TRUE,"CN04-CN04, CN08-CN08, CN09-CN09, CN17-CN17, CN23-CN23, CNAA-CN99, CNLE-CNLE, CWAA-CW99, M2AA-M299","paper_upload_menu,statements_menu,tax_documents_menu,trade_confirmations_menu",
COR,nomfa,assistant,nomfa.assistant1@nestwealth.com,EN,firm_client_accounts,nomfa.assistant1,,ProxyH,,,ViewOnlyConfidentialProfile_V1.17,TRUE,"CN04-CN04, CN08-CN08, CN09-CN09, CN17-CN17, CN23-CN23, CNAA-CN99, CNLE-CNLE, CWAA-CW99, M2AA-M299","paper_upload_menu,statements_menu,tax_documents_menu,trade_confirmations_menu",
COR,Nonuccia,Mccambridge,dwh_nonuccia.mccambridge@nbc.ca,EN,firm_client_accounts,MCCN002,,,,,,,,,
COR,Obaloluwa,Oyemade,obaloluwa.oyemade@nbc.ca,EN,firm_client_accounts,obaloluwa.oyemade.uat,NBINIA,ProxyH,,,ManageAll_V1.17,TRUE,"CN04-CN04, CN08-CN08, CN09-CN09, CN17-CN17, CN23-CN23, CNAA-CN99, CNLE-CNLE, CWAA-CW99, M2AA-M299","orders_upload,paper_upload_menu,gic_management_menu,statements_menu,tax_documents_menu,trade_confirmations_menu,mf_orders_upload","mf_product,equity_product"
COR,Obaloluwa,Oyemade,dwh_obaloluwa.oyemade@nbc.ca,EN,firm_client_accounts,OYEO002,,,,,,,,,
COR,Oluwagbenga (olu),Ogundare,dwh_oluwagbengaolu.ogundare@nbc.ca,EN,firm_client_accounts,OGUO001,,,,,,,,,
COR,Omar,Tine,dwh_omar.tine@nbc.ca,EN,firm_client_accounts,TINO001,,,,,,,,,
COR,onboard,TestIs,alexandre.kochlan@nbc.ca,EN,firm_client_accounts,onboard.testis.uat,,,ACorr.Test123123,,ManageServiceRequests_V1.17,TRUE,"CN04-CN04, CN08-CN08, CN09-CN09, CN17-CN17, CN23-CN23, CNAA-CN99, CNLE-CNLE, CWAA-CW99, M2AA-M299",paper_upload_menu,
COR,Ops,Trader.1,ops.trader.1@nbc.ca,EN,firm_client_accounts,ops.trader.1,opstrader,ProxyH,,,ViewOnlyConfidentialProfile_V1.17,TRUE,"CN04-CN04, CN08-CN08, CN09-CN09, CN17-CN17, CN23-CN23, CNAA-CN99, CNLE-CNLE, CWAA-CW99, M2AA-M299","paper_upload_menu,statements_menu,tax_documents_menu,trade_confirmations_menu",
COR,Osama,Mahmood,dwh_osama.mahmood@nbc.ca,EN,firm_client_accounts,h418thq,,,,,,,,,
COR,Oscar Benchun,Shi,dwh_oscarbenchun.shi@nbc.ca,EN,firm_client_accounts,SHIO001,,,,,,,,,
COR,Owen,Mullings,dwh_owen.mullings@nbc.ca,EN,firm_client_accounts,MULO002,,,,,,,,,
COR,Paige,Zimmer,dwh_paige.zimmer@nbc.ca,EN,firm_client_accounts,ZIMP001,,,,,,,,,
COR,Patricia,Morrison,dwh_patricia.morrison@nbc.ca,EN,firm_client_accounts,MORP023,,,,,,,,,
COR,Patrick,Primerano,dwh_patrick.primerano@bnc.ca,EN,firm_client_accounts,prip009,,,,,,,,,
COR,Paul,Krol,dwh_paul.krol@nbc.ca,EN,firm_client_accounts,KROP001,,,,,,,,,
COR,Paula,Pereira,dwh_paula.pereira@nbc.ca,EN,firm_client_accounts,PERP009,,,,,,,,,
COR,PAUL DOMINQUE,CORREA,dwh_pauldominique.correa@bnc.ca,EN,firm_client_accounts,CORP013,,,,,,,,,
COR,Paulo,Demarco,dwh_paulo.demarco@nbc.ca,EN,firm_client_accounts,DEMP003,,,,,,,,,
COR,Pawanpreet Kaur,Wariach,dwh_pawanpreetkaur.wariach@nbc.ca,EN,firm_client_accounts,WARP001,,,,,,,,,
COR,Peachy,Cadang,dwh_peachy.cadang@bnc.ca,EN,firm_client_accounts,CADP007,,,,,,,,,
COR,Penny,Lam,dwh_penny.lam@nbc.ca,EN,firm_client_accounts,LAMP005,,,,,,,,,
COR,Penny,Lam2,penny.lam@nbc.ca,EN,firm_client_accounts,penny.lam21.uat,NBINIA,ProxyH,Penny.Lam21,,ManageAll_V1.17,TRUE,"CN04-CN04, CN08-CN08, CN09-CN09, CN17-CN17, CN23-CN23, CNAA-CN99, CNLE-CNLE, CWAA-CW99, M2AA-M299","paper_upload_menu,gic_management_menu,statements_menu,tax_documents_menu,trade_confirmations_menu,mf_orders_upload",
COR,Pentest4,UATv1.8,pentest4.uatv1.8@nbc.ca,EN,firm_client_accounts,pentest4.uatv1.8,pentest4.uatv1.8,ProxyH,,,ViewOnlyConfidentialProfile_V1.17,TRUE,"CN04-CN04, CN08-CN08, CN09-CN09, CN17-CN17, CN23-CN23, CNAA-CN99, CNLE-CNLE, CWAA-CW99, M2AA-M299","paper_upload_menu,statements_menu,tax_documents_menu,trade_confirmations_menu",
COR,Peter,Goulospe,dwh_peter.goulos@nbc.ca,EN,firm_client_accounts,GOUP005,,,,,,,,,
COR,Peter,Henry,dwh_peter.henry@nbc.ca,EN,firm_client_accounts,HENP004,,,,,,,,,
COR,Petet,Favas,dwh_peter.favas@bnc.ca,EN,firm_client_accounts,FAVP001,,,,,,,,,
COR,Philip,Sendanyoye,dwh_philip.sendanyoye@nbc.ca,EN,firm_client_accounts,SENP001,,,,,,,,,
COR,Phuong Han,Nguyen,dwh_phuonghan.nguyen@nbc.ca,EN,firm_client_accounts,NGUP009,,,,,,,,,
COR,Pierre-Olivier,Mcconnell,dwh_pierreolivier.mcconnell@bnc.ca,EN,firm_client_accounts,MCCP002,,,,,,,,,
COR,Prabin,Maharjan,dwh_prabin.maharjan@nbc.ca,EN,firm_client_accounts,MAHP004,,,,,,,,,
COR,Pranavi Priyanka,Damaraju,dwh_pranavi.damaraju@nbc.ca,EN,firm_client_accounts,DAMP001,,,,,,,,,
COR,Rachel,Norman,dwh_rachel.norman@nbc.ca,EN,firm_client_accounts,NORR005,,,,,,,,,
COR,Radhika,Lalan,dwh_radhika.lalan@nbc.ca,EN,firm_client_accounts,LALR001,,,,,,,,,
COR,Radhika,Sharma,dwh_radhika.sharma@bnc.ca,EN,firm_client_accounts,SHAR005,,,,,,,,,
COR,Radhika,Sharma,radhika.sharma@nbc.ca,EN,firm_client_accounts,radhika.sharma.uat,"KATI0004,KAMARIT2,SOMAGDI4",,,,ManageAll_V1.17,TRUE,"CN04-CN04, CN08-CN08, CN09-CN09, CN17-CN17, CN23-CN23, CNAA-CN99, CNLE-CNLE, CWAA-CW99, M2AA-M299",,
COR,Rahmil Adam,Mustafa,dwh_rahmiladam.mustafa@nbc.ca,EN,firm_client_accounts,MUSR001,,,,,,,,,
COR,Raymond,Norris,dwh_ray.norris@nbc.ca,EN,firm_client_accounts,NORR003,,,,,,,,,
COR,Rodney,Clifton,dwh_rodney.clifton@nbc.ca,EN,firm_client_accounts,CLIR005,,,,,,,,,
COR,Roland,Nathaniel,roland.nathaniel1@bnc.ca,EN,firm_client_accounts,roland.nathaniel2,saxennav,ProxyH,,,ViewOnlyConfidentialProfile_V1.17,TRUE,"CN04-CN04, CN08-CN08, CN09-CN09, CN17-CN17, CN23-CN23, CNAA-CN99, CNLE-CNLE, CWAA-CW99, M2AA-M299","paper_upload_menu,statements_menu,tax_documents_menu,trade_confirmations_menu",
COR,Roland,Nathaniel,dwh_roland.nathaniel@nbc.ca,EN,firm_client_accounts,NATR002,,,,,,,,,
COR,Ron,DaSilva,dwh_ron.dasilva@nbc.ca,EN,firm_client_accounts,DASR003,,,,,,,,,
COR,Rozzana,Sariffodeen,dwh_rozana.sariffodeen@bnc.ca,EN,firm_client_accounts,SARG004,,,,,,,,,
COR,Rutava,Patel,dwh_rutava.patel@nbc.ca,EN,firm_client_accounts,PATR006,,,,,,,,,
COR,Sabrina,Malebranche,dwh_sabrina.malebranche@bnc.ca,EN,firm_client_accounts,MALS015,,,,,,,,,
COR,Sabrina,Vitelli,dwh_sabrina.vitelli@bnc.ca,EN,firm_client_accounts,VITS001,,,,,,,,,
COR,sadf,dsfgv,test@nbc.ca,EN,firm_client_accounts,test23,,,,,,,,,
COR,Sadia,Rahman,dwh_sadiab.rahman@nbc.ca,EN,firm_client_accounts,RAHS011,,,,,,,,,
COR,Saeed,Keshavarz,dwh_saeed.keshavarz@nbc.ca,EN,firm_client_accounts,KESS003,,,,,,,,,
COR,Sahil,Sharma,dwh_sahil.sharma@nbc.ca,EN,firm_client_accounts,SHAS016,,,,,,,,,
COR,Saiful,Islam,dwh_saiful.islam@nbc.ca,EN,firm_client_accounts,ISLS003,,,,,,,,,
COR,Sally,Banh,dwh_sally.banh@nbc.ca,EN,firm_client_accounts,BANT001,,,,,,,,,
COR,sam,jones,sam.jones@nbc.ca,EN,firm_client_accounts,sam.jones.uat,NBINIA,ProxyH,test.test34,,ManageAccountsAndProfiles_V1.17,TRUE,"CN04-CN04, CN08-CN08, CN09-CN09, CN17-CN17, CN23-CN23, CNAA-CN99, CNLE-CNLE, CWAA-CW99, M2AA-M299","paper_upload_menu,statements_menu,tax_documents_menu,trade_confirmations_menu",
COR,Sam,Turner,dwh_sam.turner@nbc.ca,EN,firm_client_accounts,TURS004,,,,,,,,,
COR,Sammer,Salama,dwh_sammer.salama@nbc.ca,EN,firm_client_accounts,SALS013,,,,,,,,,
COR,Sanchit,Agarwal,dwh_sanchit.agarwal@nbc.ca,EN,firm_client_accounts,AGAS004,,,,,,,,,
COR,Sanjida,Azmal,dwh_sanjida.azmal@nbc.ca,EN,firm_client_accounts,AZMS001,,,,,,,,,
COR,Sanket,Bhayani,dwh_sanket.bhayani@nbc.ca,EN,firm_client_accounts,BHAS008,,,,,,,,,
COR,Sarah,Cabbott,dwh_sarah.cabott@nbc.ca,EN,firm_client_accounts,CABS003,,,,,,,,,
COR,Sarah,Mohan,dwh_sarah.mohan@nbc.ca,EN,firm_client_accounts,MOHS005,,,,,,,,,
COR,Sarina,Chawla,dwh_sarina.chawla@nbc.ca,EN,firm_client_accounts,CHAS099,,,,,,,,,
COR,Satveer (Sunny),Ahluwalia,dwh_sunny.ahluwalia@bnc.ca,EN,firm_client_accounts,AHLS001,,,,,,,,,
COR,Scott,Pickup,dwh_scott.pickup@nbc.ca,EN,firm_client_accounts,PICS027,,,,,,,,,
COR,Seerat,Gill,dwh_seerat.gill@nbc.ca,EN,firm_client_accounts,GILS003,,,,,,,,,
COR,Shane,Mohammed,dwh_shane.mohammed@nbc.ca,EN,firm_client_accounts,MOHA003,,,,,,,,,
COR,Sharmin,Rahman,dwh_sharmin.rahman@bnc.ca,EN,firm_client_accounts,RAHS005,,,,,,,,,
COR,Sharron,Whiteway,dwh_sharon.whiteway@nbc.ca,EN,firm_client_accounts,WHIS003,,,,,,,,,
COR,Shawn,Corps,dwh_shawn.corps@nbc.ca,EN,firm_client_accounts,CORS003,,,,,,,,,
COR,Shazeda,Chowdhury,dwh_shazeda.chowdhury@nbc.ca,EN,firm_client_accounts,CHOS002,,,,,,,,,
COR,Sheila,Herrera,sheila.herrera1@bnc.ca,EN,firm_client_accounts,sheila.herrera1.uat,"SOC2 ",ProxyH,,,AdminAll_V1.17,TRUE,"CN04-CN04, CN08-CN08, CN09-CN09, CN17-CN17, CN23-CN23, CNAA-CN99, CNLE-CNLE, CWAA-CW99, M2AA-M299","paper_upload_menu,gic_management_menu,statements_menu,tax_documents_menu,trade_confirmations_menu,mf_orders_upload",
COR,Sheila,Herrera,dwh_sheila.herrera@bnc.ca,EN,firm_client_accounts,HERS001,,,,,,,,,
COR,Shirley,Bilow,dwh_shirley.bilow@bnc.ca,EN,firm_client_accounts,BILS006,,,,,,,,,
COR,Shivani,Mehrotra,dwh_shivani.mehrotra@nbc.ca,EN,firm_client_accounts,MEHS007,,,,,,,,,
COR,Shobhit,Singh,dwh_shobhit.singh@nbc.ca,EN,firm_client_accounts,SINS008,,,,,,,,,
COR,Shruti,Agarwal,dwh_shruti.agarwal@nbc.ca,EN,firm_client_accounts,AGAS001,,,,,,,,,
COR,Sogna Diana,Appezzato,dwh_sogna.appezzato@bnc.ca,EN,firm_client_accounts,APPS003,,,,,,,,,
COR,Sonam,Khatgarh,dwh_sonam.khatgarh@nbc.ca,EN,firm_client_accounts,KHAS019,,,,,,,,,
COR,Sourabh,Dhawan,dwh_sourabh.dhawan@nbc.ca,EN,firm_client_accounts,DHAS001,,,,,,,,,
COR,Sourabh,Soni,dwh_sourabh.soni@nbc.ca,EN,firm_client_accounts,h605qyc,,,,,,,,,
COR,Stanley,Kwong,dwh_stanley.kwong@nbc.ca,EN,firm_client_accounts,KWOS001,,,,,,,,,
COR,Stefano,Bonofiglio,dwh_stefano.bonofiglio@bnc.ca,EN,firm_client_accounts,bons013,,,,,,,,,
COR,Stephane,Cerny,dwh_stephane.cerny@bnc.ca,EN,firm_client_accounts,CERS002,,,,,,,,,
COR,Stephanie,Malone,dwh_stephanie.malone@nbc.ca,EN,firm_client_accounts,MALS023,,,,,,,,,
COR,Stephen John,Mccormack,dwh_stephenjohn.mccormack@bnc.ca,EN,firm_client_accounts,MCCS013,,,,,,,,,
COR,Steven,Li,dwh_steven.li@nbc.ca,EN,firm_client_accounts,LIS005,,,,,,,,,
COR,Suet Li,Wong,dwh_suetli.wong@nbc.ca,EN,firm_client_accounts,WONS009,,,,,,,,,
COR,Susanne,Clifford,dwh_susanne.clifford@nbc.ca,EN,firm_client_accounts,CLIS002,,,,,,,,,
COR,Suzi,Ruffolo,dwh_suzi.ruffolo@nbc.ca,EN,firm_client_accounts,RUFS001,,,,,,,,,
COR,Swathi,Patil,dwh_swathi.patil@nbc.ca,EN,firm_client_accounts,PATS010,,,,,,,,,
COR,Syvan,Burns,dwh_syvan.burns@nbc.ca,EN,firm_client_accounts,BURJ010,,,,,,,,,
COR,Tahiyeh,Sheraze,dwh_tahiyeh.sheraze@nbc.ca,EN,firm_client_accounts,SHET002,,,,,,,,,
COR,Taso,Karounos,dwh_taso.karounos@nbc.ca,EN,firm_client_accounts,KAROUNTA,,,,,,,,,
COR,Tatiana,Kaufmann,dwh_tatiana.kaufmann@bnc.ca,EN,firm_client_accounts,ALET002,,,,,,,,,
COR,Ted,Tesfahun,dwh_ted.tesfahun@nbc.ca,EN,firm_client_accounts,TEST003,,,,,,,,,
COR,test,21409,test88@nbc.ca,EN,firm_client_accounts,test.21409.uat,,null,TestFum64783.QA64783,,ManageAccountsAndProfiles_V1.17,TRUE,"CN04-CN04, CN08-CN08, CN09-CN09, CN17-CN17, CN23-CN23, CNAA-CN99, CNLE-CNLE, CWAA-CW99, M2AA-M299","paper_upload_menu,statements_menu,tax_documents_menu,trade_confirmations_menu",
COR,test,accounts,saerrccee@nbc.ca,EN,firm_client_accounts,test.accounts1.uat,NBINIA,ProxyH,TestFum541456.QA541456,,ManageAll_V1.17,TRUE,"CN04-CN04, CN08-CN08, CN09-CN09, CN17-CN17, CN23-CN23, CNAA-CN99, CNLE-CNLE, CWAA-CW99, M2AA-M299","infinite_applications,orders_module,orders_upload,questionnaire_applications,soma_servicing,form_applications,paper_upload_menu,gic_management_menu,statements_menu,tax_documents_menu,trade_confirmations_menu,mf_orders_upload",
COR,test,accountsdata,saerrccd@nbc.ca,EN,firm_client_accounts,test.accountsdata.uat,NBINIA,ProxyH,,,ManageAll_V1.17,TRUE,"CN04-CN04, CN08-CN08, CN09-CN09, CN17-CN17, CN23-CN23, CNAA-CN99, CNLE-CNLE, CWAA-CW99, M2AA-M299","orders_module,orders_upload,questionnaire_applications,soma_servicing,form_applications,paper_upload_menu,gic_management_menu,statements_menu,tax_documents_menu,trade_confirmations_menu,mf_orders_upload",
COR,test,accountservic,saereer@nbc.ca,EN,firm_client_accounts,test.accountservic1.uat,NBINIA,ProxyH,TestFum551717.QA551717,,ManageAll_V1.17,TRUE,"CN04-CN04, CN08-CN08, CN09-CN09, CN17-CN17, CN23-CN23, CNAA-CN99, CNLE-CNLE, CWAA-CW99, M2AA-M299","infinite_applications,orders_module,questionnaire_applications,paper_upload_menu,gic_management_menu,statements_menu,tax_documents_menu,trade_confirmations_menu,mf_orders_upload",
COR,test,dwh.super,testddf@nbc.ca,EN,firm_client_accounts,test.dwh.super1.uat,,,test12,,ManageDWHUser_v1.16,FALSE,"CNCN-CNCN, CNTA-CNTA",,
COR,test,firsttime2,sartge@nbc.ca,EN,firm_client_accounts,test.firsttime2.uat,NBINIA,ProxyH,FUM202452117305.TEST,,ManageAllButNotTrade_v1.16,TRUE,"CN04-CN04, CN08-CN08, CN09-CN09, CN17-CN17, CN23-CN23, CNAA-CN99, CNLE-CNLE, CWAA-CW99, M2AA-M299","paper_upload_menu,statements_menu,tax_documents_menu,trade_confirmations_menu",
COR,test,firsttime3,hrrafct@nbc.ca,EN,firm_client_accounts,test.firsttime3.uat,NBINIA,ProxyH,FUM2024521173241.TEST,,ManageAllButNotTrade_v1.16,TRUE,"CN04-CN04, CN08-CN08, CN09-CN09, CN17-CN17, CN23-CN23, CNAA-CN99, CNLE-CNLE, CWAA-CW99, M2AA-M299","paper_upload_menu,statements_menu,tax_documents_menu,trade_confirmations_menu",
COR,test,kk,kk@nbc.ca,EN,firm_client_accounts,test.kk,asdfa,ProxyH,,,ViewOnlyConfidentialProfile_V1.17,TRUE,"CN04-CN04, CN08-CN08, CN09-CN09, CN17-CN17, CN23-CN23, CNAA-CN99, CNLE-CNLE, CWAA-CW99, M2AA-M299","paper_upload_menu,statements_menu,tax_documents_menu,trade_confirmations_menu",
COR,test,test,test@nbc.ca,FR,firm_client_accounts,testtgv,,,,,,,,,
COR,test,test,test@nbc.ca,EN,firm_client_accounts,test45e,,,,,,,,,
COR,test,test,test33r@nbc.ca,EN,firm_client_accounts,demor,,,,,,,,,
COR,test,test,test@nbc.ca,FR,firm_client_accounts,testtgvrr,,,,,,,,,
COR,test,test,test@nbc.ca,EN,firm_client_accounts,testbvc,,,,,,,,,
COR,test,test,test@nbc.ca,EN,firm_client_accounts,test45,,,,,,,,,
COR,Test,accountservicdata,saerrs@nbc.ca,EN,firm_client_accounts,test.accountservicdata.uat,NBINIA,ProxyH,,,ManageAll_V1.17,TRUE,"CN04-CN04, CN08-CN08, CN09-CN09, CN17-CN17, CN23-CN23, CNAA-CN99, CNLE-CNLE, CWAA-CW99, M2AA-M299","orders_module,orders_upload,questionnaire_applications,paper_upload_menu,gic_management_menu,statements_menu,tax_documents_menu,trade_confirmations_menu,mf_orders_upload",
COR,test01,last,test01.last@nbc.ca,EN,firm_client_accounts,test01.last.uat,NBINIA,ProxyH,test01.last,,ManageAccountsAndProfiles_V1.17,TRUE,"CN04-CN04, CN08-CN08, CN09-CN09, CN17-CN17, CN23-CN23, CNAA-CN99, CNLE-CNLE, CWAA-CW99, M2AA-M299","paper_upload_menu,statements_menu,tax_documents_menu,trade_confirmations_menu",
COR,test02,last,test02.last@nbc.ca,EN,firm_client_accounts,test02.last.uat,NBINIA,ProxyH,test02.last,,ManageAccountsAndProfiles_V1.17,TRUE,"CN04-CN04, CN08-CN08, CN09-CN09, CN17-CN17, CN23-CN23, CNAA-CN99, CNLE-CNLE, CWAA-CW99, M2AA-M299","form_applications,paper_upload_menu,statements_menu,tax_documents_menu,trade_confirmations_menu",
COR,test03,last,test03.last@nbc.ca,EN,firm_client_accounts,test03.last.uat,NBINIA,ProxyH,test03.last,,ManageAccountsAndProfiles_V1.17,TRUE,"CN04-CN04, CN08-CN08, CN09-CN09, CN17-CN17, CN23-CN23, CNAA-CN99, CNLE-CNLE, CWAA-CW99, M2AA-M299","questionnaire_applications,paper_upload_menu,statements_menu,tax_documents_menu,trade_confirmations_menu",
COR,test04,last,test04.last@nbc.ca,EN,firm_client_accounts,test04.last.uat,NBINIA,ProxyH,test04.last,,ManageAllButNotTrade_v1.16,TRUE,"CN04-CN04, CN08-CN08, CN09-CN09, CN17-CN17, CN23-CN23, CNAA-CN99, CNLE-CNLE, CWAA-CW99, M2AA-M299","paper_upload_menu,statements_menu,tax_documents_menu,trade_confirmations_menu",
COR,test99,test99,dwh_aziz.methqalsdsd@nbc.ca,EN,firm_client_accounts,demo,,null,,,,,,,
COR,test_ankit,dwh,test@nbc.ca,EN,compass_r2,testankit.dwh.uat,,,,,ManageDWHUser_v1.16,FALSE,"CN04-CN04, CN08-CN08, CN09-CN09, CN17-CN17, CN23-CN23, CNAA-CN99, CNLE-CNLE, CWAA-CW99, M2AA-M299",,
COR,testara12,userara11,testara12@gmail.com,EN,firm_client_accounts,ARATEST001,,,,,,,,,
COR,Testdwh,UAT789,testdwhuat1@gmail.com,EN,firm_client_accounts,TESTUAT0078,,,,,,,,,
COR,testfirstlogin,first,safdghasert@nbc.ca,EN,firm_client_accounts,testfirstlogin.first.uat,NBINIA,ProxyH,FUM2024521173134.TEST,,ManageAllButNotTrade_v1.16,TRUE,"CN04-CN04, CN08-CN08, CN09-CN09, CN17-CN17, CN23-CN23, CNAA-CN99, CNLE-CNLE, CWAA-CW99, M2AA-M299","paper_upload_menu,statements_menu,tax_documents_menu,trade_confirmations_menu",
COR,testlogin,allbutnottrade,aanbvcert@nbc.ca,EN,firm_client_accounts,testlogin.allbutnottrade.uat,NBINIA,ProxyH,FUM2024521173036.TEST,,ManageAllButNotTrade_v1.16,TRUE,"CN04-CN04, CN08-CN08, CN09-CN09, CN17-CN17, CN23-CN23, CNAA-CN99, CNLE-CNLE, CWAA-CW99, M2AA-M299","paper_upload_menu,statements_menu,tax_documents_menu,trade_confirmations_menu",
COR,Theresa,Foster,dwh_theresa.foster@nbc.ca,EN,firm_client_accounts,FOST001,,,,,,,,,
COR,Thibault,Perthame,dwh_thibault.perthame@bnc.ca,EN,firm_client_accounts,PERT012,,,,,,,,,
COR,Thileepan,Sujenthika,dwh_sujenthika.thileepan@nbc.ca,EN,firm_client_accounts,THIS025,,,,,,,,,
COR,Todd,Brennand,dwh_todd.brennand@nbc.ca,EN,firm_client_accounts,BRET004,,,,,,,,,
COR,Tom,Fisher,dwh_tom.fisher@bnc.ca,EN,firm_client_accounts,FIST004,,,,,,,,,
COR,Tomasz,Hosiawa,dwh_tomasz.hosiawa@nbc.ca,EN,firm_client_accounts,h453iwz,,null,,,,,,,
COR,Tomasz,Ignaczak,dwh_tomasz.ignaczak@nbc.ca,EN,firm_client_accounts,IGNT001,,,,,,,,,
COR,Tony,Greco,dwh_tony.greco@nbc.ca,EN,firm_client_accounts,GREA024,,,,,,,,,
COR,Trisha,Mitchell,dwh_trisha.mitchell@nbc.ca,EN,firm_client_accounts,MITT002,,,,,,,,,
COR,Tuba,Driscoll,dwh_tuba.driscoll@nbc.ca,EN,firm_client_accounts,DRIT001,,,,,,,,,
COR,Vaishali,Sankpal,dwh_vaishali.sankpal@nbc.ca,EN,firm_client_accounts,SANV007,,,,,,,,,
COR,Valavan,Patkunaranjan,dwh_valavan.patkunaranjan@nbc.ca,EN,firm_client_accounts,h768rfr,,,,,,,,,
COR,Valeria,Fano Alcantara,dwh_valeria.fanoalcantara@nbc.ca,EN,firm_client_accounts,FANV003,,,,,,,,,
COR,Valerie,Almario,dwh_valerie.almario@nbc.ca,EN,firm_client_accounts,ALMV002,,,,,,,,,
COR,Vanaja,Sivapalan,dwh_vanaja.sivapalan@nbc.ca,EN,firm_client_accounts,SIVV001,,,,,,,,,
COR,Vinay Kumar,Rathi,dwh_vinaykumar.rathi@nbc.ca,EN,firm_client_accounts,RATV001,,,,,,,,,
COR,Vince,Beridze,dwh_vince.beridze@nbc.ca,EN,firm_client_accounts,h860qtv,,,,,,,,,
COR,Vinson,Chen,dwh_vinson.chen@nbc.ca,EN,firm_client_accounts,CHEV001,,,,,,,,,
COR,Vishvesh,Soni,dwh_vishvesh.soni@nbc.ca,EN,firm_client_accounts,SONV002,,,,,,,,,
COR,Vivian,Lau,dwh_vivian.lau@nbc.ca,EN,firm_client_accounts,LAUV002,,,,,,,,,
COR,Wagner,Test33,wagner.test.33@gmail.com,FR,firm_client_accounts,wagnertest33,,,,,,,,,
COR,Wanhee,Lee,dwh_wanhee.lee@nbc.ca,EN,firm_client_accounts,LEEW004,,,,,,,,,
COR,Wayne,D'Souza,dwh_wayne.dsouza@nbc.ca,EN,firm_client_accounts,DSOW001,,,,,,,,,
COR,Wayne,Ward,dwh_wayne.ward@nbc.ca,EN,firm_client_accounts,WARW002,,,,,,,,,
COR,Wesley,Parsons,dwh_wesley.parsons@nbc.ca,EN,firm_client_accounts,PARW003,,,,,,,,,
COR,William,Krupa,dwh_william.krupa@bnc.ca,EN,firm_client_accounts,KRUW001,,,,,,,,,
COR,William,Somerville,dwh_bill.somerville@nbc.ca,EN,firm_client_accounts,SOMW001,,,,,,,,,
COR,Wilmine,Anglade,dwh_wilminee.anglade@bnc.ca,EN,firm_client_accounts,ANGW001,,,,,,,,,
COR,Wilson,Batista,dwh_wilson.batista@nbc.ca,EN,firm_client_accounts,BATW001,,,,,,,,,
COR,Wilson,Batista,wilson.batista@bnc.ca,EN,firm_client_accounts,wilson.batista1,,ProxyH,,,ViewOnlyConfidentialProfile_V1.17,TRUE,"CN04-CN04, CN08-CN08, CN09-CN09, CN17-CN17, CN23-CN23, CNAA-CN99, CNLE-CNLE, CWAA-CW99, M2AA-M299","paper_upload_menu,statements_menu,tax_documents_menu,trade_confirmations_menu",
COR,Winnie,Lam,dwh_winnie.lam@nbc.ca,EN,firm_client_accounts,lamw005,,,,,,,,,
COR,Wm,Reporting,dwh_wm.reporting@nbc.ca,EN,firm_client_accounts,GMI0107,,,,,,,,,
COR,Xuan Michael,Feng,dwh_xuanmichael.feng@nbc.ca,EN,firm_client_accounts,FENX002,,,,,,,,,
COR,Yassimina,Liamidi,dwh_yassimina.liamidi@bnc.ca,EN,firm_client_accounts,LIAY002,,,,,,,,,
COR,Yen,Nguyen,dwh_yen.nguyen@nbc.ca,EN,firm_client_accounts,NGUY004,,,,,,,,,
COR,Yi Ran,Wan,dwh_yiran.wan@nbc.ca,EN,firm_client_accounts,WANY009,,,,,,,,,
COR,Yogesh,Sharma,dwh_yogesh.sharma@nbc.ca,EN,firm_client_accounts,SHAY001,,,,,,,,,
COR,Yvette,Broadnax,dwh_yvette.broadnax@nbc.ca,EN,firm_client_accounts,BROY001,,,,,,,,,
COR,Zachary,Shafi,dwh_zachary.shafi@nbc.ca,EN,firm_client_accounts,SHAZ003,,,,,,,,,
COR,Zheng,Wu,dwh_zheng.wu@nbc.ca,EN,firm_client_accounts,WUZ003,,,,,,,,,
COR,Zlata,Bikic,dwh_zlata.bikic@nbc.ca,EN,firm_client_accounts,BIKZ001,,,,,,,,,
CROFT,Candi,Croft,candi.croft@croft.com,EN,firm_client_accounts,candi.croft,,ProxyH,,,ViewOnlyConfidentialProfile_V1.17,TRUE,"PIAA-PI99, R0AA-R099, R2AA-R299, RFAA-RF99","paper_upload_menu,statements_menu,tax_documents_menu,trade_confirmations_menu",
CROFT,Candi,Croft1,candi.croft1@croft.com,EN,firm_client_accounts,candi.croft1,,ProxyH,,,ViewOnlyConfidentialProfile_V1.17,TRUE,"PIAA-PI99, R0AA-R099, R2AA-R299, RFAA-RF99","paper_upload_menu,statements_menu,tax_documents_menu,trade_confirmations_menu",
CROFT,Demo3,Demo3April13,demo3.demo3april13@nbc.ca,EN,firm_client_accounts,demo3.demo3april13,zone1,ProxyH,,,ViewOnlyConfidentialProfile_V1.17,TRUE,"PIAA-PI99, R0AA-R099, R2AA-R299, RFAA-RF99","paper_upload_menu,statements_menu,tax_documents_menu,trade_confirmations_menu",
CROFT,Michael,Sulkin,michael.sulkin@nbc.ca,EN,firm_client_accounts,michael.sulkin,,ProxyH,,,ViewOnlyConfidentialProfile_V1.17,TRUE,"PIAA-PI99, R0AA-R099, R2AA-R299, RFAA-RF99","paper_upload_menu,statements_menu,tax_documents_menu,trade_confirmations_menu",
CROFT,perf.user,251,perfuser251@nbc.ca,EN,firm_client_accounts,perf.user.251,nbcsuper,ProxyH,,,ManageOrders_V1.17,TRUE,"PIAA-PI99, R0AA-R099, R2AA-R299, RFAA-RF99","compass_r2,firm_client_accounts,orders_module,orders_upload,questionnaire_applications,soma_servicing,paper_upload_menu,gic_management_menu,statements_menu,tax_documents_menu,trade_confirmations_menu,mf_orders_upload",
CROFT,perf.user,252,perf.user.252@nbc.ca,EN,firm_client_accounts,perf.user.252,nbcsuper,ProxyH,,,ManageOrders_V1.17,TRUE,"PIAA-PI99, R0AA-R099, R2AA-R299, RFAA-RF99","compass_r2,firm_client_accounts,orders_module,orders_upload,questionnaire_applications,soma_servicing,paper_upload_menu,gic_management_menu,statements_menu,tax_documents_menu,trade_confirmations_menu,mf_orders_upload",
CROFT,TestBA,AB123,testba@nbc.ca,EN,firm_client_accounts,test.abc,zone1,ProxyH,,,ViewOnlyConfidentialProfile_V1.17,TRUE,"PIAA-PI99, R0AA-R099, R2AA-R299, RFAA-RF99","paper_upload_menu,statements_menu,tax_documents_menu,trade_confirmations_menu",
CUMBE,candi,cumbe,candi.cumbe@cumberland.ca,FR,firm_client_accounts,candi.cumbe,,ProxyH,,,ViewOnlyConfidentialProfile_V1.17,TRUE,KLAA-KL99,"paper_upload_menu,statements_menu,tax_documents_menu,trade_confirmations_menu",
CUMBE,candi,cumbe1,candi.cumbe1@cumberland.com,EN,firm_client_accounts,candi.cumbe1,,ProxyH,,,ViewOnlyConfidentialProfile_V1.17,TRUE,KLAA-KL99,"paper_upload_menu,statements_menu,tax_documents_menu,trade_confirmations_menu",
CUMBE,Candi,Long email,thisisaverylongemailaddr@abc.ca,EN,firm_client_accounts,candi.longemail,,ProxyH,,,ViewOnlyConfidentialProfile_V1.17,TRUE,KLAA-KL99,"paper_upload_menu,statements_menu,tax_documents_menu,trade_confirmations_menu",
CUMBE,firmuser,cumbe,trader.firm@bnc.ca,EN,firm_client_accounts,firmuser.cumbe.uat,fdfdf,ProxyH,sanity.test10,,ViewOnlyConfidentialProfile_V1.17,TRUE,KLAA-KL99,"paper_upload_menu,statements_menu,tax_documents_menu,trade_confirmations_menu",
CUMBE,Gregory,Houston,gregory.houston1@nbc.ca,EN,firm_client_accounts,gregory.houston,,ProxyH,,,ViewOnlyConfidentialProfile_V1.17,TRUE,KLAA-KL99,"paper_upload_menu,statements_menu,tax_documents_menu,trade_confirmations_menu",
CUMBE,Hamid,test,hamid.test1@nbc.ca,EN,firm_client_accounts,hamid.test,,ProxyH,,,ViewOnlyConfidentialProfile_V1.17,TRUE,KLAA-KL99,"paper_upload_menu,statements_menu,tax_documents_menu,trade_confirmations_menu",
CUMBE,NESTadvisor,UAT,testadvisor.uat@gmail.com,EN,firm_client_accounts,nestadvisor.uat,,ProxyH,,,ViewOnlyConfidentialProfile_V1.17,TRUE,KLAA-KL99,"paper_upload_menu,statements_menu,tax_documents_menu,trade_confirmations_menu",
CUMBE,NestAssistant,UAT,arorasonia724@gmail.com,EN,firm_client_accounts,nestassistant.uat,,ProxyH,,,ViewOnlyConfidentialProfile_V1.17,TRUE,KLAA-KL99,"paper_upload_menu,statements_menu,tax_documents_menu,trade_confirmations_menu",
CUMBE,NestBM,UAT,nestbm@nbc.ca,EN,firm_client_accounts,nestbm.uat,,ProxyH,,,ViewOnlyConfidentialProfile_V1.17,TRUE,KLAA-KL99,"paper_upload_menu,statements_menu,tax_documents_menu,trade_confirmations_menu",
CUMBE,NestCPMC,UAT,nestcpmcuat@nbc.ca,EN,firm_client_accounts,nestcpmc.uat,,ProxyH,,,ViewOnlyConfidentialProfile_V1.17,TRUE,KLAA-KL99,"paper_upload_menu,statements_menu,tax_documents_menu,trade_confirmations_menu",
CUMBE,Raymond,Norris,raymond.norris@nbc.ca,EN,firm_client_accounts,raymond.norris,,ProxyH,,,ViewOnlyConfidentialProfile_V1.17,TRUE,KLAA-KL99,"paper_upload_menu,statements_menu,tax_documents_menu,trade_confirmations_menu",
EQUIS,Dan,IPC-TEST,dan.hall@nbc.ca,EN,firm_client_accounts,dan.ipctest.uat,,,,,ManageAllButNotTrade_v1.16,TRUE,"BHAA-BH99, KTAA-KT99, QVAA-QV99","statements_menu,tax_documents_menu,trade_confirmations_menu",
EQUIS,default,compass11,default.compass@nbc.ca,EN,firm_client_accounts,default.compass11.uat,NBINIA,ProxyH,CXtestsx14.uat4,,ViewOnlyConfidentialProfile_V1.17,TRUE,"BHAA-BH99, KTAA-KT99, QVAA-QV99","statements_menu,tax_documents_menu,trade_confirmations_menu",
EQUIS,IPC-UAT,Radhika,ipc-uat@noemail.com,EN,firm_client_accounts,ipcuat.radhika.uat,NBINIA,,IPCUAT.Radhika,,ManageServicingAndOrders,FALSE,"BHAA-BH99, QVAA-QV99",,
EQUIS,test,tests1,alexander.graham@nbc.ca,EN,firm_client_accounts,test.tests1.uat,,,UAT.IPCTest1,,AdminAllButNotTrade_V1.17,TRUE,"BHAA-BH99, KTAA-KT99, QVAA-QV99","statements_menu,tax_documents_menu,trade_confirmations_menu",
EQUIS,test,user_1,test.user1@nbc.ca,EN,compass_r2,test.user1834.uat,NBINIA,,IPC_test.User1,,ViewOnlyConfidentialProfile_V1.17,TRUE,"BHAA-BH99, KTAA-KT99, QVAA-QV99","orders_module,questionnaire_applications,form_applications,paper_upload_menu,statements_menu,tax_documents_menu,trade_confirmations_menu",
EQUIS,test,user_2,test.user2@nbc.ca,EN,firm_client_accounts,test.user21.uat,NBINIA,,,,ViewOnlyConfidentialProfile_V1.17,TRUE,"BHAA-BH99, KTAA-KT99, QVAA-QV99","orders_module,questionnaire_applications,form_applications,paper_upload_menu,statements_menu,tax_documents_menu,trade_confirmations_menu",
EQUIS,test,user_3,test.user3@nbc.ca,EN,firm_client_accounts,test.user31.uat,NBINIA,,,,ViewOnlyConfidentialProfile_V1.17,TRUE,"BHAA-BH99, KTAA-KT99, QVAA-QV99","orders_module,questionnaire_applications,form_applications,paper_upload_menu,statements_menu,tax_documents_menu,trade_confirmations_menu",
EQUIS,test,user_4,test.user4@nbc.ca,FR,firm_client_accounts,test.user4.uat,NBINIA,,,,ViewOnlyConfidentialProfile_V1.17,TRUE,"BHAA-BH99, KTAA-KT99, QVAA-QV99","orders_module,questionnaire_applications,form_applications,paper_upload_menu,statements_menu,tax_documents_menu,trade_confirmations_menu",
EQUIS,test,user_5,test.user5@nbc.ca,EN,firm_client_accounts,test.user5.uat,NBINIA,,,,ViewOnlyConfidentialProfile_V1.17,TRUE,"BHAA-BH99, KTAA-KT99, QVAA-QV99","orders_module,questionnaire_applications,form_applications,paper_upload_menu,statements_menu,tax_documents_menu,trade_confirmations_menu",
EQUIS,Test,Equis,abc@bmail.com,EN,firm_client_accounts,test.equis.uat,NBINIA,,Test.IPCUser,,ViewOnlyConfidentialProfile_V1.17,FALSE,"BH11-BH11, BH12-BH12, BH13-BH13, BH14-BH14, BH15-BH15, BH16-BH16, BH17-BH17, BH18-BH18, BH19-BH19, BH22-BH22, BH23-BH23, BH24-BH24, BH25-BH25, BH28-BH28, BH32-BH32, BH33-BH33, BH34-BH34, BH63-BH63, BH65-BH65, BH66-BH66, BH69-BH69, BH70-BH70, BH71-BH71, BH72-BH72, BH73-BH73, BH74-BH74, BH75-BH75, BH76-BH76, BH77-BH77, BH78-BH78, BH80-BH80, BH81-BH81, BH82-BH82, BH83-BH83, BH85-BH85, BH86-BH86, BH87-BH87, BH89-BH89, BH90-BH90, BH91-BH91, BH93-BH93, BH99-BH99, BHA2-BHA2, BHAB-BHAB, BHAC-BHAC, BHAD-BHAD, BHAE-BHAE, BHAF-BHAF, BHAG-BHAG, BHAH-BHAH, BHAJ-BHAJ, BHAK-BHAK, BHAL-BHAL, BHAM-BHAM, BHAP-BHAP, BHAQ-BHAQ, BHAS-BHAS, BHAT-BHAT, BHAY-BHAY, BHAZ-BHAZ, BHB1-BHB1, BHBA-BHBA, BHBC-BHBC, BHBD-BHBD, BHBG-BHBG, BHBK-BHBK, BHBL-BHBL, BHBO-BHBO, BHBQ-BHBQ, BHBR-BHBR, BHBS-BHBS, BHBT-BHBT, BHBU-BHBU, BHBV-BHBV, BHBW-BHBW, BHBX-BHBX, BHBY-BHBY, BHBZ-BHBZ, BHC1-BHC1, BHC2-BHC2, BHC3-BHC3, BHC8-BHC8, BHCA-BHCA, BHCB-BHCB, BHCC-BHCC, BHCD-BHCD, BHCE-BHCE, BHCG-BHCG, BHCH-BHCH, BHCJ-BHCJ, BHCK-BHCK, BHCN-BHCN, BHCP-BHCP, BHCR-BHCR, BHCS-BHCS, BHCT-BHCT, BHCV-BHCV, BHCW-BHCW, BHCY-BHCY, BHCZ-BHCZ, BHDA-BHDA, BHDB-BHDB, BHDC-BHDC, BHDD-BHDD, BHDE-BHDE, BHDF-BHDF, BHDG-BHDG, BHDH-BHDH, BHDJ-BHDJ, BHDL-BHDL, BHDM-BHDM","orders_module,questionnaire_applications,soma_servicing,statements_menu,tax_documents_menu,trade_confirmations_menu",
ETFCM,Candi,Opt,candi.etfcm@quintessence.ca,EN,firm_client_accounts,candi.opt2,SOC2,ProxyH,,,ViewOnlyConfidentialProfile_V1.17,TRUE,"HJAA-HJ99, KLAB-KLAB","paper_upload_menu,statements_menu,tax_documents_menu,trade_confirmations_menu",
ETFCM,qwealth,apiuser1,qwealth.user.1@nbc.ca,EN,firm_client_accounts,qwealth.apiuser1,QWEALTH1,ProxyH,,,ViewOnlyConfidentialProfile_V1.17,TRUE,"HJAA-HJ99, KLAB-KLAB","paper_upload_menu,statements_menu,tax_documents_menu,trade_confirmations_menu",
ETFCM,Rafi,uat,raffi.melkon@nbc.ca,EN,firm_client_accounts,rafi.uat,NBINIA,ProxyH,Raffi.Melkon2,,ViewOnlyConfidentialProfile_V1.17,TRUE,"HJAA-HJ99, KLAB-KLAB","paper_upload_menu,statements_menu,tax_documents_menu,trade_confirmations_menu",
FOST,test,fost,foster.test@foster.ca,EN,firm_client_accounts,test.fost.uat,,,,,ViewOnlyConfidentialProfile,FALSE,,orders_module,
GAVIN,Gavin,user1,gavin.user1@nbc.ca,EN,firm_client_accounts,gavin.user1.uat,NBINIA,ProxyH,,,ViewOnlyNonConfidentialProfile,TRUE,GGAA-GG99,,
IAVM,alexK,testK,alex@nbc.ca,EN,firm_client_accounts,indall_alexk.testk.uat,,,iams.testingfeat,alexk.testk.uat,ManageServiceRequests_V1.17,TRUE,"BJAA-BJ99, CMAA-CM99, JGAA-JG99, JLAA-JL99, QXAA-QX99, SAAA-SA99, SBAA-SB99, SCAA-SC99, SDAA-SD99, SEAA-SE99, SFAA-SF99, SGAA-SG99, SNAA-SN99, SQAA-SQ99, SSAA-SS99, STAA-ST99, SUAA-SU99","paper_upload_menu,statements_menu,tax_documents_menu,trade_confirmations_menu",
IAVM,Andrea,Edwards,andrea.edwards@email.com,EN,firm_client_accounts,indall_andrea.edwards,EDWARDAN,ProxyH,fum1714776560354.test,andrea.edwards,ManageFirmAndUser,TRUE,"BJAA-BJ99, CMAA-CM99, JGAA-JG99, JLAA-JL99, QXAA-QX99, SAAA-SA99, SBAA-SB99, SCAA-SC99, SDAA-SD99, SEAA-SE99, SFAA-SF99, SGAA-SG99, SNAA-SN99, SQAA-SQ99, SSAA-SS99, STAA-ST99, SUAA-SU99",,
IAVM,Ankitkumar,Patel,ankitkumar.patel@nbc.ca,EN,firm_client_accounts,indall_mgoddard,NBINIA,,CXtestsx1.uat3,mgoddard,AdminAll_V1.17,FALSE,,,
IAVM,Ankitkumar,Patel French,ankitkumar.patel@nbc.ca,FR,firm_client_accounts,indall_ankitkumar.patel.fr,,,,ankitkumar.patel.fr,ViewOnlyConfidentialProfile,FALSE,,,
IAVM,Anthony,Bucci,anthony.bucci@nbc.ca,EN,firm_client_accounts,indall_anthony.bucci,,,,anthony.bucci,,,,,
IAVM,Aradhya,Kalva,aradhya.kalva@bnc.ca,EN,firm_client_accounts,indall_sperez,,ProxyH,,sperez,ManageServiceRequests_V1.17,TRUE,"BJAA-BJ99, CMAA-CM99, JGAA-JG99, JLAA-JL99, QXAA-QX99, SAAA-SA99, SBAA-SB99, SCAA-SC99, SDAA-SD99, SEAA-SE99, SFAA-SF99, SGAA-SG99, SNAA-SN99, SQAA-SQ99, SSAA-SS99, STAA-ST99, SUAA-SU99","paper_upload_menu,statements_menu,tax_documents_menu,trade_confirmations_menu",
IAVM,Candi,14,anand.raveendran@nbc.ca,EN,firm_client_accounts,indall_anand.raveendran,SOC2,ProxyH,fumR2User1714760737867.test,anand.raveendran,ManageServiceRequests_V1.17,FALSE,SE88-SE88,"firm_client_accounts,paper_upload_menu,statements_menu,tax_documents_menu,trade_confirmations_menu",
IAVM,Candi,Holis,new.test.holis@nbc.ca,EN,firm_client_accounts,candi.holis,SOC,ProxyH,perftesting42.uat,,AdminServiceRequests_V1.17,FALSE,"SS99-SS99, SSAA-SSAA, SSAB-SSAB","paper_upload_menu,statements_menu,tax_documents_menu,trade_confirmations_menu",
IAVM,Candi,IAVM,new.candi.iavm@iapw.com,EN,firm_client_accounts,candi.iavm,SOMAGDI1,ProxyH,test.iavm,,AdminAll_V1.17,TRUE,"BJAA-BJ99, CMAA-CM99, JGAA-JG99, JLAA-JL99, QXAA-QX99, SAAA-SA99, SBAA-SB99, SCAA-SC99, SDAA-SD99, SEAA-SE99, SFAA-SF99, SGAA-SG99, SNAA-SN99, SQAA-SQ99, SSAA-SS99, STAA-ST99, SUAA-SU99","paper_upload_menu,gic_management_menu,statements_menu,tax_documents_menu,trade_confirmations_menu,mf_orders_upload",
IAVM,Denise,Vitellaro-Turner,d.vitellaro-turner@6pointwealth.com,EN,firm_client_accounts,indall_denise.vitellaroturner,,ProxyH,fum1714773245249.test,denise.vitellaroturner,ViewOnlyConfidentialProfile_V1.17,TRUE,"BJAA-BJ99, CMAA-CM99, JGAA-JG99, JLAA-JL99, QXAA-QX99, SAAA-SA99, SBAA-SB99, SCAA-SC99, SDAA-SD99, SEAA-SE99, SFAA-SF99, SGAA-SG99, SNAA-SN99, SQAA-SQ99, SSAA-SS99, STAA-ST99, SUAA-SU99","paper_upload_menu,statements_menu,tax_documents_menu,trade_confirmations_menu",
IAVM,Evert,OpsTrader,new.evert.opstrader@nbc.ca,EN,firm_client_accounts,evert.opstrader,,ProxyH,,,ViewOnlyConfidentialProfile_V1.17,TRUE,"BJAA-BJ99, CMAA-CM99, JGAA-JG99, JLAA-JL99, QXAA-QX99, SAAA-SA99, SBAA-SB99, SCAA-SC99, SDAA-SD99, SEAA-SE99, SFAA-SF99, SGAA-SG99, SNAA-SN99, SQAA-SQ99, SSAA-SS99, STAA-ST99, SUAA-SU99","paper_upload_menu,statements_menu,tax_documents_menu,trade_confirmations_menu",
IAVM,firmleveluat,user201,kamali.arunamanivannan@nbc.ca,EN,firm_client_accounts,firmleveluat.user201.uat,NBINIA,,,23105,ViewOnlyConfidentialProfile_V1.17,TRUE,"BJAA-BJ99, CMAA-CM99, JGAA-JG99, JLAA-JL99, QXAA-QX99, SAAA-SA99, SBAA-SB99, SCAA-SC99, SDAA-SD99, SEAA-SE99, SFAA-SF99, SGAA-SG99, SNAA-SN99, SQAA-SQ99, SSAA-SS99, STAA-ST99, SUAA-SU99","orders_module,questionnaire_applications,form_applications",
IAVM,firmlevelust,user202,kamali.arunamanivannan@nbc.ca,FR,firm_client_accounts,firmlevelust.user202.uat,NBINIA,,,23106,ManageTransactions_V1.17,TRUE,"BJAA-BJ99, CMAA-CM99, JGAA-JG99, JLAA-JL99, QXAA-QX99, SAAA-SA99, SBAA-SB99, SCAA-SC99, SDAA-SD99, SEAA-SE99, SFAA-SF99, SGAA-SG99, SNAA-SN99, SQAA-SQ99, SSAA-SS99, STAA-ST99, SUAA-SU99","orders_module,questionnaire_applications",
IAVM,firmuser,iavm,firmuser.iavm@bnc.ca,EN,firm_client_accounts,firmuser.iavm.uat,qwqwqw,ProxyH,sanity.test11,,ViewOnlyConfidentialProfile_V1.17,TRUE,"BJAA-BJ99, CMAA-CM99, JGAA-JG99, JLAA-JL99, QXAA-QX99, SAAA-SA99, SBAA-SB99, SCAA-SC99, SDAA-SD99, SEAA-SE99, SFAA-SF99, SGAA-SG99, SNAA-SN99, SQAA-SQ99, SSAA-SS99, STAA-ST99, SUAA-SU99","paper_upload_menu,statements_menu,tax_documents_menu,trade_confirmations_menu",
IAVM,first,last,hemangi.patel@nbc.ca,EN,firm_client_accounts,first.last.uat,,,,23006,AdminAll_V1.17,FALSE,,"tools_menu,statements_menu,tax_documents_menu,trade_confirmations_menu,mf_orders_upload",
IAVM,ia,fulladmintrades,persis.newton@nbc.ca,EN,firm_client_accounts,ia.fulladmintrades.uat,NBINIA,ProxyH,,23140,FullAdminTrades,TRUE,"BJAA-BJ99, CMAA-CM99, JGAA-JG99, JLAA-JL99, QXAA-QX99, SAAA-SA99, SBAA-SB99, SCAA-SC99, SDAA-SD99, SEAA-SE99, SFAA-SF99, SGAA-SG99, SNAA-SN99, SQAA-SQ99, SSAA-SS99, STAA-ST99, SUAA-SU99",,
IAVM,iapw,advisor,iapw.advisor@nbc.ca,EN,firm_client_accounts,iapw.advisor,NBINIA,ProxyH,,,ViewOnlyConfidentialProfile_V1.17,TRUE,"BJAA-BJ99, CMAA-CM99, JGAA-JG99, JLAA-JL99, QXAA-QX99, SAAA-SA99, SBAA-SB99, SCAA-SC99, SDAA-SD99, SEAA-SE99, SFAA-SF99, SGAA-SG99, SNAA-SN99, SQAA-SQ99, SSAA-SS99, STAA-ST99, SUAA-SU99","paper_upload_menu,statements_menu,tax_documents_menu,trade_confirmations_menu",
IAVM,iapw,home-compliance,iapw.home-compliance@nbc.ca,EN,firm_client_accounts,iapw.homecompliance,"SOMAGDI1,nbcsuper",ProxyH,,,ViewOnlyConfidentialProfile_V1.17,TRUE,"BJAA-BJ99, CMAA-CM99, JGAA-JG99, JLAA-JL99, QXAA-QX99, SAAA-SA99, SBAA-SB99, SCAA-SC99, SDAA-SD99, SEAA-SE99, SFAA-SF99, SGAA-SG99, SNAA-SN99, SQAA-SQ99, SSAA-SS99, STAA-ST99, SUAA-SU99","paper_upload_menu,statements_menu,tax_documents_menu,trade_confirmations_menu",
IAVM,IAPW-Test,Radhika,radhika.sharma@nbc.ca,EN,firm_client_accounts,iapwtest.radhika.uat,,,,22822,Legacy-ViewOnlyConfidentialProfile,TRUE,"BJAA-BJ99, CMAA-CM99, JGAA-JG99, JLAA-JL99, QXAA-QX99, SAAA-SA99, SBAA-SB99, SCAA-SC99, SDAA-SD99, SEAA-SE99, SFAA-SF99, SGAA-SG99, SNAA-SN99, SQAA-SQ99, SSAA-SS99, STAA-ST99, SUAA-SU99",,
IAVM,iatest,user2,ia.testuser2@nbc.ca,EN,firm_client_accounts,iatest.user2.uat,NBINIA,ProxyH,"testingR2onboarding.ia ",,ManageFirmAndUser_V1.17,TRUE,"BJAA-BJ99, CMAA-CM99, JGAA-JG99, JLAA-JL99, QXAA-QX99, SAAA-SA99, SBAA-SB99, SCAA-SC99, SDAA-SD99, SEAA-SE99, SFAA-SF99, SGAA-SG99, SNAA-SN99, SQAA-SQ99, SSAA-SS99, STAA-ST99, SUAA-SU99","paper_upload_menu,feature_menu,statements_menu,tax_documents_menu,trade_confirmations_menu",
IAVM,iauser,test,new.senthilkumaran.2@nbc.ca,EN,firm_client_accounts,iauser.test,TestA1,ProxyH,TestFum42660.QA42660,,Wealth.CompassX.ITSupport,FALSE,"BJAA-BJ99, CMAA-CM99, JGAA-JG99, JLAA-JL99, QXAA-QX99, SAAA-SA99, SBAA-SB99, SCAA-SC99, SDAA-SD99, SEAA-SE99, SFAA-SF99, SGAA-SG99, SNAA-SN99, SQAA-SQ99, SSAA-SS99, STAA-ST99, SUAA-SU99",,
IAVM,Jackie,Hsi,jackie.hsi@nbc.ca,EN,firm_client_accounts,indall_april.seitz,,,hsija,april.seitz,Legacy-AdminAll,FALSE,,,
IAVM,Jane,Doe,jane.doe@nbc.ca,EN,firm_client_accounts,jane.doe.uat,,,Jane.Doe14,22520,ManageFirmAndUser_V1.17,TRUE,"BJAA-BJ99, CMAA-CM99, JGAA-JG99, JLAA-JL99, QXAA-QX99, SAAA-SA99, SBAA-SB99, SCAA-SC99, SDAA-SD99, SEAA-SE99, SFAA-SF99, SGAA-SG99, SNAA-SN99, SQAA-SQ99, SSAA-SS99, STAA-ST99, SUAA-SU99","paper_upload_menu,feature_menu,statements_menu,tax_documents_menu,trade_confirmations_menu",
IAVM,Janet,Guo,janet.guo@nbc.ca,EN,firm_client_accounts,indall_kathy.bishop,,,Janet.Guo,kathy.bishop,Legacy-AdminAll,FALSE,,,
IAVM,john,Abraham,john.abraham@nbc.ca,EN,firm_client_accounts,john.abraham.uat,szone1,,,22834,ViewOnlyConfidentialProfile_V1.17,TRUE,"BJAA-BJ99, CMAA-CM99, JGAA-JG99, JLAA-JL99, QXAA-QX99, SAAA-SA99, SBAA-SB99, SCAA-SC99, SDAA-SD99, SEAA-SE99, SFAA-SF99, SGAA-SG99, SNAA-SN99, SQAA-SQ99, SSAA-SS99, STAA-ST99, SUAA-SU99","orders_module,questionnaire_applications,form_applications,paper_upload_menu,statements_menu,tax_documents_menu,trade_confirmations_menu",
IAVM,Kevin,Karatsu.IAPW,kevin.karatsu@gmail.com,EN,firm_client_accounts,kevin.karatsu.iapw.uat,NBINAPP,ProxyH,Owen.Mullings1,,ViewOnlyConfidentialProfile_V1.17,TRUE,"BJAA-BJ99, CMAA-CM99, JGAA-JG99, JLAA-JL99, QXAA-QX99, SAAA-SA99, SBAA-SB99, SCAA-SC99, SDAA-SD99, SEAA-SE99, SFAA-SF99, SGAA-SG99, SNAA-SN99, SQAA-SQ99, SSAA-SS99, STAA-ST99, SUAA-SU99","questionnaire_applications,form_applications,paper_upload_menu,statements_menu,tax_documents_menu,trade_confirmations_menu",
IAVM,miyuki,ikuse,miyuki.ikuse@nbc.ca,EN,firm_client_accounts,indall_mtornopoiski,,,Miyuki.Ikuse2,mtornopoiski,AdminAll_V1.16,FALSE,,,
IAVM,n4-tester,test,new.n4-tester@nbc.ca,EN,firm_client_accounts,n4tester.test,SOMAGDI1,ProxyH,,,ViewOnlyConfidentialProfile_V1.17,TRUE,"BJAA-BJ99, CMAA-CM99, JGAA-JG99, JLAA-JL99, QXAA-QX99, SAAA-SA99, SBAA-SB99, SCAA-SC99, SDAA-SD99, SEAA-SE99, SFAA-SF99, SGAA-SG99, SNAA-SN99, SQAA-SQ99, SSAA-SS99, STAA-ST99, SUAA-SU99","paper_upload_menu,statements_menu,tax_documents_menu,trade_confirmations_menu",
IAVM,productsupport-test,test,new.productsupport@nbc.ca,EN,firm_client_accounts,productsupporttest.test,SOMAGDI1,ProxyH,,,ViewOnlyConfidentialProfile_V1.17,TRUE,"BJAA-BJ99, CMAA-CM99, JGAA-JG99, JLAA-JL99, QXAA-QX99, SAAA-SA99, SBAA-SB99, SCAA-SC99, SDAA-SD99, SEAA-SE99, SFAA-SF99, SGAA-SG99, SNAA-SN99, SQAA-SQ99, SSAA-SS99, STAA-ST99, SUAA-SU99","paper_upload_menu,statements_menu,tax_documents_menu,trade_confirmations_menu",
IAVM,Regression,user3328,kamali.arunamanivannan@nbc.ca,EN,firm_client_accounts,regression.user3328.uat,NBINIA,,,23032,ViewOnlyConfidentialProfile_V1.17,FALSE,,"orders_module,questionnaire_applications,form_applications",
IAVM,Regression,user428,kamali.arunamanivannan@nbc.ca,EN,firm_client_accounts,regression.user428.uat,NBINIA,,,23033,ViewOnlyConfidentialProfile_V1.17,FALSE,,"orders_module,questionnaire_applications,form_applications",
IAVM,Regression,user4328,kamali.arunamanivannan@nbc.ca,EN,firm_client_accounts,regression.user4328.uat,NBINIA,,,23036,ViewOnlyConfidentialProfile_V1.17,FALSE,,"orders_module,questionnaire_applications,form_applications",
IAVM,Regression,user628,kamali.arunamanivannan@nbc.ca,EN,firm_client_accounts,regression.user628.uat,NBINIA,,,23037,ViewOnlyConfidentialProfile_V1.17,FALSE,,"orders_module,questionnaire_applications,form_applications",
IAVM,Regression,user6328,kamali.arunamanivannan@nbc.ca,EN,firm_client_accounts,regression.user6328.uat,NBINIA,,,23040,ViewOnlyConfidentialProfile_V1.17,FALSE,,"orders_module,questionnaire_applications,form_applications",
IAVM,Regression211,user1,kamali.arunamanivannan@nbc.ca,EN,firm_client_accounts,regression211.user1.uat,NBINIA,,,23073,ViewOnlyConfidentialProfile_V1.17,FALSE,SFAA-SF99,"orders_module,questionnaire_applications,form_applications",
IAVM,Sandra,DeFilippo,sandra.defilippo@emailtest.com,EN,firm_client_accounts,indall_sandra.defilippo,DEFILSAN,ProxyH,fum1714776530237.test,sandra.defilippo,ViewOnlyConfidentialProfile_V1.17,TRUE,"BJAA-BJ99, CMAA-CM99, JGAA-JG99, JLAA-JL99, QXAA-QX99, SAAA-SA99, SBAA-SB99, SCAA-SC99, SDAA-SD99, SEAA-SE99, SFAA-SF99, SGAA-SG99, SNAA-SN99, SQAA-SQ99, SSAA-SS99, STAA-ST99, SUAA-SU99","paper_upload_menu,statements_menu,tax_documents_menu,trade_confirmations_menu",
IAVM,ssoreg,user15,ssoreguesr15@nbc.ca,EN,firm_client_accounts,ssoreg.user15.uat,NBINIa,ProxyH,FUM2024610133926.TEST,22496,ManageFirmAndUser,TRUE,"BJAA-BJ99, CMAA-CM99, JGAA-JG99, JLAA-JL99, QXAA-QX99, SAAA-SA99, SBAA-SB99, SCAA-SC99, SDAA-SD99, SEAA-SE99, SFAA-SF99, SGAA-SG99, SNAA-SN99, SQAA-SQ99, SSAA-SS99, STAA-ST99, SUAA-SU99",,
IAVM,test,user2,test.user2@nbc.ca,EN,firm_client_accounts,test.user2.uat,NBINIA,ProxyH,,22655,ManageServiceRequests_V1.17,TRUE,"BJAA-BJ99, CMAA-CM99, JGAA-JG99, JLAA-JL99, QXAA-QX99, SAAA-SA99, SBAA-SB99, SCAA-SC99, SDAA-SD99, SEAA-SE99, SFAA-SF99, SGAA-SG99, SNAA-SN99, SQAA-SQ99, SSAA-SS99, STAA-ST99, SUAA-SU99","paper_upload_menu,statements_menu,tax_documents_menu,trade_confirmations_menu",
IAVM,test,usertwo,testusertwo@nbc.ca,EN,firm_client_accounts,test.usertwo.uat,NBINIA,ProxyH,,22658,ManageServiceRequests_V1.17,TRUE,"BJAA-BJ99, CMAA-CM99, JGAA-JG99, JLAA-JL99, QXAA-QX99, SAAA-SA99, SBAA-SB99, SCAA-SC99, SDAA-SD99, SEAA-SE99, SFAA-SF99, SGAA-SG99, SNAA-SN99, SQAA-SQ99, SSAA-SS99, STAA-ST99, SUAA-SU99","orders_module,questionnaire_applications,paper_upload_menu,statements_menu,tax_documents_menu,trade_confirmations_menu",
IAVM,Test,OpsTrader,test.opstrader@nbc.ca,EN,firm_client_accounts,test.opstrader,GAGNEKA2,ProxyH,,,ViewOnlyConfidentialProfile_V1.17,TRUE,"BJAA-BJ99, CMAA-CM99, JGAA-JG99, JLAA-JL99, QXAA-QX99, SAAA-SA99, SBAA-SB99, SCAA-SC99, SDAA-SD99, SEAA-SE99, SFAA-SF99, SGAA-SG99, SNAA-SN99, SQAA-SQ99, SSAA-SS99, STAA-ST99, SUAA-SU99","paper_upload_menu,statements_menu,tax_documents_menu,trade_confirmations_menu",
IAVM,TEST,FUMUSERCREATION,testfumusercreation545@gmail.com,EN,firm_client_accounts,test.fumusercreation.uat,,,TestFum24442.QA24442,22291,ManageFirmAndUser_V1.17,TRUE,"BJAA-BJ99, CMAA-CM99, JGAA-JG99, JLAA-JL99, QXAA-QX99, SAAA-SA99, SBAA-SB99, SCAA-SC99, SDAA-SD99, SEAA-SE99, SFAA-SF99, SGAA-SG99, SNAA-SN99, SQAA-SQ99, SSAA-SS99, STAA-ST99, SUAA-SU99","paper_upload_menu,feature_menu,statements_menu,tax_documents_menu,trade_confirmations_menu",
IAVM,testq,test,ankitkumar.patel@nbc.ca,EN,firm_client_accounts,testq.test1.uat,,,,22942,Legacy-AdminAll,FALSE,,,
IAVM,test.qa2024072402,test.qa2024072402,sowjanya.kakumani@nbc.ca,EN,firm_client_accounts,TestFUMQA54001.54001QA.uat,szone1,,TestFUMQA54001.54001QA,22602,ViewOnlyConfidentialProfile_V1.17,TRUE,"BJAA-BJ99, CMAA-CM99, JGAA-JG99, JLAA-JL99, QXAA-QX99, SAAA-SA99, SBAA-SB99, SCAA-SC99, SDAA-SD99, SEAA-SE99, SFAA-SF99, SGAA-SG99, SNAA-SN99, SQAA-SQ99, SSAA-SS99, STAA-ST99, SUAA-SU99","orders_module,questionnaire_applications,form_applications,paper_upload_menu,statements_menu,tax_documents_menu,trade_confirmations_menu",
IAVM,UAT,IAPWTest,katrina.astrologo@outlook.com,EN,firm_client_accounts,uat.iapwtest.uat,,,UAT.IAPWTest,22962,ManageServiceRequests_V1.17,FALSE,,"statements_menu,tax_documents_menu,trade_confirmations_menu",
IAVM,Wagner,Danda Da Silva Filho,wagner.dandadasilvafilho@nbc.ca,FR,firm_client_accounts,indall_haroldv,,,,haroldv,ManageServiceRequests_V1.17,TRUE,"BJAA-BJ99, CMAA-CM99, JGAA-JG99, JLAA-JL99, QXAA-QX99, SAAA-SA99, SBAA-SB99, SCAA-SC99, SDAA-SD99, SEAA-SE99, SFAA-SF99, SGAA-SG99, SNAA-SN99, SQAA-SQ99, SSAA-SS99, STAA-ST99, SUAA-SU99","paper_upload_menu,statements_menu,tax_documents_menu,trade_confirmations_menu",
ICPM_ARROW,Candi,Arrow,candi.arrow@arrowcapital.ca,EN,firm_client_accounts,candi.arrow.uat,SOC,COMPASSX,test.acad0707,,Legacy-ManageAccountsAndProfiles,TRUE,PJAC-PJAC,,
ICPMB_18AM,Candi,ICPMB_18AM,candi.so@nbc.ca,EN,firm_client_accounts,candi.icpmb18am.uat,,,,,ManageTransactions_V1.17,TRUE,"A2BM-A2BO, AA01-AA99","gic_management_menu,statements_menu,tax_documents_menu,trade_confirmations_menu,mf_orders_upload","mf_product,equity_product"
ICPMB_ACORN,Candi,Acorn,candi.so@nbc.ca,EN,firm_client_accounts,candi.acorn1.uat,"soc,soc2",null,TestFum55454.QA55454,,ManageServicingAndTrades,FALSE,"A2DJ-A2DJ, A2DL-A2DL","questionnaire_applications,paper_upload_menu",view_system_events
ICPMB_ACORN,candi 2,acorn,candi.acorn2@acorn.ca,FR,firm_client_accounts,candi.acorn.uat,,ProxyH,accesscontrol81.qa,,AdminAccountsAndProfiles_V1.17,TRUE,A2DJ-A2DL,"paper_upload_menu,statements_menu,tax_documents_menu,trade_confirmations_menu",
ICPMB_AFINA,bulkuser,test,brayden.tatest@nbc.ca,FR,users_module,bulkuser.test.uat,test,ProxyH,,,ManageFirmAndUser_V1.17,TRUE,A2A2-A2A3,"paper_upload_menu,feature_menu,statements_menu,tax_documents_menu,trade_confirmations_menu",manage_login_support_only
ICPMB_AFINA,candi,afina,candi.afina2@afina.ca,EN,users_module,candi.afina2.uat,,,,,ManageFirmAndUser_V1.17,TRUE,A2A2-A2A3,"paper_upload_menu,feature_menu,statements_menu,tax_documents_menu,trade_confirmations_menu",manage_login_support_only
ICPMB_AFINA,Candi,Afina,candi.afina@afina.ca,EN,firm_client_accounts,candi.afina1.uat,"SOC,SOC  m,SOCA",,,,ManageAccountsAndProfiles_V1.17,FALSE,A2A2-A2A2,"orders_module,paper_upload_menu,statements_menu,tax_documents_menu,trade_confirmations_menu",
ICPMB_AFINA,Candi,Afina,candi.afina@afina.ca,EN,firm_client_accounts,candi.afina.uat,SOC,ProxyH,access.new1,,AdminAll_V1.17,TRUE,A2A2-A2A3,"paper_upload_menu,gic_management_menu,statements_menu,tax_documents_menu,trade_confirmations_menu,mf_orders_upload",
ICPMB_AGILI,test,sts,sdfsf@gmail.com,EN,firm_client_accounts,test.sts.uat,,,,,ManageTransactions,TRUE,A2FP-A2FR,,
ICPMB_ALLEX,Candi,Allex,candi.so@nbc.ca,EN,firm_client_accounts,candi.allex.uat,,,,,ViewOnlyConfidentialProfile_V1.17,TRUE,A2GM-A2GO,"orders_module,questionnaire_applications,form_applications,paper_upload_menu,trade_allocations_menu,statements_menu,tax_documents_menu,trade_confirmations_menu",
ICPMB_BCVAM,BCVTest,Advisor,bcvtestadvisor@bnc.ca,EN,firm_client_accounts,bcvtest.advisor,,ProxyH,,,ViewOnlyConfidentialProfile_V1.17,TRUE,"A3YA-A3Y9, A4YA-A4YO, A4YU-A4Y9","paper_upload_menu,statements_menu,tax_documents_menu,trade_confirmations_menu",
ICPMB_BCVAM,BCVTest,Assistant,bcvtestassistant@bnc.ca,EN,firm_client_accounts,bcvtest.assistant,,ProxyH,,,ViewOnlyConfidentialProfile_V1.17,TRUE,"A3YA-A3Y9, A4YA-A4YO, A4YU-A4Y9","paper_upload_menu,statements_menu,tax_documents_menu,trade_confirmations_menu",
ICPMB_BCVAM,BCVTest,BM,bcvtestbm@bnc.ca,EN,firm_client_accounts,bcvtest.bm,,ProxyH,,,ViewOnlyConfidentialProfile_V1.17,TRUE,"A3YA-A3Y9, A4YA-A4YO, A4YU-A4Y9","paper_upload_menu,statements_menu,tax_documents_menu,trade_confirmations_menu",
ICPMB_BCVAM,BCVTest,CPMC,bcvtestcpmc@bnc.ca,EN,firm_client_accounts,bcvtest.cpmc,,ProxyH,,,ViewOnlyConfidentialProfile_V1.17,TRUE,"A3YA-A3Y9, A4YA-A4YO, A4YU-A4Y9","paper_upload_menu,statements_menu,tax_documents_menu,trade_confirmations_menu",
ICPMB_BCVAM,candi,bcv,candi.bcv1@bcv.ca,EN,compass_r2,candi.bcv1.uat,,,testuserpodol,,AdminAll_V1.17,TRUE,"A3YA-A3Y9, A4YA-A4YO, A4YU-A4Y9","gic_management_menu,statements_menu,tax_documents_menu,trade_confirmations_menu,mf_orders_upload",
ICPMB_BCVAM,Candi,BCV,candi.bcv2@bcv.ca,EN,compass_r2,candi.bcv2.uat,"SOC,SOC2",null,accesscontrol83.qa,,ViewOnlyConfidentialProfile_V1.17,TRUE,"A3YA-A3Y9, A4YA-A4YO, A4YU-A4Y9","statements_menu,tax_documents_menu,trade_confirmations_menu",
ICPMB_BCVAM,Candi,BCV,candi.bcv@bcv.ca,EN,firm_client_accounts,candi.bcv,,ProxyH,,,ViewOnlyConfidentialProfile_V1.17,TRUE,"A3YA-A3Y9, A4YA-A4YO, A4YU-A4Y9","paper_upload_menu,statements_menu,tax_documents_menu,trade_confirmations_menu",
ICPMB_BCVAM,UatTestUser,23-Jul,uat.test.user@nbc.ca,EN,firm_client_accounts,uattestuser.jul2023,uat.2023,ProxyH,,,ViewOnlyConfidentialProfile_V1.17,TRUE,"A3YA-A3Y9, A4YA-A4YO, A4YU-A4Y9","paper_upload_menu,statements_menu,tax_documents_menu,trade_confirmations_menu",
ICPMB_BNYML,candi,guardian,candi.guardian@bnyml.ca,FR,firm_client_accounts,candi.guardian,,ProxyH,,,ViewOnlyConfidentialProfile_V1.17,TRUE,"A3CA-A3CG, A3CH-A3CH, A3CI-A3CI, A3CJ-A3CJ, A3CK-A3C9","paper_upload_menu,statements_menu,tax_documents_menu,trade_confirmations_menu",
ICPMB_CCLNT,Candi,CCLNT,candi.so@bnc.ca,EN,firm_client_accounts,candi.cclnt.uat,,,,,ViewOnlyConfidentialProfile_V1.17,TRUE,"A2GP-A2GP, A2GV-A2GX","orders_module,trade_allocations_menu,statements_menu,tax_documents_menu,trade_confirmations_menu",
ICPMB_CCLNT,Candi,testcclnt,candi.testcclnt@cclnt.ca,EN,firm_client_accounts,candi.testcclnt.uat,"SOC1,SOC2",,candi.testcclnt,,AdminServiceRequests_V1.17,FALSE,A2GW-A2GW,"paper_upload_menu,statements_menu,tax_documents_menu,trade_confirmations_menu",
ICPMB_GNSLR,"Ginsler ",Test,susanne.clifford@msn.com,EN,firm_client_accounts,ginsler.test,,ProxyH,,,ViewOnlyConfidentialProfile_V1.17,TRUE,"A45B-A45B, A45R-A45R","paper_upload_menu,statements_menu,tax_documents_menu,trade_confirmations_menu",
ICPMB_GNSLR,Jane,Doe,radhika.sharma@bnc.ca,EN,firm_client_accounts,jane.doe1.uat,"sharmara,SOMAGDI1,SOMAGDI4",,ICPMB.Test1,,ManageAllButNotTrade_v1.16,TRUE,"A45B-A45B, A45R-A45R","statements_menu,tax_documents_menu,trade_confirmations_menu",
ICPMB_GNSLR,Maisha GNSLR,Wahab,maisha.wahab@bnc.ca,EN,firm_client_accounts,maishagnslr.wahab.uat,"WAHABMA,SOMAGDI4",,,,ManageServiceRequests_V1.17,TRUE,"A45B-A45B, A45R-A45R",,
ICPMB_LBRTY,Liberty,Advisor,liberty.advisor@nbc.ca,EN,firm_client_accounts,liberty.advisor,,ProxyH,,,ViewOnlyConfidentialProfile_V1.17,TRUE,A2NX-A2NX,"paper_upload_menu,statements_menu,tax_documents_menu,trade_confirmations_menu",
ICPMB_LBRTY,liberty OB,assistant,lieberyobassiatant@gmail.com,EN,firm_client_accounts,libertyob.assistant.uat,NBINIA,ProxyH,accesscontrol76.qa,,ManageAccountsAndProfiles_V1.17,TRUE,A2NX-A2NX,"paper_upload_menu,statements_menu,tax_documents_menu,trade_confirmations_menu",
ICPMB_ORCHD,Candi,Nest,candi.nest@nestwealth.ca,EN,firm_client_accounts,candi.nest,SOC,ProxyH,,,ManageFirmAndUser_V1.17,TRUE,A2AD-A2AF,"feature_menu,statements_menu,tax_documents_menu,trade_confirmations_menu",
ICPMB_ORCHD,nestuser,advisor,nestuser.advisor@nbc.com,EN,firm_client_accounts,nestuser.advisor.uat,,ProxyH,,,ViewOnlyConfidentialProfile_V1.17,TRUE,A2AD-A2AF,"paper_upload_menu,statements_menu,tax_documents_menu,trade_confirmations_menu",
ICPMB_ORCHD,nw,bm,nw.bm@nbc.ca,EN,firm_client_accounts,nw.bm,,ProxyH,accesscontrol95.uat,,Legacy-AdminAccountsAndProfiles,TRUE,A2AD-A2AF,"orders_module,soma_servicing",
ICPMB_ORCHD,NW,Advisor,nw.advisor@nbc.ca,EN,firm_client_accounts,nw.advisor,,ProxyH,accesscontrol97.uat,,Legacy-ManageAccountsAndProfiles,TRUE,A2AD-A2AF,"orders_module,soma_servicing",
ICPMB_ORCHD,NW,Assistant,nw.assistant@nbc.ca,EN,firm_client_accounts,nw.assistant,,ProxyH,accesscontrol96.uat,,Legacy-ManageAccountsAndProfiles,TRUE,A2AD-A2AF,"orders_module,soma_servicing",
ICPMB_ORCHD,NW,Compliance,nw.comp@nbc.ca,EN,firm_client_accounts,nw.compliance,,ProxyH,accesscontrol94.uat,,ProcessAccounts_V1.17,TRUE,A2AD-A2AF,"compass_r2,firm_client_accounts,soma_servicing,infinite_applications,paper_upload_menu,statements_menu,tax_documents_menu,trade_confirmations_menu",
ICPMB_PRMQD,PrimeQuadrant,Advisor,primequadrant.advisor@nbc.ca,EN,firm_client_accounts,primequadrant.advisor,,ProxyH,,,ViewOnlyConfidentialProfile_V1.17,TRUE,"A4AD-A4AE, A4AL-A4AM, A4ZS-A4ZT","paper_upload_menu,statements_menu,tax_documents_menu,trade_confirmations_menu",
ICPMB_ROCK,Test,Rocklinc,test.rocklinc@bnc.ca,EN,firm_client_accounts,test.rocklinc,,ProxyH,,,ViewOnlyConfidentialProfile_V1.17,TRUE,"A2H4-A2H4, A2H5-A2H6","paper_upload_menu,statements_menu,tax_documents_menu,trade_confirmations_menu",
ICPMB_TACIT,CIAM,testUAT,ciam.testuat@nbc.ca,EN,firm_client_accounts,ciam.testuat.uat,"szId1,szId2",,TestFum566121.QA566121,,ViewOnlyNonConfidentialProfile,TRUE,A2T8-A2UD,,
ICPMB_THRIQ,Candi,ICPMB_THRIQ,candi.so@nbc.ca,EN,firm_client_accounts,candi.icpmbthriq.uat,,,,,ViewOnlyConfidentialProfile_V1.17,FALSE,,"statements_menu,tax_documents_menu,trade_confirmations_menu",
ICPMB_THRIQ,Henri,Test,copinhenri.talakamwa@bnc.ca,EN,compass_r2,henri.test.uat,,,,,ManageTransactions,TRUE,A4ZV-A4ZV,,
ICPMB_ULLMN,firmuser,ullman,firmuser.ullman@bnc.ca,EN,firm_client_accounts,firmuser.ullman.uat,123456,ProxyH,,,ViewOnlyConfidentialProfile_V1.17,TRUE,"A4Z1-A4Z3, A4ZN-A4ZN, A4ZP-A4ZR, A4ZZ-A4ZZ","paper_upload_menu,statements_menu,tax_documents_menu,trade_confirmations_menu",
ICPMB_ULLMN,trader,ullman,trader.ullman@bnc.ca,EN,firm_client_accounts,trader.ullman.uat,fdfdfd,ProxyH,sanity.test8,,ViewOnlyConfidentialProfile_V1.17,TRUE,"A4Z1-A4Z3, A4ZN-A4ZN, A4ZP-A4ZR, A4ZZ-A4ZZ","paper_upload_menu,statements_menu,tax_documents_menu,trade_confirmations_menu",
ICPMB_YORKV,Anand,Raveendran.YORK,anand.raveendran.york@bnc.ca,EN,firm_client_accounts,anand.raveendran.york,,ProxyH,,,ViewOnlyConfidentialProfile_V1.17,TRUE,A2VY-A2V5,"paper_upload_menu,statements_menu,tax_documents_menu,trade_confirmations_menu",
ICPMB_YORKV,testBM,yorkville,testbmyorkville@gmail.com,EN,firm_client_accounts,testbm.yorkville,,ProxyH,,,ViewOnlyConfidentialProfile_V1.17,TRUE,A2VY-A2V5,"paper_upload_menu,statements_menu,tax_documents_menu,trade_confirmations_menu",
ICPMB_YORKV,testSB,yorkville,testsbyorkville@gmail.com,EN,firm_client_accounts,testsb.yorkville,,ProxyH,,,ViewOnlyConfidentialProfile_V1.17,TRUE,A2VY-A2V5,"paper_upload_menu,statements_menu,tax_documents_menu,trade_confirmations_menu",
ICPMC_ACKPM,Rad,Test,radhika.sharma@test.ca,EN,firm_client_accounts,rad.test.uat,"SOMAGDI4,KATI0004,KAMARIT2",,,,ManageServiceRequests_V1.17,TRUE,A5F1-A5F3,"orders_module,questionnaire_applications,paper_upload_menu,statements_menu,tax_documents_menu,trade_confirmations_menu",
ICPMC_AFTTM,Candi,AFTTM,candi.so@bnc.ca,FR,firm_client_accounts,candi.afttm.uat,,,,,ViewOnlyConfidentialProfile_V1.17,TRUE,A5JD-A5JF,"orders_module,trade_allocations_menu,statements_menu,tax_documents_menu,trade_confirmations_menu",
ICPMC_AFTTM,release,test8,release.test8@nbc.ca,EN,firm_client_accounts,release.test8.uat,NBINIA,ProxyH,testing12.uat,,ManageAll_V1.17,FALSE,A5JD-A5JD,"paper_upload_menu,gic_management_menu,statements_menu,tax_documents_menu,trade_confirmations_menu,mf_orders_upload",
ICPMC_ANTAR,UAT,ANTARTest,katrina.astrologo@outlook.com,EN,compass_r2,uat.antartest.uat,,,UAT.ANTARTest,,ManageServiceRequests_V1.17,FALSE,,"statements_menu,tax_documents_menu,trade_confirmations_menu",
ICPMC_BASKN,Barry,Schwartz,bschwartz@baskinwealth.com,EN,firm_client_accounts,barry.schwartz.uat,DUMMY,,barry.schwartz,,ViewOnlyConfidentialProfile_V1.17,FALSE,"A6SA-A6SA, A6SB-A6SB, A6SD-A6SD","orders_module,questionnaire_applications,form_applications,paper_upload_menu,statements_menu,tax_documents_menu,trade_confirmations_menu",
ICPMC_BASKN,Douglas,Fraser,dfraser@baskinwealth.com,EN,firm_client_accounts,douglas.fraser1.uat,FRASEDOU,,douglas.fraser1,,ManageServiceRequests_V1.17,FALSE,"A6SA-A6SA, A6SB-A6SB, A6SD-A6SD","orders_module,questionnaire_applications,form_applications,paper_upload_menu,statements_menu,tax_documents_menu,trade_confirmations_menu",
ICPMC_BASKN,GORDON,THOMAS,gthomas@baskinwealth.com,EN,firm_client_accounts,gordon.thomas.uat,THOMAGOR,,gordon.thomas,,ManageServiceRequests_V1.17,FALSE,"A6SA-A6SA, A6SB-A6SB, A6SD-A6SD","orders_module,questionnaire_applications,form_applications,paper_upload_menu,statements_menu,tax_documents_menu,trade_confirmations_menu",
ICPMC_BASKN,Lalaine,Isagan,lisagan@baskinwealth.com,EN,firm_client_accounts,Lalaine.Isagan.uat,Lalaine.Isagan,,Lalaine.Isagan,,ViewOnlyConfidentialProfile_V1.17,FALSE,"A6SA-A6SA, A6SB-A6SB, A6SD-A6SD","orders_module,questionnaire_applications,form_applications,paper_upload_menu,statements_menu,tax_documents_menu,trade_confirmations_menu",
ICPMC_BASKN,Melanie,Tellis,mtellis@baskinwealth.com,EN,firm_client_accounts,Melanie.Tellis.uat,TELLISME,,Melanie.Tellis,,ManageServiceRequests_V1.17,TRUE,A6SA-A6S9,"orders_module,questionnaire_applications,form_applications,paper_upload_menu,statements_menu,tax_documents_menu,trade_confirmations_menu",
ICPMC_BASKN,Sithikone,Songvilay,ssongvilay@baskinwealth.com,EN,firm_client_accounts,Sithikone.Songvilay.uat,SONGVISI,,Sithikone.Songvilay,,ManageServiceRequests_V1.17,TRUE,A6SA-A6S9,"orders_module,questionnaire_applications,form_applications,paper_upload_menu,statements_menu,tax_documents_menu,trade_confirmations_menu",
ICPMC_BASKN,Wendy,Hou,radhika.sharma@nbc.ca,EN,firm_client_accounts,Wendy.Hou.uat,HOUWE,,Wendy.Hou,,ManageServiceRequests_V1.17,FALSE,"A6SA-A6SA, A6SB-A6SB, A6SD-A6SD","orders_module,questionnaire_applications,form_applications,paper_upload_menu,statements_menu,tax_documents_menu,trade_confirmations_menu",
ICPMC_CARD,Evert,Krokker,evert.krokker1@nbc.ca,EN,firm_client_accounts,evert.krokker1.uat,NBINIA,ProxyH,Newport.PM,,ManageAccountsAndProfiles_V1.17,FALSE,"A61A-A61H, A61I-A61I, A61J-A61J, A61K-A61K","paper_upload_menu,statements_menu,tax_documents_menu,trade_confirmations_menu",
ICPMC_GWPWM,asset,user,asset.user123@nbc.ca,FR,firm_client_accounts,asset.user1.uat,NBINIA,ProxyH,,,ViewOnlyConfidentialProfile_V1.17,TRUE,A5GV-A5GX,"orders_module,soma_servicing,statements_menu,tax_documents_menu,trade_confirmations_menu",
ICPMC_GWPWM,Atesh,UAT,atesh.uat2@nbc.ca,EN,firm_client_accounts,atesh.uat2.uat,,ProxyH,Access.test10,,Legacy-ConfigurePlatform,TRUE,A5GV-A5GX,,
ICPMC_GWPWM,CIAM,test,ciam.test@bnc.ca,EN,firm_client_accounts,ciam.test1.uat,,,,,ViewOnlyNonConfidentialProfile,TRUE,A5GV-A5GX,"orders_module,soma_servicing,questionnaire_applications,firm_client_accounts,compass_r2",
ICPMC_GWPWM,fn5,ln5,harsha.adusumilli@nbc.ca,EN,firm_client_accounts,fn5.ln5.uat,adha0001,,,,ManageTransactions_V1.17,TRUE,A5GV-A5GX,"statements_menu,tax_documents_menu,trade_confirmations_menu,mf_orders_upload",
ICPMC_GWPWM,Jake,nbcsstest,brayden.ta@nbc.ca,EN,firm_client_accounts,jake.nbcsstest.uat,,,,,Wealth.CompassX.ProductSupport,FALSE,A5GV-A5GX,,
ICPMC_GWPWM,Secure Zone,Sso,alexander.razmakhnin@nbc.ca,EN,firm_client_accounts,securezone.sso.uat,,,,,ViewOnlyConfidentialProfile_V1.17,FALSE,,"paper_upload_menu,statements_menu,tax_documents_menu,trade_confirmations_menu",
ICPMC_TDOPT,Candi,Opt,candi.opt1@optimize.ca,EN,firm_client_accounts,candi.opt1,SOC,ProxyH,,,ViewOnlyConfidentialProfile_V1.17,TRUE,"A5F4-A5F9, A5FJ-A5FU, A5GA-A5GC, A7FA-A7F9","paper_upload_menu,statements_menu,tax_documents_menu,trade_confirmations_menu",
ICPMC_TDOPT,Candi,Optimize,candi.optimize@opt.ca,EN,firm_client_accounts,candi.optimize2,SOC,ProxyH,,,ViewOnlyConfidentialProfile_V1.17,TRUE,"A5F4-A5F9, A5FJ-A5FU, A5GA-A5GC, A7FA-A7F9","paper_upload_menu,statements_menu,tax_documents_menu,trade_confirmations_menu",
ICPMC_TDOPT,Candi,Optimize,candi.optimize@optimize.ca,EN,firm_client_accounts,candi.optimize,SOC,ProxyH,,,ViewOnlyConfidentialProfile_V1.17,TRUE,"A5F4-A5F9, A5FJ-A5FU, A5GA-A5GC, A7FA-A7F9","paper_upload_menu,statements_menu,tax_documents_menu,trade_confirmations_menu",
ICPMC_TDOPT,Candi,Optimize,candi.opt@optimize.ca,EN,firm_client_accounts,candi.optimize1,SOC2,ProxyH,,,ViewOnlyConfidentialProfile_V1.17,TRUE,"A5F4-A5F9, A5FJ-A5FU, A5GA-A5GC, A7FA-A7F9","paper_upload_menu,statements_menu,tax_documents_menu,trade_confirmations_menu",
ICPMC_TDOPT,optimize,user,optimize.user.1@nbc.ca,EN,firm_client_accounts,optimize.user,eisup1,ProxyH,,,ViewOnlyConfidentialProfile_V1.17,TRUE,"A5F4-A5F9, A5FJ-A5FU, A5GA-A5GC, A7FA-A7F9","paper_upload_menu,statements_menu,tax_documents_menu,trade_confirmations_menu",
KINGM,Candi,Kingm,candi.so@nbc.ca,EN,firm_client_accounts,candi.kingm.uat,,,,,ViewOnlyConfidentialProfile_V1.17,TRUE,KMAA-KM99,"statements_menu,tax_documents_menu,trade_confirmations_menu",
KINGM,Candi,Kingm,candi.so@nbc.ca,EN,firm_client_accounts,candi.kingm1.uat,,,,,ManageServiceRequests_V1.17,TRUE,KMAA-KM99,"statements_menu,tax_documents_menu,trade_confirmations_menu",
KIZEM,Sahil,Sharma,sahil.sharma@nbc.ca,EN,firm_client_accounts,sahil.sharma2.uat,,,,,ManageServiceRequests_V1.17,FALSE,,"form_applications,paper_upload_menu,statements_menu,tax_documents_menu,trade_confirmations_menu",
KJHAR,advisor,kjhar,advisor.kjhar@bnc.ca,EN,firm_client_accounts,advisor.kjhar.uat,rerer,ProxyX,test.icpmb,,ManageOrders_V1.17,FALSE,EAPL-EAPL,"paper_upload_menu,gic_management_menu,statements_menu,tax_documents_menu,trade_confirmations_menu,mf_orders_upload",
KJHAR,configure,platform,configure.platform@nbc.ca,EN,firm_client_accounts,configure.platform.uat,TestA1,ProxyH,accesscontrol19.qa,,ConfigurePlatformV1.17,FALSE,EAAA-EA99,,
KJHAR,Enable,Advisor2,enable.advisor2@nbc.ca,EN,firm_client_accounts,enable.advisor2,NBINIA,ProxyH,accesscontrol44.uat,,ManagePostTrade_V1.17,TRUE,EAAA-EA99,"paper_upload_menu,statements_menu,tax_documents_menu,trade_confirmations_menu",
KJHAR,Enable,Assistant2,enable.assistant2@nbc.ca,EN,firm_client_accounts,enable.assistant2,NBINIA,ProxyH,accesscontrol42.uat,,ManageServiceRequests_V1.17,TRUE,EAAA-EA99,"paper_upload_menu,statements_menu,tax_documents_menu,trade_confirmations_menu",
KJHAR,Enable,HOBranchManager2,enable.hobranchmanager2@nbc.ca,EN,firm_client_accounts,enable.hobranchmanager2,,ProxyH,,,ViewOnlyConfidentialProfile_V1.17,TRUE,EAAA-EA99,"paper_upload_menu,statements_menu,tax_documents_menu,trade_confirmations_menu",
KJHAR,Enable,HOCompliance2,enable.hocompliance2@nbc.ca,EN,firm_client_accounts,enable.hocompliance2,NBINIA,ProxyH,accesscontrol38.uat,,ViewOnlyConfidentialProfile_V1.17,TRUE,EAAA-EA99,"paper_upload_menu,statements_menu,tax_documents_menu,trade_confirmations_menu",
KJHAR,Enable,Operations2,enable.operations2@nbc.ca,EN,firm_client_accounts,enable.operations2,NBINIA,ProxyH,accesscontrol51.uat,,Legacy-AdminAll,TRUE,EAAA-EA99,,
KJHAR,Enable,Trader2,enable.trader2@nbc.ca,EN,firm_client_accounts,enable.trader2,"NBINIA,nbcsuper",ProxyH,accesscontrol43.uat,,AdminServiceRequests_V1.17,TRUE,EAAA-EA99,"paper_upload_menu,statements_menu,tax_documents_menu,trade_confirmations_menu",
KJHAR,firmuser,kjhar,firmuse.kjhar.liu@bnc.ca,EN,firm_client_accounts,firmuser.kjhar.uat,rererer,ProxyX,testuserocean,,Legacy-ManageOrders,TRUE,EAAA-EA99,,
KJHAR,Hamid,M,email@nbc.ca,EN,firm_client_accounts,hamid.m1.uat,,PROXYH,testusermrs,,Legacy-AdminAll,TRUE,EAAA-EA99,orders_upload,
KJHAR,hemangi,IB,hemangi.patel@nbc.ca,EN,firm_client_accounts,hemangi.ib.uat,,,,,ManageAll_V1.17,FALSE,EAAA-EA99,"orders_module,mf_orders_upload",mf_product
KJHAR,Jason,Cheng,jason.cheng2@nbc.ca,EN,firm_client_accounts,jason.cheng1,,ProxyH,accesscontrol75.uat,,Legacy-ManageAll,TRUE,EAAA-EA99,,
KJHAR,Jessica,Talla,jessica.tallarico1@nbc.ca,EN,firm_client_accounts,jessica.talla1.uat,,proxyh,testuserymg,,Legacy-ViewOnlyNonConfidentialProfile,TRUE,EAAA-EA99,,
KJHAR,Jessica,Tallarico,jessica.tallarico2@nbc.ca,EN,firm_client_accounts,jessica.tallarico2.uat,,PROXYH,accesscontrol85.qa,,Legacy-ViewOnlyNonConfidentialProfile,TRUE,EAAA-EA99,,
KJHAR,Jessica,Tallarico,jessica.tallarico@bnc.ca,EN,firm_client_accounts,jessica.tallarico1,saxenaav,ProxyH,jessica.tallarico1,,ManageAll_V1.17,TRUE,EAAA-EA99,"paper_upload_menu,gic_management_menu,statements_menu,tax_documents_menu,trade_confirmations_menu,mf_orders_upload",
KJHAR,kjhar,adminaccountsandprofiles,kjhar.adminaccountsandprofiles@nbc.ca,EN,firm_client_accounts,kjhar.adminaccountsandprofiles.uat,NBINIA,ProxyH,accesscontrol56.qa,,AdminAccountsAndProfiles_V1.17,TRUE,EAAA-EA99,"paper_upload_menu,statements_menu,tax_documents_menu,trade_confirmations_menu",
KJHAR,kjhar,adminorders,kjhar.adminorders@nbc.ca,EN,firm_client_accounts,kjhar.adminorders.uat,NBINIA,ProxyH,accesscontrol50.uat,,AdminOrders_V1.17,TRUE,EAAA-EA99,"paper_upload_menu,gic_management_menu,statements_menu,tax_documents_menu,trade_confirmations_menu,mf_orders_upload",
KJHAR,kjhar,manageall,kjhar.manageall@nbc.ca,EN,firm_client_accounts,kjhar.manageall.uat,NBINIA,ProxyH,Testing3.uat,,ManageAll_V1.17,FALSE,EAAA-EAAA,"paper_upload_menu,gic_management_menu,statements_menu,tax_documents_menu,trade_confirmations_menu,mf_orders_upload",
KJHAR,kjhar,managetransactions,kjhar.managetransactions@nbc.ca,EN,firm_client_accounts,kjhar.managetransactions.uat,NBINIA,ProxyH,accesscontrol45.uat,,ManageTransactions_V1.17,TRUE,EAAA-EA99,"paper_upload_menu,gic_management_menu,statements_menu,tax_documents_menu,trade_confirmations_menu,mf_orders_upload",
KJHAR,kjhar,processaccountsandprofiles,kjhar.processaccountsandprofiles@nbc.ca,EN,firm_client_accounts,kjhar.processaccountsandprofiles.uat,NBINIA,ProxyH,accesscontrol40.uat,,ProcessAccounts_V1.17,TRUE,EAAA-EA99,"paper_upload_menu,statements_menu,tax_documents_menu,trade_confirmations_menu",
KJHAR,kjhar,viewonlynonconfidential,kjhar.viewonlynonconfidential@nbc.ca,EN,firm_client_accounts,kjhar.viewonlynonconfidential.uat,NBINIA,ProxyH,accesscontrol27.qa,,ViewOnlyNonConfidentialProfile,TRUE,EAAA-EA99,"orders_module,soma_servicing,questionnaire_applications,firm_client_accounts,compass_r2",
KJHAR,Kjhar,Mumba,kmumba@nbc.ca,EN,firm_client_accounts,kjhar.mumba,NBINIA,ProxyH,accesscontrol39.uat,,ManageAccountsAndProfiles_V1.17,TRUE,EAAA-EA99,"paper_upload_menu,statements_menu,tax_documents_menu,trade_confirmations_menu",
KJHAR,klarida.ib,hibraj,klarida.hibraj.ib@nbc.ca,EN,firm_client_accounts,klarida.ib.hibraj,,ProxyX,,,ViewOnlyConfidentialProfile_V1.17,TRUE,EAAA-EA99,"paper_upload_menu,statements_menu,tax_documents_menu,trade_confirmations_menu",
KJHAR,manageaccount,assets,manage.account.assets@nbc.ca,EN,firm_client_accounts,manageaccount.assets.uat,,ProxyH,accesscontrol25.qa,,ManageServicingAndTrades,TRUE,EAAA-EA99,"paper_upload_menu,statements_menu,tax_documents_menu,trade_confirmations_menu",
KJHAR,miyuki,KJH,miyuki.ikuse2@nbc.ca,EN,firm_client_accounts,miyuki.kjh.uat,,PROXYH,accesscontrol87.qa,,ManageOrders_V1.17,FALSE,EAAA-EAAA,"paper_upload_menu,gic_management_menu,statements_menu,tax_documents_menu,trade_confirmations_menu,mf_orders_upload",
KJHAR,Miyuki,NonTrading,miyuki.ikuse9@nbc.ca,EN,firm_client_accounts,miyuki.nontrading.uat,,,perftesting472.uat,,ManageServiceRequests_V1.17,TRUE,EAAA-EA99,"paper_upload_menu,statements_menu,tax_documents_menu,trade_confirmations_menu",
KJHAR,miyuki.internal,ikuse,miyuki.ikuse1@nbc.ca,EN,firm_client_accounts,miyuki.internal.ikuse,,ProxyX,miyuki.ikuse,,ManageOrders_V1.17,TRUE,EAAA-EA99,"paper_upload_menu,gic_management_menu,statements_menu,tax_documents_menu,trade_confirmations_menu,mf_orders_upload",
KJHAR,paul,testingsoma,paul.testingsoma1@nbc.ca,EN,firm_client_accounts,paul.testingsoma1.uat,"NBINIA,SOMAGDI4,nbcsuper",ProxyH,,,AdminServiceRequests_V1.17,TRUE,EAAA-EA99,"paper_upload_menu,statements_menu,tax_documents_menu,trade_confirmations_menu",
KJHAR,pentest,user2,pentest.user2@nbc.com,EN,firm_client_accounts,pentest.user2,,ProxyH,,,ViewOnlyConfidentialProfile_V1.17,TRUE,EAAA-EA99,"paper_upload_menu,statements_menu,tax_documents_menu,trade_confirmations_menu",
KJHAR,testint,kjhar,senthilkumaran.kunjithapatham@nbc2.ca,EN,firm_client_accounts,testint.kjhar,ProxyH,ProxyH,accesscontrol52.uat,,AdminAll_V1.17,TRUE,EAAA-EA99,"paper_upload_menu,gic_management_menu,statements_menu,tax_documents_menu,trade_confirmations_menu,mf_orders_upload",
KJHAR,testint,kjhar1,krsenthilkumaran@nbc.ca,EN,firm_client_accounts,testint.kjhar1,TestA1,ProxyH,accesscontrol53.uat,,ManageFirmAndUser_V1.17,TRUE,EAAA-EA99,"paper_upload_menu,feature_menu,statements_menu,tax_documents_menu,trade_confirmations_menu",
KJHAR,testuser.new1,testuser.new1,testuser.new1@gmail.com,EN,firm_client_accounts,testuser.new1.testuser.new1.uat,sdsaf,ProxyH,testuser.new1,,Legacy-AdminOrders,FALSE,EAAA-EA99,,
KJHAR,traderfirm,kjhar,traderfirmtjar@nbc.ca,EN,firm_client_accounts,traderfirm.kjhar,sds,ProxyH,accesscontrol48.uat,,ManageOrders_V1.17,TRUE,EAAA-EA99,"paper_upload_menu,gic_management_menu,statements_menu,tax_documents_menu,trade_confirmations_menu,mf_orders_upload",
KJHAR,traderuser,kjhr,traderuser.kjhr@nbc.ca,EN,firm_client_accounts,traderuser.kjhr,tests,ProxyH,accesscontrol47.uat,,Legacy-ManageAllButNotTrade,TRUE,EAAA-EA99,,
KJHAR,UatUser2,Jul2023,uatuser2.jul20230@nbc.ca,EN,firm_client_accounts,uatuser2.jul2023,uatuser2.jul20230,ProxyH,accesscontrol49.uat,,ManageOrders_V1.17,TRUE,EAAA-EA99,"paper_upload_menu,gic_management_menu,statements_menu,tax_documents_menu,trade_confirmations_menu,mf_orders_upload",
MMI,Bulk,TestingUser1005,bulktestinguser1005@gmail.com,EN,firm_client_accounts,TestFum87379.QA87379.uat,SZ1,,TestFum87379.QA87379,,AdminAll_V1.17,FALSE,TOAA-TOAA,"orders_module,paper_upload_menu,gic_management_menu,statements_menu,tax_documents_menu,trade_confirmations_menu,mf_orders_upload",
MMI,Bulk,TestingUser1010,bulktestinguser1010@gmail.com,EN,firm_client_accounts,TestFum50436.QA50436.uat,SZ1,,TestFum50436.QA50436,,ManageFirmAndUser_V1.17,FALSE,TOAA-TOAA,"orders_module,paper_upload_menu,feature_menu,statements_menu,tax_documents_menu,trade_confirmations_menu",
MMI,Bulk,TestingUser1015,bulktestinguser1015@gmail.com,EN,firm_client_accounts,TestFum52676.QA52676.uat,SZ1,,TestFum52676.QA52676,,ManageFirmAndUser_V1.17,FALSE,TOAA-TOAA,"orders_module,paper_upload_menu,feature_menu,statements_menu,tax_documents_menu,trade_confirmations_menu",
MMI,Bulk,TestingUser1020,bulktestinguser1020@gmail.com,EN,firm_client_accounts,TestFum95880.QA95880.uat,SZ1,,TestFum95880.QA95880,,ManageFirmAndUser_V1.17,FALSE,TOAA-TOAA,"orders_module,paper_upload_menu,feature_menu,statements_menu,tax_documents_menu,trade_confirmations_menu",
MMI,Bulk,TestingUser1025,bulktestinguser1025@gmail.com,EN,firm_client_accounts,TestFum93369.QA93369.uat,SZ1,,TestFum93369.QA93369,,ManageFirmAndUser_V1.17,FALSE,TOAA-TOAA,"orders_module,paper_upload_menu,feature_menu,statements_menu,tax_documents_menu,trade_confirmations_menu",
MMI,Bulk,TestingUser1030,bulktestinguser1030@gmail.com,EN,firm_client_accounts,TestFum47332.QA47332.uat,SZ1,,TestFum47332.QA47332,,ManageFirmAndUser_V1.17,FALSE,TOAA-TOAA,"orders_module,paper_upload_menu,feature_menu,statements_menu,tax_documents_menu,trade_confirmations_menu",
MMI,Bulk,TestingUser1035,bulktestinguser1035@gmail.com,EN,firm_client_accounts,TestFum78008.QA78008.uat,SZ1,,TestFum78008.QA78008,,AdminAll_V1.17,FALSE,TOAA-TOAA,"orders_module,paper_upload_menu,gic_management_menu,statements_menu,tax_documents_menu,trade_confirmations_menu,mf_orders_upload",
MMI,Bulk,TestingUser1040,bulktestinguser1040@gmail.com,EN,firm_client_accounts,TestFum28410.QA28410.uat,SZ1,,TestFum28410.QA28410,,ManageFirmAndUser_V1.17,FALSE,TOAA-TOAA,"orders_module,paper_upload_menu,feature_menu,statements_menu,tax_documents_menu,trade_confirmations_menu",
MMI,Bulk,TestingUser1045,bulktestinguser1045@gmail.com,EN,firm_client_accounts,TestFum57741.QA57741.uat,SZ1,,TestFum57741.QA57741,,ManageFirmAndUser_V1.17,FALSE,TOAA-TOAA,"orders_module,paper_upload_menu,feature_menu,statements_menu,tax_documents_menu,trade_confirmations_menu",
MMI,Bulk,TestingUser1050,bulktestinguser1050@gmail.com,EN,firm_client_accounts,TestFum52611.QA52611.uat,SZ1,,TestFum52611.QA52611,,AdminAll_V1.17,FALSE,TOAA-TOAA,"orders_module,paper_upload_menu,gic_management_menu,statements_menu,tax_documents_menu,trade_confirmations_menu,mf_orders_upload",
NBIN,Aaradhya,Kalva,aradhya.kalva@bnc.ca,EN,firm_client_accounts,aaradhya.kalva.uat,NBINIA,ProxyH,,,ManageFirmAndUser_V1.17,TRUE,AAAA-9999,,
NBIN,Adam,Cyr,adam.cyr@bnc.ca,EN,firm_client_accounts,adam.cyr.uat,CyaD0001,ProxyH,,,AdminAll_V1.17,TRUE,AAAA-9999,"statements_menu,tax_documents_menu,trade_confirmations_menu,mf_orders_upload",
NBIN,Adam,nbcsstest,brayden.ta@nbc.ca,EN,firm_client_accounts,adam.nbcsstest.uat,,ProxyH,,,Wealth.CompassX.ITSupport,FALSE,AAAA-9999,,
NBIN,Adam110,Rick100,adam.rick@nabc.ca,EN,firm_client_accounts,adam.rick,"dgdfdgh,hgjjyg",ProxyH,,,ManageOrders_V1.17,FALSE,AAAA-9999,"orders_module,tools_menu,paper_upload_menu,gic_management_menu,statements_menu,tax_documents_menu,trade_confirmations_menu,mf_orders_upload",
NBIN,adsfad1,sdfs,ssafsd@sdf.com,EN,firm_client_accounts,adsfad1.sdfs.uat,,ProxyH,,,ManageDWHUser_v1.16,FALSE,AAAA-9999,,
NBIN,Ahmed,Baratli,ahmedb.baratli@bnc.ca,EN,firm_client_accounts,ahmed.baratli.uat,NBINIA,ProxyH,,,AdminAll_V1.17,TRUE,AAAA-9999,,
NBIN,Alex,Kochlan,alexandre.kochlan@nbc.ca,EN,compass_r2,alex.kochlan1.uat,alexandre.r3,ProxyH,,,ManageFirmAndUser_V1.17,TRUE,AAAA-9999,"feature_menu,statements_menu,tax_documents_menu,trade_confirmations_menu",
NBIN,Alex,testing,test123457@nbc.ca,EN,firm_client_accounts,alex.testing,1234,ProxyH,,,ManageFirmAndUser_V1.17,TRUE,AAAA-9999,"paper_upload_menu,feature_menu,statements_menu,tax_documents_menu,trade_confirmations_menu",manage_login_support_only
NBIN,Alexandre,Kochlan,alexandre.kochlan@nbc.ca,EN,firm_client_accounts,alexandre.kochlan.uat,,ProxyH,alexandre.r3,,ManageFirmAndUser_V1.17,TRUE,AAAA-9999,tools_menu,
NBIN,Alexandre,Razmakhnine,alexander.razmakhnin@nbc.ca,EN,firm_client_accounts,alexandre.razmakhnine.uat,,,c59721a3,,ManageFirmAndUser_V1.17,FALSE,,"paper_upload_menu,feature_menu,statements_menu,tax_documents_menu,trade_confirmations_menu",
NBIN,Alexis,Valois-Adamowicz,alexis.valoisadamowicz@bnc.ca,EN,firm_client_accounts,alexis.valoisadamowicz.uat,NBINIA,ProxyH,,,AdminAll_V1.17,TRUE,AAAA-9999,,
NBIN,Ali,Azizi,ali.azizi@nbc.ca,EN,firm_client_accounts,ali.azizi.uat,,,,,ManageFirmAndUser_V1.17,TRUE,AAAA-9999,,"view_system_events,feature_conf"
NBIN,Ameni,Souissi,ameni.souissi@bnc.ca,EN,firm_client_accounts,ameni.souissi.uat,"soam0008,SOAM000A,SOAM0009",ProxyH,,,AdminAll_V1.17,FALSE,,"statements_menu,tax_documents_menu,trade_confirmations_menu,mf_orders_upload",
NBIN,Andrew,Halsall,andrew.halsall@bnc.ca,EN,firm_client_accounts,andrew.halsall,"somagdi4,ANHA0001",ProxyH,TestFum44508.QA44508,,ManageAll_V1.17,TRUE,AAAA-9999,"statements_menu,tax_documents_menu,trade_confirmations_menu,mf_orders_upload",
NBIN,Anick,Joseph,anick.joseph@bnc.ca,EN,firm_client_accounts,anick.joseph.uat,joan0007,,,,ManageFirmAndUser_V1.17,FALSE,,"feature_menu,statements_menu,tax_documents_menu,trade_confirmations_menu",
NBIN,Anish,Ahluwalia,anish@nbc.ca,EN,firm_client_accounts,anish.ahluwalia,,ProxyH,,,ViewOnlyConfidentialProfile_V1.17,TRUE,AAAA-9999,"paper_upload_menu,statements_menu,tax_documents_menu,trade_confirmations_menu",
NBIN,Anish,BM,anish@nbc.ca,EN,firm_client_accounts,anish.bm,,ProxyH,,,ViewOnlyConfidentialProfile_V1.17,TRUE,AAAA-9999,"paper_upload_menu,statements_menu,tax_documents_menu,trade_confirmations_menu",
NBIN,Anna,Smith,anna.smith.uat@nbc.ca,EN,firm_client_accounts,anna.smith.uat,,,,,ManageAll_V1.17,FALSE,,"orders_module,orders_upload,trade_allocations_menu,trade_allocations_approvals_menu,trade_allocations_processor_menu,gic_management_menu,statements_menu,tax_documents_menu,trade_confirmations_menu,mf_orders_upload",
NBIN,Aravi,Premachandran,aravi.premachandran@nbc.ca,EN,firm_client_accounts,aravi.premachandran.uat,NBINIA,ProxyH,,,ManageAll_V1.17,TRUE,AAAA-9999,mf_orders_upload,"mf_product,equity_product"
NBIN,Arnott,Craig,craig.arnott@nbc.ca,EN,firm_client_accounts,arnott.craig.uat,,CXTESTZ,,,AdminOrders_V1.17,FALSE,AAAA-9999,"compass_r2,orders_upload,questionnaire_applications,soma_servicing,infinite_applications,tools_menu,paper_upload_menu,trade_allocations_menu,trade_allocations_approvals_menu,trade_allocations_processor_menu,gic_management_menu,statements_menu,tax_documents_menu,trade_confirmations_menu,mf_orders_upload","mf_product,equity_product"
NBIN,Arthur,Margulies,arthur.margulies@nbc.ca,EN,firm_client_accounts,arthur.margulies.uat,NBINIA,ProxyH,,,GlobalAdmin,TRUE,AAAA-9999,,"mf_product,equity_product,options_product"
NBIN,ate,trest,asasdsaddasdsad@nbc.ca,EN,firm_client_accounts,ate.trest.uat,,,,,ManageAllButNotTrade,TRUE,AAAA-9999,,
NBIN,Atesh,Gulchand,atesh.gulchand@nbc.ca,EN,firm_client_accounts,atesh.gulchand,22,ProxyH,,,ManageFirmAndUser_V1.17,TRUE,AAAA-9999,"feature_menu,statements_menu,tax_documents_menu,trade_confirmations_menu",
NBIN,Atesh,Gulchand,atesh.gulchand@nbc.ca,EN,firm_client_accounts,atesh.gulchand1.uat,NBINIA,ProxyH,,,ManageAll_V1.17,FALSE,AAAA-9999,"statements_menu,tax_documents_menu,trade_confirmations_menu,mf_orders_upload","mf_product,equity_product"
NBIN,Atesh,Gulchand,atesh.gulchandani-dwh@nbc.ca,EN,firm_client_accounts,atesh.gulchand2.uat,sully,ProxyH,testuserwizard4,,ManageOrders_V1.17,FALSE,AAAA-9999,"compass_r2,orders_module,orders_upload,questionnaire_applications,soma_servicing,infinite_applications,tools_menu,paper_upload_menu,gic_management_menu,statements_menu,tax_documents_menu,trade_confirmations_menu,mf_orders_upload",
NBIN,Atesh,test,ewrewr@gmail.com,EN,firm_client_accounts,atesh.test22.uat,"cyad0001,rofr0002",proxyh,,,AdminAll_V1.17,FALSE,AAAA-9999,"compass_r2,infinite_applications,orders_module,orders_upload,questionnaire_applications,soma_intervention,soma_servicing,form_applications,tools_menu,paper_upload_menu,gic_management_menu,statements_menu,tax_documents_menu,trade_confirmations_menu,mf_orders_upload",
NBIN,Atesh,test,edsadwrewr@gmail.com,FR,compass_r2,atesh.test23.uat,,,,,ConfigurePlatformV1.17,FALSE,AAAA-9999,,
NBIN,AVIJIT,SAXENA,avijit.saxena@nbc.ca,EN,firm_client_accounts,avijit.saxena,SOMAGDI4,ProxyH,,,ViewOnlyConfidentialProfile_V1.17,TRUE,AAAA-9999,"paper_upload_menu,statements_menu,tax_documents_menu,trade_confirmations_menu",
NBIN,Avis,random1,avi.123@gmail.com,EN,firm_client_accounts,avis.random,Edward,ProxyH,,,ViewOnlyConfidentialProfile_V1.17,TRUE,AAAA-9999,"paper_upload_menu,statements_menu,tax_documents_menu,trade_confirmations_menu",
NBIN,Azix,Hajir,aziz.hajir@bnc.ca,EN,firm_client_accounts,azix.hajir.uat,haaz0004,,,,ManageFirmAndUser,FALSE,,,
NBIN,Aziz,Hajir,aziz.hajir@bnc.ca,EN,firm_client_accounts,aziz.hajir.uat,NBINIA,ProxyH,,,AdminAll_V1.17,TRUE,AAAA-9999,,"mf_product,equity_product,options_product"
NBIN,Babita,Khanna,babita.khanna@nbc.ca,EN,firm_client_accounts,babita.khanna.uat,,,,,ViewOnlyConfidentialProfile_V1.17,TRUE,AAAA-9999,,
NBIN,Benjamin,Lovegrove,benjamin.lovegrove@nbc.ca,EN,firm_client_accounts,benjamin.lovegrove.uat,SOC,ProxyH,Benjamin.Lovegrove,,ManageFirmAndUser_V1.17,TRUE,AAAA-9999,"feature_menu,statements_menu,tax_documents_menu,trade_confirmations_menu",
NBIN,Benoit,Larcheveque,benoit.larcheveque@bnc.ca,FR,firm_client_accounts,benoit.larcheveque.uat,NBINIA,ProxyH,,,AdminAll_V1.17,TRUE,AAAA-9999,mf_orders_upload,"mf_product,equity_product"
NBIN,Benson,Jeffrey,benson.jeffrey1@nbc.ca,EN,firm_client_accounts,benson.jeffrey,NBINIA,ProxyH,accesscontrol73.uat,,AdminAll_V1.17,TRUE,AAAA-9999,"paper_upload_menu,gic_management_menu,statements_menu,tax_documents_menu,trade_confirmations_menu,mf_orders_upload",
NBIN,Bilal,Ahmed,bilal.ahmed_1@nbc.ca,FR,firm_client_accounts,bilal.ahmed1,,ProxyH,,,ViewOnlyConfidentialProfile_V1.17,TRUE,AAAA-9999,"paper_upload_menu,statements_menu,tax_documents_menu,trade_confirmations_menu",
NBIN,Bilal,Ahmed Branch Manager,bahmed@nbc.ca,EN,firm_client_accounts,bilal.ahmedbranchmanager,,ProxyH,,,ViewOnlyConfidentialProfile_V1.17,TRUE,AAAA-9999,"paper_upload_menu,statements_menu,tax_documents_menu,trade_confirmations_menu",
NBIN,Bilal,Ahmed CPMC,bilal.ahmedcpmc@nbc.ca,EN,firm_client_accounts,bilal.ahmedcpmc,,ProxyH,,,ViewOnlyConfidentialProfile_V1.17,TRUE,AAAA-9999,"paper_upload_menu,statements_menu,tax_documents_menu,trade_confirmations_menu",
NBIN,bnbvcnbvc,gvvcbcv,dfdgdsfdsf1990@gmail.com,EN,firm_client_accounts,bnbvcnbvc.gvvcbcv.uat,,,TestFum576344.QA576344,,ManageFirmAndUser_V1.17,TRUE,AAAA-9999,"paper_upload_menu,feature_menu,statements_menu,tax_documents_menu,trade_confirmations_menu",
NBIN,boubker,boujarfa,boubker.boujarfa@bnc.ca,EN,firm_client_accounts,boubker.boujarfa.uat,bobo0002,,,,ManageFirmAndUser_V1.17,FALSE,,"feature_menu,statements_menu,tax_documents_menu,trade_confirmations_menu",
NBIN,Brad,Pit,ghazal.tehrani@nbc.ca,EN,firm_client_accounts,brad.pit.uat,,,,,ManageAll_V1.17,FALSE,,"orders_module,orders_upload,trade_allocations_menu,trade_allocations_approvals_menu,trade_allocations_processor_menu,gic_management_menu,statements_menu,tax_documents_menu,trade_confirmations_menu,mf_orders_upload",
NBIN,brayden,ta,kamali.arunamanivannan@nbc.ca,EN,firm_client_accounts,brayden.ta.uat,,,,,ViewOnlyConfidentialProfile_V1.17,FALSE,,,
NBIN,brayden,ta2,kamali.arunamanivannan@nbc.ca,EN,firm_client_accounts,brayden.ta2.uat,,,,,ViewOnlyConfidentialProfile_V1.17,FALSE,AAAA-9999,,
NBIN,brayden,ta3,kamali.arunamanivannan@nbc.ca,EN,firm_client_accounts,brayden.ta3.uat,,,,,ViewOnlyConfidentialProfile_V1.17,FALSE,AAAA-9999,,
NBIN,Brayden,a,kamali.arunamanivannan@nbc.ca,EN,firm_client_accounts,brayden.a.uat,,ProxyH,,,ViewOnlyConfidentialProfile_V1.17,TRUE,AAAA-9999,,
NBIN,Brendan,Abraham,brendan.abraham@bnc.ca,EN,firm_client_accounts,brendan.abraham.uat,NBINIA,ProxyH,Brendan.Abraham1,,ManageFirmAndUser_V1.17,TRUE,AAAA-9999,"paper_upload_menu,feature_menu,statements_menu,tax_documents_menu,trade_confirmations_menu",
NBIN,Brice,Chevalier,brice.chevalier@bnc.ca,EN,firm_client_accounts,brice.chevalier.uat,NBINIA,ProxyH,,,AdminAll_V1.17,TRUE,AAAA-9999,,
NBIN,broadridge,safari,broadridge.safari@nbc.ca,EN,firm_client_accounts,broadridge.safari.uat,NBINIA,ProxyH,broadridge.safari,,ManageAll_V1.17,FALSE,,"gic_management_menu,statements_menu,tax_documents_menu,trade_confirmations_menu,mf_orders_upload",
NBIN,bulk,tester,brijesh.shivnani@nbc.ca,EN,firm_client_accounts,bulk.tester,,ProxyH,,,ViewOnlyConfidentialProfile_V1.17,TRUE,AAAA-9999,"paper_upload_menu,statements_menu,tax_documents_menu,trade_confirmations_menu",view_system_events
NBIN,Bulk,Upload11,bulk.upload11@gmail.com,EN,firm_client_accounts,FUM2024527184054.TEST.uat,"NBINIA,SZID",,FUM2024527184054.TEST,,ManageFirmAndUser_V1.17,FALSE,"AAAA-AAAA, BBBB-BBBB","orders_module,paper_upload_menu,feature_menu,statements_menu,tax_documents_menu,trade_confirmations_menu",
NBIN,Bulk,Upload3,bulk.upload3@gmail.com,FR,firm_client_accounts,sso3.uat,NBINIA,PROXYH,FUM2024527161333.TEST,,ManageFirmAndUser_V1.17,FALSE,"AAAA-AAAA, BBBB-BBBB","orders_module,paper_upload_menu,feature_menu,statements_menu,tax_documents_menu,trade_confirmations_menu",
NBIN,Bulk,Upload5,bulk.upload5@gmail.com,FR,firm_client_accounts,FUM202452716568.TEST.uat,"NBINIA,SZID",PROXYH,FUM202452716568.TEST,,ManageFirmAndUser_V1.17,FALSE,"AAAA-AAAA, BBBB-BBBB","orders_module,paper_upload_menu,feature_menu,statements_menu,tax_documents_menu,trade_confirmations_menu",
NBIN,Bulk,Upload7,bulk.upload7@gmail.com,EN,firm_client_accounts,FUM2024527174711.TEST.uat,"NBINIA,SZID",,FUM2024527174711.TEST,,ManageFirmAndUser_V1.17,FALSE,"AAAA-AAAA, BBBB-BBBB","orders_module,paper_upload_menu,feature_menu,statements_menu,tax_documents_menu,trade_confirmations_menu",
NBIN,Bulk,Upload9,bulk.upload9@gmail.com,EN,firm_client_accounts,FUM2024527182135.TEST.uat,"NBINIA,SZID",,FUM2024527182135.TEST,,ManageFirmAndUser_V1.17,FALSE,"AAAA-AAAA, BBBB-BBBB","orders_module,paper_upload_menu,feature_menu,statements_menu,tax_documents_menu,trade_confirmations_menu",
NBIN,Bulk,user15,bulk.user15@gmail.com,EN,firm_client_accounts,sso15.uat,"SZ1,SZ2",oss15,FUM202453015947.TEST,,ManageFirmAndUser_V1.17,TRUE,AAAA-9999,"orders_module,paper_upload_menu,feature_menu,statements_menu,tax_documents_menu,trade_confirmations_menu",
NBIN,Callaghan-Brown,Leroy,leroy.callaghanbrown@nbc.ca,EN,firm_client_accounts,callaghanbrown.leroy.uat,,CXTESTZ,,,AdminAll_V1.17,FALSE,AAAA-9999,"compass_r2,infinite_applications,orders_upload,questionnaire_applications,soma_intervention,soma_servicing,form_applications,tools_menu,paper_upload_menu,trade_allocations_menu,trade_allocations_approvals_menu,trade_allocations_processor_menu,gic_management_menu,statements_menu,tax_documents_menu,trade_confirmations_menu,mf_orders_upload","mf_product,equity_product"
NBIN,Candi,Global Admin,candi.so@nbc.ca,EN,firm_client_accounts,candi.globaladmin.uat,"SOC,SOC2",proxyH,rulli.gabriel,,ManageServicingAndTrades,TRUE,AAAA-9999,,
NBIN,Candi,loginonly,candi.so@nbc.ca,EN,users_module,candi.loginonly.uat,,compxtr,AL.TYNAN,,ManageFirmAndUser_V1.17,FALSE,,"orders_module,questionnaire_applications,soma_servicing,tools_menu,paper_upload_menu,trade_allocations_menu,system_event_menu,feature_menu,statements_menu,tax_documents_menu,trade_confirmations_menu",manage_login_support_only
NBIN,Candi,manage_login,candi.so@nbc.ca,EN,users_module,candi.managelogin.uat,,,test.leonf1,,ViewOnlyNonConfidentialProfile,FALSE,,,
NBIN,Candi,Manage Users,candi.so@nbc.ca,EN,users_module,candi.manageusers.uat,,,dan.test,,ViewOnlyConfidentialProfile_V1.17,FALSE,AAAA-9999,,
NBIN,Candi,NBCCS,candi.so@nbc.ca,EN,firm_client_accounts,candi.nbccs,SOC,ProxyX,candi.nbccs,,ManageFirmAndUser_V1.17,TRUE,AAAA-9999,"paper_upload_menu,statements_menu,tax_documents_menu,trade_confirmations_menu","view_system_events,feature_conf"
NBIN,Candi,nbin,candi.so@nbc.ca,EN,firm_client_accounts,candi.nbin1.uat,,null,test.accesscontrol1,,AdminOrdersAndTrades,TRUE,AAAA-9999,"tax_documents_menu,tools_menu,trade_confirmations_menu","mf_product,view_system_events"
NBIN,Candi,NBIN,candi.so@bnc.ca,EN,users_module,candi.nbin2.uat,"SOC,SOCA",ProxyH,perftesting15.uat,,ViewOnlyConfidentialProfile_V1.17,TRUE,AAAA-9999,,
NBIN,Candi,notmfu,candi.so@nbc.ca,EN,firm_client_accounts,candi.notmfu.uat,SOC,,,,AdminAll_V1.17,FALSE,CNTA-CNTA,"paper_upload_menu,gic_management_menu,statements_menu,tax_documents_menu,trade_confirmations_menu,mf_orders_upload",
NBIN,Candi,So,candi.so@bnc.ca,EN,firm_client_accounts,candi.so.uat,SOCA2,COMPXTR,regtest.user,,GlobalAdmin,TRUE,AAAA-9999,"tools_menu,paper_upload_menu,tax_documents_menu","approve_option_applications,mf_product,equity_product,feature_conf"
NBIN,Candi,Test123,candi.test1@nbc.ca,EN,firm_client_accounts,candi.test1.uat,,ProxyH,test.test6,,ManageAccountsAndProfiles_V1.17,FALSE,"AA11-AA11, AA44-AA44, AA66-AA66, AA88-AA88, AA99-AA99, AAAA-AAAA, AABB-AABB, AACC-AACC, AADD-AADD, AAEE-AAEE, AAGG-AAGG, AAMM-AAMM","compass_r2,form_applications,orders_module,questionnaire_applications,infinite_applications,tools_menu,paper_upload_menu",
NBIN,Candi,TestAdvisor,candi.testadvisor@nbin.ca,EN,firm_client_accounts,candi.testadvisor.uat,SOC,ProxyH,test.water,,AdminAll_V1.17,TRUE,AAAA-9999,"paper_upload_menu,gic_management_menu,statements_menu,tax_documents_menu,trade_confirmations_menu,mf_orders_upload",
NBIN,Candi,TestBM,candi.testbm@nbin.ca,EN,firm_client_accounts,candi.testbm.uat,SOC2,ProxyH,testrpm.cabn,,ViewOnlyConfidentialProfile_V1.17,TRUE,AAAA-9999,"paper_upload_menu,statements_menu,tax_documents_menu,trade_confirmations_menu",
NBIN,Candi,TestN4,candi.testn4@nbin.ca,EN,firm_client_accounts,candi.testn4.uat,,ProxyH,test.cote,,ConfigurePlatformV1.17,FALSE,AAAA-9999,,
NBIN,Candi,TestOpsTrader,candi.testopstrader@nbin.ca,EN,firm_client_accounts,candi.testopstrader.uat,,ProxyH,test.lester,,ViewOnlyConfidentialProfile_V1.17,TRUE,AAAA-9999,"paper_upload_menu,statements_menu,tax_documents_menu,trade_confirmations_menu",
NBIN,Candi,TestProductSupport,candi.testproductsupport@nbin.ca,EN,firm_client_accounts,candi.testproductsupport.uat,,null,test.qcpm,,ManageFirmAndUser_V1.17,FALSE,,"compass_r2,firm_client_accounts,orders_module,questionnaire_applications,soma_servicing,tools_menu,paper_upload_menu,feature_menu,statements_menu,tax_documents_menu,trade_confirmations_menu",manage_login_support_only
NBIN,Candi,TestTrader,candi.so@nbin.ca,EN,firm_client_accounts,candi.testtrader.uat,,ProxyH,test.alize,,ViewOnlyConfidentialProfile_V1.17,TRUE,AAAA-9999,"paper_upload_menu,statements_menu,tax_documents_menu,trade_confirmations_menu",
NBIN,Candi,Transition,candi.transition@nbc.ca,EN,firm_client_accounts,candi.transition,SOC,ProxyH,,,ViewOnlyConfidentialProfile_V1.17,TRUE,AAAA-9999,"paper_upload_menu,statements_menu,tax_documents_menu,trade_confirmations_menu",
NBIN,Candi SAA,NBIN,candi.so@nbc.ca,EN,users_module,candi.nbin,"SOC,SOC2",COMPXTR,test.cor,,ManageFirmAndUser_V1.17,TRUE,AAAA-9999,,"view_system_events,feature_conf"
NBIN,Carine,Teyrouz,carine.teyrouz.trader@nbc.ca,EN,firm_client_accounts,carine.teyrouz.trader,,ProxyH,,,ViewOnlyConfidentialProfile_V1.17,TRUE,AAAA-9999,"paper_upload_menu,statements_menu,tax_documents_menu,trade_confirmations_menu",
NBIN,Carine,Teyrouz,carine.teyrouz.bm@nbc.ca,EN,firm_client_accounts,carine.teyrouz.bm,,ProxyH,,,ViewOnlyConfidentialProfile_V1.17,TRUE,AAAA-9999,"paper_upload_menu,statements_menu,tax_documents_menu,trade_confirmations_menu",
NBIN,Carine,Teyrouz,carine.teyrouz.assistant@nbc.ca,EN,firm_client_accounts,carine.teyrouz.assistant,,ProxyH,,,ViewOnlyConfidentialProfile_V1.17,TRUE,AAAA-9999,"paper_upload_menu,statements_menu,tax_documents_menu,trade_confirmations_menu",
NBIN,Carine,Teyrouz,carine.teyrouz.ops@nbc.ca,EN,firm_client_accounts,carine.teyrouz.ops,,ProxyH,,,ViewOnlyConfidentialProfile_V1.17,TRUE,AAAA-9999,"paper_upload_menu,statements_menu,tax_documents_menu,trade_confirmations_menu",
NBIN,Carine,Teyrouz,carine.teyrouz.advisor@nbc.ca,EN,firm_client_accounts,carine.teyrouz.advisor,,ProxyH,,,ViewOnlyConfidentialProfile_V1.17,TRUE,AAAA-9999,"paper_upload_menu,statements_menu,tax_documents_menu,trade_confirmations_menu",
NBIN,Carine,Teyrouz,carine.teyrouz@nbc.ca,EN,firm_client_accounts,carine.teyrouz,,ProxyH,,,ViewOnlyConfidentialProfile_V1.17,TRUE,AAAA-9999,"paper_upload_menu,statements_menu,tax_documents_menu,trade_confirmations_menu",
NBIN,Caroline,Advisor,carolineadvisor@gmail.com,EN,firm_client_accounts,caroline.advisor,,ProxyH,,,ViewOnlyConfidentialProfile_V1.17,TRUE,AAAA-9999,"paper_upload_menu,statements_menu,tax_documents_menu,trade_confirmations_menu",
NBIN,Caroline,NBIN,caroline.hare1@nbc.ca,EN,firm_client_accounts,caroline.nbin,"NBINIA,somagdi4,HACA0001",ProxyH,harc014,,AdminAll_V1.17,TRUE,AAAA-9999,"orders_upload,paper_upload_menu,mf_orders_upload","mf_product,equity_product"
NBIN,Cassandra,Gonsalves,cassandra.gonsalves@nbc.ca,EN,firm_client_accounts,cassandra.gonsalves,,ProxyH,,,ViewOnlyConfidentialProfile_V1.17,TRUE,AAAA-9999,"paper_upload_menu,statements_menu,tax_documents_menu,trade_confirmations_menu",
NBIN,CharlesAntoine@NBCN.COM,Bérubé,sfdsfs@nbbv.ca,EN,firm_client_accounts,charlesantoinenbcn.com.berube.uat,,,,,ManageAllButNotTrade,TRUE,AAAA-9999,,
NBIN,check,lastLoginDate,check.lastlogindate@nbc.ca,EN,firm_client_accounts,check.lastlogindate.uat,NBINIA,ProxyH,,,ManageAll_V1.17,TRUE,AAAA-9999,"gic_management_menu,statements_menu,tax_documents_menu,trade_confirmations_menu,mf_orders_upload",
NBIN,check,lastLoginDate2,check.lastlogindate2@nbc.ca,EN,firm_client_accounts,check.lastlogindate2.uat,NBINIA,ProxyH,,,ManageAll_V1.17,FALSE,,"gic_management_menu,statements_menu,tax_documents_menu,trade_confirmations_menu,mf_orders_upload",
NBIN,check,leftNav,paul.guevarra@nbc.ca,EN,firm_client_accounts,check.leftnav.uat,"NBINIA,nbcsuper",ProxyH,,,GlobalAdmin,TRUE,AAAA-9999,,"approve_option_applications,view_system_events,mf_product,equity_product,options_product,feature_conf"
NBIN,Christelle,Bijou,christelle.bijou@bnc.ca,EN,firm_client_accounts,christelle.bijou.uat,bich0002,,,,ManageFirmAndUser_V1.17,FALSE,,"feature_menu,statements_menu,tax_documents_menu,trade_confirmations_menu",
NBIN,Christian,Rojas,christian.rojas@nbc.ca,EN,firm_client_accounts,christian.rojas.uat,,,,,ViewOnlyConfidentialProfile_V1.17,TRUE,AAAA-9999,"compass_r2,orders_module,questionnaire_applications,soma_servicing,form_applications,trade_allocations_menu,statements_menu,tax_documents_menu,trade_confirmations_menu",
NBIN,Compassqa101,Hobranchmanager,compassqa101hobranchmanager@gmail.com,EN,firm_client_accounts,compassqa101.hobranchmanager.uat,ProxyH,ProxyH,Compassqa101.Hobranchmanager,,ViewOnlyConfidentialProfile_V1.17,TRUE,AAAA-9999,"paper_upload_menu,statements_menu,tax_documents_menu,trade_confirmations_menu",
NBIN,Compassqa101,Hocompliance,compassqa101.hocompliance@gmail.com,EN,firm_client_accounts,compassqa101.hocompliance.uat,ProxyH,ProxyH,rpp.test_contact,,ViewOnlyConfidentialProfile_V1.17,TRUE,AAAA-9999,"paper_upload_menu,statements_menu,tax_documents_menu,trade_confirmations_menu",
NBIN,Compassqa101,N4,compassqa101n4@gmail.com,EN,firm_client_accounts,compassqa101.n4.uat,ProxyH,ProxyH,ug.test3,,ViewOnlyConfidentialProfile_V1.17,TRUE,AAAA-9999,"paper_upload_menu,statements_menu,tax_documents_menu,trade_confirmations_menu",
NBIN,Compassqa101,Operations,compassqa101.operations@gmail.com,EN,firm_client_accounts,compassqa101.operations.uat,ProxyH,ProxyH,testuserwizard2,,ViewOnlyConfidentialProfile_V1.17,TRUE,AAAA-9999,"paper_upload_menu,statements_menu,tax_documents_menu,trade_confirmations_menu",
NBIN,Compassqa101,productsupport,compassqa101.productsupport@gmail.com,EN,firm_client_accounts,compassqa101.productsupport.uat,ProxyH,ProxyH,Compassqa101.productsupport,,ViewOnlyConfidentialProfile_V1.17,TRUE,AAAA-9999,"paper_upload_menu,statements_menu,tax_documents_menu,trade_confirmations_menu",
NBIN,cxfum,Automation624011,automation423341@nbc.com,EN,firm_client_accounts,cxfum.automation624011.uat,ProxyH,ProxyH,accesscontrolx8.qa,,Legacy-AdminAccountsAndProfiles,TRUE,AAAA-9999,,
NBIN,Dadarwala,Neha Ashishkumar,neha.ashishkumar.dadarwala@nbc.ca,EN,firm_client_accounts,dadarwala.nehaashishkumar.uat,NBINIA,ProxyH,,,ManageFirmAndUser_V1.17,TRUE,AAAA-9999,,
NBIN,Dan,Hall,dan.hall@nbc.ca,EN,firm_client_accounts,dan.hall,somagdi4,ProxyH,TestFum97631.QA97631,,AdminAll_V1.17,TRUE,AAAA-9999,"paper_upload_menu,gic_management_menu,statements_menu,tax_documents_menu,trade_confirmations_menu,mf_orders_upload",
NBIN,Dan,PFX,daniel.pereira@bnc.ca,EN,firm_client_accounts,dan.pfx.uat,,ProxyH,,,ManagePostTrade_V1.17,TRUE,AAAA-9999,"compass_r2,questionnaire_applications,soma_servicing,infinite_applications,tools_menu,paper_upload_menu,statements_menu,tax_documents_menu,trade_confirmations_menu",
NBIN,Dan,PTS,daniel.pereira@bnc.ca,EN,firm_client_accounts,dan.pts.uat,,ProxyX,,,ManageOrders_V1.17,TRUE,AAAA-9999,"compass_r2,orders_upload,questionnaire_applications,soma_servicing,infinite_applications,tools_menu,paper_upload_menu,gic_management_menu,statements_menu,tax_documents_menu,trade_confirmations_menu,mf_orders_upload","mf_product,equity_product"
NBIN,Daniel,Giao,daniel.giao@bnc.ca,EN,firm_client_accounts,daniel.giao.uat,NBINIA,ProxyH,,,AdminAll_V1.17,TRUE,AAAA-9999,,
NBIN,Darren,Hands,darren.hands@nbc.ca,EN,firm_client_accounts,darren.hands,saxenaav,ProxyH,,,ViewOnlyConfidentialProfile_V1.17,TRUE,AAAA-9999,"paper_upload_menu,statements_menu,tax_documents_menu,trade_confirmations_menu",
NBIN,Darwin,Pascual,darwin.pascual@nbc.ca,EN,firm_client_accounts,darwin.pascual.uat,,,,,ViewOnlyConfidentialProfile_V1.17,TRUE,AAAA-9999,,
NBIN,Deepak,Pandey,deepak.pandey@bnc.ca,EN,firm_client_accounts,deepak.pandey.uat,NBINIA,ProxyH,,,AdminAll_V1.17,TRUE,AAAA-9999,,
NBIN,DefaultModule,Account,defaultmodule@gmail.com,EN,firm_client_accounts,defaultmodule.account.uat,,,,,ManageFirmAndUser_V1.17,FALSE,,"paper_upload_menu,feature_menu,statements_menu,tax_documents_menu,trade_confirmations_menu",
NBIN,Demo,2fa,atesh.gulchand@nbc.ca,EN,firm_client_accounts,demo.2fa.uat,,,,,ManageServicingAndTrades,TRUE,AAAA-9999,"statements_menu,tax_documents_menu,trade_confirmations_menu",
NBIN,Demo,test,demo.test@nbc.ca,EN,firm_client_accounts,demo.test.uat,,123,TestFum763171.QA763171,,ViewOnlyConfidentialProfile,TRUE,AAAA-9999,,
NBIN,Demo1,demoapril-13,demoapril-13@nbc.ca,EN,firm_client_accounts,demo1.demoapril13,demo1,ProxyH,,,ViewOnlyConfidentialProfile_V1.17,TRUE,AAAA-9999,"paper_upload_menu,statements_menu,tax_documents_menu,trade_confirmations_menu",
NBIN,Demo2,Demo2april13,demo2.demoapril13@nbc.ca,EN,firm_client_accounts,demo2.demo2april13,demo1,ProxyH,,,ViewOnlyConfidentialProfile_V1.17,TRUE,AAAA-9999,"paper_upload_menu,statements_menu,tax_documents_menu,trade_confirmations_menu",
NBIN,Devendra,TestUAT,devendra.thakur@nbc.ca,EN,firm_client_accounts,devendra.testuat,SOMAGDI4,ProxyH,Devendra.ThakurUAT,,ManageFirmAndUser_V1.17,TRUE,AAAA-9999,,"view_system_events,feature_conf"
NBIN,Devendra,TestUAT2,devendra.thakur@nbc.ca,EN,firm_client_accounts,devendra.testuat2.uat,SOMAGDI4,ProxyH,,,AdminAll_V1.17,FALSE,,"paper_upload_menu,gic_management_menu,statements_menu,tax_documents_menu,trade_confirmations_menu,mf_orders_upload",
NBIN,Dipanjan,Mukherjee,dipanjan.mukherjee@nbc.ca,EN,firm_client_accounts,dipanjan.mukherjee.uat,,,,,ConfigurePlatformV1.17,FALSE,AAAA-9999,,
NBIN,Driscoll,Adam,adam.driscoll@nbc.ca,EN,firm_client_accounts,driscoll.adam.uat,,CXTESTZ,,,AdminOrders_V1.17,FALSE,AAAA-9999,"compass_r2,orders_upload,questionnaire_applications,soma_servicing,infinite_applications,tools_menu,paper_upload_menu,trade_allocations_menu,trade_allocations_approvals_menu,trade_allocations_processor_menu,gic_management_menu,statements_menu,tax_documents_menu,trade_confirmations_menu,mf_orders_upload","mf_product,equity_product"
NBIN,Eloi,Ndayizeye,eloib.ndayizeye@bnc.ca,EN,firm_client_accounts,eloi.ndayizeye.uat,NBINIA,ProxyH,,,AdminAll_V1.17,TRUE,AAAA-9999,,"mf_product,equity_product,options_product"
NBIN,Emma,Smith,andrew.halsall@nbc.ca,EN,firm_client_accounts,emma.smith.uat,,,,,ManageAll_V1.17,FALSE,,"orders_module,orders_upload,trade_allocations_menu,trade_allocations_approvals_menu,trade_allocations_processor_menu,gic_management_menu,statements_menu,tax_documents_menu,trade_confirmations_menu,mf_orders_upload",
NBIN,Enable,nbinuat,enableanbin@nbc.ca,EN,firm_client_accounts,enable.nbinuat,xdf,ProxyH,,,ViewOnlyConfidentialProfile_V1.17,TRUE,AAAA-9999,"paper_upload_menu,statements_menu,tax_documents_menu,trade_confirmations_menu",
NBIN,Eric,Mayeux,eric.mayeux@bnc.ca,EN,firm_client_accounts,eric.mayeux.uat,NBINIA,ProxyH,,,AdminAll_V1.17,TRUE,AAAA-9999,,
NBIN,Error,Test,test@bnc.ca,EN,firm_client_accounts,stewart.eversion,saxenaav,ProxyH,,,ViewOnlyConfidentialProfile_V1.17,TRUE,AAAA-9999,"paper_upload_menu,statements_menu,tax_documents_menu,trade_confirmations_menu",
NBIN,Evert,N4,evert.n4@nbc.ca,EN,firm_client_accounts,evert.n4,,ProxyH,,,ViewOnlyConfidentialProfile_V1.17,TRUE,AAAA-9999,"paper_upload_menu,statements_menu,tax_documents_menu,trade_confirmations_menu",
NBIN,Evert,ProductSupport,evert.productsupport@nbc.ca,EN,firm_client_accounts,evert.productsupport,,ProxyH,,,ViewOnlyConfidentialProfile_V1.17,TRUE,AAAA-9999,"paper_upload_menu,statements_menu,tax_documents_menu,trade_confirmations_menu",
NBIN,evert.krokker,evert.krokker,evert.krokker@nbc.ca,EN,firm_client_accounts,evert.krokker,NBINIA,ProxyH,test.pm,,ManageAll_V1.17,TRUE,AAAA-9999,mf_orders_upload,"mf_product,equity_product"
NBIN,evert.krokkerbm,evert.krokkerbm,evert.krokkerbm@nbc.ca,EN,firm_client_accounts,evert.krokkerbm,,ProxyH,test.advisor,,Legacy-AdminAccountsAndProfiles,TRUE,AAAA-9999,,
NBIN,evert.krokkercpmc,evert.krokkercpmc,evert.krokkercpmc@nbc.ca,EN,firm_client_accounts,evert.krokkercpmc,,ProxyH,,,ViewOnlyConfidentialProfile_V1.17,TRUE,AAAA-9999,"paper_upload_menu,statements_menu,tax_documents_menu,trade_confirmations_menu",
NBIN,Ezaan,Rehman,ezaan.rehman@nbc.ca,EN,firm_client_accounts,ezaan.rehman.uat,,ProxyH,,,ViewOnlyConfidentialProfile_V1.17,TRUE,AAAA-9999,"paper_upload_menu,statements_menu,tax_documents_menu,trade_confirmations_menu",
NBIN,Felipe,Marin Flores,felipe.marinflores@bnc.ca,EN,firm_client_accounts,felipe.marinflores.uat,,,Felipe.MarinFlores,,ManageServiceRequests_V1.17,TRUE,AAAA-9999,"paper_upload_menu,statements_menu,tax_documents_menu,trade_confirmations_menu",
NBIN,Felix,Law,tsunyin.law@nbc.ca,EN,firm_client_accounts,felix.law,,ProxyH,,,ViewOnlyConfidentialProfile_V1.17,TRUE,AAAA-9999,"paper_upload_menu,statements_menu,tax_documents_menu,trade_confirmations_menu",
NBIN,Filipe,Mateus,filipe.mateus@bnc.ca,EN,firm_client_accounts,filipe.mateus.uat,NBINIA,ProxyH,,,AdminAll_V1.17,TRUE,AAAA-9999,,
NBIN,Firm,Advisor,firm.advisor1@nbc.ca,EN,firm_client_accounts,firm.advisor.uat,firm.advisor,ProxyH,user.account201,,ViewOnlyConfidentialProfile_V1.17,TRUE,AAAA-9999,"paper_upload_menu,statements_menu,tax_documents_menu,trade_confirmations_menu",
NBIN,Firm,Assistant,firm.assistant@nbc.ca,EN,firm_client_accounts,firm.assistant.uat,firm.assistant,ProxyH,test.ABC1001,,ViewOnlyConfidentialProfile_V1.17,TRUE,AAAA-9999,"paper_upload_menu,statements_menu,tax_documents_menu,trade_confirmations_menu",
NBIN,Firm,Trader,firm.trader@nbc.ca,EN,firm_client_accounts,firm.trader.uat,firm.trader,ProxyH,Okta.testoct5,,ViewOnlyConfidentialProfile_V1.17,TRUE,AAAA-9999,"paper_upload_menu,statements_menu,tax_documents_menu,trade_confirmations_menu",
NBIN,firmuser,nbin,firmuser_nbin.liu@bnc.ca,EN,firm_client_accounts,firmuser.nbin1.uat,123443432,ProxyX,TestFum47055.QA47055,,ManageAll_V1.17,TRUE,AAAA-9999,"gic_management_menu,statements_menu,tax_documents_menu,trade_confirmations_menu,mf_orders_upload",
NBIN,firmuser,nbin,firmuser.nbin@bnc.ca,EN,firm_client_accounts,firmuser.nbin.uat,fdfdfdfdfd,ProxyX,"testuserlegpt ",,Legacy-AdminAll,TRUE,AAAA-9999,,
NBIN,firstName3720,Last1713783720,last1713783720test20230207@gmail.com,EN,firm_client_accounts,FUM202452713720.TEST.uat,SZ1,oss1,FUM202452713720.TEST,,ManageServiceRequests_V1.17,FALSE,"AAAA-AAAA, BBBB-BBBB","orders_module,paper_upload_menu,statements_menu,tax_documents_menu,trade_confirmations_menu",
NBIN,firstName3720,Last2713737201,last2713737201second@gmail.com,EN,firm_client_accounts,FUM202452713732.TEST.uat,SZ2,oss2,FUM202452713732.TEST,,ManageServiceRequests_V1.17,FALSE,"AAAA-AA99, ABAA-AB99","orders_module,paper_upload_menu,statements_menu,tax_documents_menu,trade_confirmations_menu",
NBIN,firstName7137,Last27137,last27137second@gmail.com,EN,firm_client_accounts,FUM20245271378.TEST.uat,SZ2,oss2,FUM20245271378.TEST,,ManageServiceRequests_V1.17,FALSE,"AAAA-AA99, ABAA-AB99","orders_module,paper_upload_menu,statements_menu,tax_documents_menu,trade_confirmations_menu",
NBIN,firstName71378,Last171378,last171378test20230207@gmail.com,EN,firm_client_accounts,FUM202452713655.TEST.uat,SZ1,oss1,FUM202452713655.TEST,,ManageServiceRequests_V1.17,FALSE,"AAAA-AAAA, BBBB-BBBB","orders_module,paper_upload_menu,statements_menu,tax_documents_menu,trade_confirmations_menu",
NBIN,Frédérick,Roy,frederick.roy@bnc.ca,EN,firm_client_accounts,frederick.roy.uat,rofr0002,ProxyH,,,AdminAll_V1.17,TRUE,AAAA-9999,"gic_management_menu,statements_menu,tax_documents_menu,trade_confirmations_menu,mf_orders_upload",
NBIN,Full1,admintradesupdates123,kamali.arunamanivannan@nbc.ca,FR,firm_client_accounts,full1.admintradesupdates123.uat,NBINIA,,,,FullAdminTrades,TRUE,AAAA-9999,"orders_module,form_applications",
NBIN,Full123,admintradesupdates,kamali.arunamanivannan@nbc.ca,FR,firm_client_accounts,full123.admintradesupdates.uat,NBINIA,,,,FullAdminTrades,TRUE,AAAA-9999,form_applications,
NBIN,fum,testqa105,fumtestqa105@hotmail.com,EN,firm_client_accounts,fum.testqa105,,ProxyH,,,ViewOnlyConfidentialProfile_V1.17,TRUE,AAAA-9999,"paper_upload_menu,statements_menu,tax_documents_menu,trade_confirmations_menu",
NBIN,fum,trader103,fumtrader@hotmail.com,EN,firm_client_accounts,fum.trader103.uat,,ProxyH,,,ViewOnlyConfidentialProfile_V1.17,TRUE,AAAA-9999,"paper_upload_menu,statements_menu,tax_documents_menu,trade_confirmations_menu",
NBIN,Fum,traderqa101,fumtraader@hotmail.com,EN,firm_client_accounts,fum.traderqa101.uat,,ProxyH,,,ViewOnlyConfidentialProfile_V1.17,TRUE,AAAA-9999,"paper_upload_menu,statements_menu,tax_documents_menu,trade_confirmations_menu",
NBIN,Fum,traderqa104,fumtrader104@hotmail.com,EN,firm_client_accounts,fum.traderqa104.uat,NBINIA,ProxyH,accesscontrol81.uat,,Legacy-ManageFirmAndUser,TRUE,AAAA-9999,,
NBIN,FUM202452713103.TEST,FUM202452713103.TEST,fum202452713103.test@gmail.com,EN,firm_client_accounts,FUM202452713103.TEST.uat,SZ1,oss2,FUM202452713103.TEST,,AdminAll_V1.17,FALSE,"AAAA-AA99, ABAA-AB99","orders_module,gic_management_menu,statements_menu,tax_documents_menu,trade_confirmations_menu,mf_orders_upload",
NBIN,FUM202452713744.TEST,FUM202452713744.TEST,fum202452713744.test@gmail.com,EN,firm_client_accounts,FUM202452713744.TEST.uat,SZ1,oss1,FUM202452713744.TEST,,ManageFirmAndUser_V1.17,FALSE,"AAAA-AAAA, BBBB-BBBB","orders_module,paper_upload_menu,feature_menu,statements_menu,tax_documents_menu,trade_confirmations_menu",
NBIN,FUM202452713756.TEST,FUM202452713756.TEST,fum2tfum202452713744.test@gmail.com,EN,firm_client_accounts,FUM202452713756.TEST.uat,SZ1,oss2,FUM202452713756.TEST,,AdminAll_V1.17,FALSE,"AAAA-AA99, ABAA-AB99","orders_module,paper_upload_menu,gic_management_menu,statements_menu,tax_documents_menu,trade_confirmations_menu,mf_orders_upload",
NBIN,FUM202452713821.TEST2,FUM202452713821.TEST2,fum202452713821.test2@gmail.com,EN,firm_client_accounts,FUM202452713821.TEST.uat,SZ1,oss1,FUM202452713821.TEST,,ManageFirmAndUser_V1.17,FALSE,"AAAA-AAAA, BBBB-BBBB","orders_module,paper_upload_menu,feature_menu,statements_menu,tax_documents_menu,trade_confirmations_menu",
NBIN,FUM202452713914.TEST,FUM202452713914.TEST,fum202452713914.test@gmail.com,EN,firm_client_accounts,FUM202452713914.TEST.uat,SZ1,oss1,FUM202452713914.TEST,,ManageFirmAndUser_V1.17,FALSE,"AAAA-AAAA, BBBB-BBBB","orders_module,paper_upload_menu,feature_menu,statements_menu,tax_documents_menu,trade_confirmations_menu",
NBIN,FUM202452713926.TEST,FUM202452713926.TEST,fum202452713926.test@gmail.com,EN,firm_client_accounts,FUM202452713926.TEST.uat,SZ1,oss2,FUM202452713926.TEST,,AdminAll_V1.17,FALSE,"AAAA-AA99, ABAA-AB99","orders_module,paper_upload_menu,gic_management_menu,statements_menu,tax_documents_menu,trade_confirmations_menu,mf_orders_upload",
NBIN,FUM20245271392.TEST2,FUM20245271392.TEST2,fum20245271392.test2@gmail.com,EN,firm_client_accounts,FUM20245271392.TEST.uat,SZ1,oss2,FUM20245271392.TEST,,AdminAll_V1.17,FALSE,"AAAA-AA99, ABAA-AB99","orders_module,paper_upload_menu,gic_management_menu,statements_menu,tax_documents_menu,trade_confirmations_menu,mf_orders_upload",
NBIN,FUM202452713951.TEST,FUM202452713951.TEST,fum202452713951.test@gmail.com,EN,firm_client_accounts,FUM202452713951.TEST.uat,SZ1,oss1,FUM202452713951.TEST,,ManageFirmAndUser_V1.17,FALSE,"AAAA-AAAA, BBBB-BBBB","orders_module,paper_upload_menu,feature_menu,statements_menu,tax_documents_menu,trade_confirmations_menu",
NBIN,fumtest,createuser2,test33@nbc.ca,EN,firm_client_accounts,fumtest.createuser2,1234,ProxyH,test6.pp,,ViewOnlyConfidentialProfile_V1.17,TRUE,AAAA-9999,"paper_upload_menu,statements_menu,tax_documents_menu,trade_confirmations_menu",
NBIN,Fumtest,createuser1,test@getnada.com,EN,firm_client_accounts,fumtest.createuser1,Test123,ProxyH,,,ViewOnlyConfidentialProfile_V1.17,TRUE,AAAA-9999,"paper_upload_menu,statements_menu,tax_documents_menu,trade_confirmations_menu",
NBIN,fumuat,test,fumuat.test@gmail.com,EN,firm_client_accounts,fumuat.test,,ProxyH,TestFum31282.QA31282,,Legacy-ViewOnlyNonConfidentialProfile,TRUE,AAAA-9999,,
NBIN,fumuat,test,fumuat.test124@gmail.com,EN,firm_client_accounts,fumuat.test1.uat,proxyH,ProxyH,accesscontrol78.uat,,ManageFirmAndUser_V1.17,TRUE,AAAA-9999,"paper_upload_menu,feature_menu,statements_menu,tax_documents_menu,trade_confirmations_menu",
NBIN,gabriel,Thomas,ghazal.tehrani@nbc.ca,EN,firm_client_accounts,gabriel.thomas.uat,,,,,ManageAll_V1.17,FALSE,,"gic_management_menu,statements_menu,tax_documents_menu,trade_confirmations_menu,mf_orders_upload",
NBIN,Gabriel,Chantal,gabriel.chantal@bnc.ca,EN,firm_client_accounts,gabriel.chantal.uat,NBINIA,ProxyH,,,AdminAll_V1.17,TRUE,AAAA-9999,,
NBIN,Gabriel,Cori,ghazal.tehrani@nbc.ca,FR,firm_client_accounts,gabriel.cori.uat,,,,,ManageAll_V1.17,FALSE,,"orders_module,orders_upload,trade_allocations_menu,trade_allocations_approvals_menu,trade_allocations_processor_menu,gic_management_menu,statements_menu,tax_documents_menu,trade_confirmations_menu,mf_orders_upload",
NBIN,Gabriel,Thomas,ghazal.tehrani@nbc.ca,EN,firm_client_accounts,gabriel.thomas1.uat,,,,,ManageAll_V1.17,FALSE,,"orders_module,orders_upload,trade_allocations_menu,trade_allocations_approvals_menu,trade_allocations_processor_menu,gic_management_menu,statements_menu,tax_documents_menu,trade_confirmations_menu,mf_orders_upload",
NBIN,Garry,Smith,garry.smith.uat@nbc.ca,EN,firm_client_accounts,garry.smith.uat,SOC,,Garry.Smith,,ManageFirmAndUser,TRUE,AAAA-9999,,
NBIN,Ghazal,Tehrani,ghazal.tehrani@nbc.ca,EN,firm_client_accounts,ghazal.tehrani3.uat,,,,,ManageAllButNotTrade_v1.16,TRUE,AAAA-9999,"orders_module,questionnaire_applications,statements_menu,tax_documents_menu,trade_confirmations_menu",
NBIN,Ghazal,Tehrani,ghazal.tehrani@nbc.ca,EN,firm_client_accounts,ghazal.tehrani1.uat,,,,,ManageFirmAndUser_V1.17,TRUE,AAAA-9999,"paper_upload_menu,feature_menu,statements_menu,tax_documents_menu,trade_confirmations_menu",
NBIN,Ghazal,Tehrani,ghazal.tehrani@nbc.ca,EN,firm_client_accounts,ghazal.tehrani,SOMAGDI4,ProxyH,TestFum21414.QA21414,,AdminServiceRequests_V1.17,TRUE,AAAA-9999,"paper_upload_menu,statements_menu,tax_documents_menu,trade_confirmations_menu",
NBIN,Ghazal,Tehrani,ghazal.tehrani@nbc.ca,EN,firm_client_accounts,ghazal.tehrani2.uat,,,,,ManageFirmAndUser_V1.17,FALSE,,"feature_menu,statements_menu,tax_documents_menu,trade_confirmations_menu",
NBIN,Ghazal test,Tehrani,ghazal.test.tehrani@nbc.ca,EN,firm_client_accounts,ghazaltest.tehrani.uat,SOC,compxtr,uat.test15,,ManageAll_V1.17,TRUE,AAAA-9999,"paper_upload_menu,gic_management_menu,statements_menu,tax_documents_menu,trade_confirmations_menu,mf_orders_upload",
NBIN,global,adminuat,kamali.arunamanivannan@nbc.ca,EN,firm_client_accounts,global.adminuat.uat,NBINIA,ProxyH,,,GlobalAdmin,TRUE,AAAA-9999,,"approve_option_applications,view_system_events,mf_product,equity_product,options_product,feature_conf"
NBIN,Greg,Houston,gregory.houston@nbc.com,EN,firm_client_accounts,greg.houston,ACTSVMAN,ProxyH,,,ViewOnlyConfidentialProfile_V1.17,TRUE,AAAA-9999,"paper_upload_menu,statements_menu,tax_documents_menu,trade_confirmations_menu",
NBIN,Gursharan,Arora,gursharan.arora@nbc.ca,EN,firm_client_accounts,gursharan.arora,,ProxyH,,,ViewOnlyConfidentialProfile_V1.17,TRUE,AAAA-9999,"paper_upload_menu,statements_menu,tax_documents_menu,trade_confirmations_menu",
NBIN,Hamid,Moulaei,hamid.moulaei@nbc.ca,EN,firm_client_accounts,hamid.moulaei,,ProxyH,Hamidreza.Moulaei2,,Legacy-ManageOrders,TRUE,AAAA-9999,,
NBIN,Harsha,A,harsha.adusumilli@nbc.ca,EN,firm_client_accounts,harsha.a1.uat,adha0001,ProxyH,,,ViewOnlyConfidentialProfile_V1.17,FALSE,,,view_system_events
NBIN,Harsha,Adusumilli,harsha.adusumilli@nbc.ca,EN,users_module,harsha.adusumilli.uat,adha0001,COMPXTR,,,ManageFirmAndUser_V1.17,TRUE,AAAA-9999,"trade_allocations_menu,statements_menu,tax_documents_menu,trade_confirmations_menu","view_system_events,feature_conf"
NBIN,Harsha2,AD,harsha.adusumilli@nbc.ca,EN,firm_client_accounts,harsha2.ad.uat,,,Harsha.Adusumilli,,ManageAll_V1.17,TRUE,AAAA-9999,,"view_system_events,options_product"
NBIN,Hayat,Hamady,hayat.hamady@bnc.ca,EN,firm_client_accounts,hayat.hamady.uat,NBINIA,ProxyH,,,AdminAll_V1.17,TRUE,AAAA-9999,,"mf_product,equity_product,options_product"
NBIN,hemangi,patel,hemangi.patel@nbc.ca,EN,firm_client_accounts,hemangi.patel.uat,,PATELH,,,AdminAll_V1.17,TRUE,AAAA-9999,"tools_menu,statements_menu,tax_documents_menu,trade_confirmations_menu,mf_orders_upload","mf_product,equity_product"
NBIN,Hemangi,Patel,hemangi.patel@nbc.ca,EN,firm_client_accounts,hemangi.patel2.uat,,ProxyH,,,AdminAll_V1.17,FALSE,AAAA-9999,"compass_r2,infinite_applications,orders_upload,questionnaire_applications,soma_intervention,soma_servicing,form_applications,tools_menu,paper_upload_menu,gic_management_menu,statements_menu,tax_documents_menu,trade_confirmations_menu","mf_product,equity_product"
NBIN,Hemangi,Patel,hemangi.patel@nbc.ca,EN,firm_client_accounts,hemangi.patel1.uat,NBINIA,ProxyH,,,ManageFirmAndUser_V1.17,TRUE,AAAA-9999,,
NBIN,Htoo Yanant 222,Khin,htooyanant.khin@nbc.ca,EN,firm_client_accounts,htooyanant.khin.uat,NBINIA,ProxyH,khih002,,ManageFirmAndUser_V1.17,TRUE,AAAA-9999,,
NBIN,iamuat,testuser2,iamuat.testuser2@nbc.ca,EN,firm_client_accounts,iamuat.testuser2,iamuat.testuser2,ProxyH,,,ViewOnlyConfidentialProfile_V1.17,TRUE,AAAA-9999,"paper_upload_menu,statements_menu,tax_documents_menu,trade_confirmations_menu",
NBIN,idriss,berkani,idriss.berkani@bnc.ca,EN,firm_client_accounts,idriss.berkani.uat,beid0005,,,,AdminAll_V1.17,FALSE,,"gic_management_menu,statements_menu,tax_documents_menu,trade_confirmations_menu,mf_orders_upload",
NBIN,internal,user10,internal.user10@nbc.ca,FR,firm_client_accounts,internal.user10.uat,NBINIA,ProxyH,mandy.liao,,ManageFirmAndUser_V1.17,TRUE,AAAA-9999,"paper_upload_menu,feature_menu,statements_menu,tax_documents_menu,trade_confirmations_menu",
NBIN,itsupport,user,senthilkumaran.kunjithapatham2@nbc.ca,EN,firm_client_accounts,itsupport.user,TestA1,ProxyH,,,ViewOnlyConfidentialProfile_V1.17,TRUE,AAAA-9999,"paper_upload_menu,statements_menu,tax_documents_menu,trade_confirmations_menu",
NBIN,ittest,Operations,it.testops@nbc.ca,EN,firm_client_accounts,ittest.operations,,ProxyH,,,ViewOnlyConfidentialProfile_V1.17,TRUE,AAAA-9999,"paper_upload_menu,statements_menu,tax_documents_menu,trade_confirmations_menu",
NBIN,It test,Branch Manager,it.test@nbc.ca,EN,firm_client_accounts,ittest.branchmanager,,ProxyH,,,ViewOnlyConfidentialProfile_V1.17,TRUE,AAAA-9999,"paper_upload_menu,statements_menu,tax_documents_menu,trade_confirmations_menu",
NBIN,IT Test,Advisor,kaaatrina@nbc.ca,EN,firm_client_accounts,ittest.advisor,,ProxyH,,,ViewOnlyConfidentialProfile_V1.17,TRUE,AAAA-9999,"paper_upload_menu,statements_menu,tax_documents_menu,trade_confirmations_menu",
NBIN,IT Test,Assistant,kat@nbc.ca,EN,firm_client_accounts,ittest.assistant,,ProxyH,,,ViewOnlyConfidentialProfile_V1.17,TRUE,AAAA-9999,"paper_upload_menu,statements_menu,tax_documents_menu,trade_confirmations_menu",
NBIN,IT Test,Head Office Compliance,astrologo@nbc.ca,EN,firm_client_accounts,ittest.headofficecompliance,,ProxyH,,,ViewOnlyConfidentialProfile_V1.17,TRUE,AAAA-9999,"paper_upload_menu,statements_menu,tax_documents_menu,trade_confirmations_menu",
NBIN,IT Test,Security Steward,kattest@nbc.ca,EN,firm_client_accounts,ittest.securitysteward,,ProxyH,,,ViewOnlyConfidentialProfile_V1.17,TRUE,AAAA-9999,"paper_upload_menu,statements_menu,tax_documents_menu,trade_confirmations_menu",
NBIN,IT Test,Trader,astrotest@nbc.ca,EN,firm_client_accounts,ittest.trader,,ProxyH,,,ViewOnlyConfidentialProfile_V1.17,TRUE,AAAA-9999,"paper_upload_menu,statements_menu,tax_documents_menu,trade_confirmations_menu",
NBIN,Iyabano,Mamoudou,iyabano.mamoudou@bnc.ca,EN,firm_client_accounts,iyabano.mamoudou.uat,,null,Iyabano.Mamoudou,,ManageServiceRequests_V1.17,TRUE,AAAA-9999,"paper_upload_menu,statements_menu,tax_documents_menu,trade_confirmations_menu",
NBIN,Jack,Chain,jack.chain.uat@nbc.ca,EN,firm_client_accounts,jack.chain.uat,SOC,,Jack.chain,,ManageAll_V1.17,TRUE,AAAA-9999,"paper_upload_menu,gic_management_menu,statements_menu,tax_documents_menu,trade_confirmations_menu,mf_orders_upload",
NBIN,jacob,liu,minsheng.liu@nbc.ca,EN,firm_client_accounts,jacob.liu.uat,,proxyH,,,ManageAll_V1.17,TRUE,AAAA-9999,mf_orders_upload,"view_system_events,mf_product,equity_product,options_product"
NBIN,Jagmohan,Singh,jagmohan.singh.trader@nbc.ca,EN,firm_client_accounts,jagmohan.singh.trader,,ProxyH,,,ViewOnlyConfidentialProfile_V1.17,TRUE,AAAA-9999,"paper_upload_menu,statements_menu,tax_documents_menu,trade_confirmations_menu",
NBIN,Jagmohan,Singh,jagmohan.singh.assistant@nbc.ca,EN,firm_client_accounts,jagmohan.singh.assistant,,ProxyH,,,ViewOnlyConfidentialProfile_V1.17,TRUE,AAAA-9999,"paper_upload_menu,statements_menu,tax_documents_menu,trade_confirmations_menu",
NBIN,Jagmohan,Singh,jagmohan.singh.advisor@nbc.ca,EN,firm_client_accounts,jagmohan.singh.advisor,,ProxyH,,,ViewOnlyConfidentialProfile_V1.17,TRUE,AAAA-9999,"paper_upload_menu,statements_menu,tax_documents_menu,trade_confirmations_menu",
NBIN,Jagmohan,Singh,jagmohan.singh@nbc.ca,EN,firm_client_accounts,jagmohan.singh,,ProxyH,,,ViewOnlyConfidentialProfile_V1.17,TRUE,AAAA-9999,"paper_upload_menu,statements_menu,tax_documents_menu,trade_confirmations_menu",
NBIN,Jagmohan,Singh,jagmohan.singh.ops@nbc.ca,EN,firm_client_accounts,jagmohan.singh.ops,,ProxyX,,,ViewOnlyConfidentialProfile_V1.17,TRUE,AAAA-9999,"paper_upload_menu,statements_menu,tax_documents_menu,trade_confirmations_menu",
NBIN,Jagmohan,Singh,jagmohan.singh.hobm@nbc.ca,EN,firm_client_accounts,jagmohan.singh.hobm,,ProxyH,,,ViewOnlyConfidentialProfile_V1.17,TRUE,AAAA-9999,"paper_upload_menu,statements_menu,tax_documents_menu,trade_confirmations_menu",
NBIN,Jason,Mepsted,jason.mepsted@nbc.ca,EN,firm_client_accounts,jason.mepsted,ACTSVMAN,ProxyH,Jason.Mepsted,,ManageFirmAndUser_V1.17,TRUE,AAAA-9999,"paper_upload_menu,feature_menu,statements_menu,tax_documents_menu,trade_confirmations_menu",
NBIN,Jean-Christophe Anthony,Fabrici,jcfabrici@bnc.ca,EN,firm_client_accounts,jeanchristopheanthony.fabrici.uat,NBINIA,ProxyH,,,AdminAll_V1.17,TRUE,AAAA-9999,,
NBIN,Jean François,Beauchef,jeanfrancois.beauchef@bnc.ca,EN,firm_client_accounts,jeanfrancois.beauchef.uat,NBINIA,ProxyH,,,AdminAll_V1.17,TRUE,AAAA-9999,,
NBIN,Jean-Pierre,Vivier,jean-pierre.vivier@nbc.ca,EN,firm_client_accounts,jeanpierre.vivier,,ProxyH,,,ViewOnlyConfidentialProfile_V1.17,TRUE,AAAA-9999,"paper_upload_menu,statements_menu,tax_documents_menu,trade_confirmations_menu",
NBIN,Jeffrey,Gagnon Placido,jeffrey.gagnonplacido@bnc.ca,EN,firm_client_accounts,jeffrey.gagnonplacido.uat,NBINIA,ProxyH,,,AdminAll_V1.17,TRUE,AAAA-9999,,
NBIN,Jehyo,Lee,jehyo.lee@nbc.ca,EN,firm_client_accounts,jehyo.lee.uat,SOMAGDI4,ProxyH,Jehyo.Lee,,ManageAll_V1.17,TRUE,AAAA-9999,"orders_upload,questionnaire_applications,trade_allocations_menu,trade_allocations_approvals_menu,trade_allocations_processor_menu,gic_management_menu,statements_menu,tax_documents_menu,trade_confirmations_menu,mf_orders_upload","view_system_events,mf_product"
NBIN,Jennifer,Cho,jcho@nbin.ca,EN,firm_client_accounts,jennifer.cho,,ProxyH,,,ViewOnlyConfidentialProfile_V1.17,TRUE,AAAA-9999,"paper_upload_menu,statements_menu,tax_documents_menu,trade_confirmations_menu",
NBIN,Jenny,Zhang,jenny.zhang@nbc.ca,EN,firm_client_accounts,jenny.zhang,saxenaav,ProxyH,C58451A6,,ManageFirmAndUser_V1.17,TRUE,AAAA-9999,,
NBIN,JennyADVISOR,Zhang,jenny.zhang@bnc.ca,EN,firm_client_accounts,jennyadvisor.zhang,"SOMAGDI4,SOMAGDI1",,jenny.zhang,,AdminAll_V1.17,TRUE,AAAA-9999,"gic_management_menu,statements_menu,tax_documents_menu,trade_confirmations_menu,mf_orders_upload",
NBIN,Jessica,Tallarico,jessica.tallarico3@nbc.ca,EN,firm_client_accounts,jessica.tallarico3.uat,,ProxyH,TestFum26162.QA26162,,AdminServiceRequests_V1.17,TRUE,AAAA-9999,"soma_intervention,paper_upload_menu,statements_menu,tax_documents_menu,trade_confirmations_menu",
NBIN,Jimmy,Blanchet,jimmy.blanchet@bnc.ca,EN,firm_client_accounts,jimmy.blanchet.uat,NBINIA,ProxyH,,,AdminAll_V1.17,TRUE,AAAA-9999,,
NBIN,Jin,Zhang,jin.zhang@nbc.ca,EN,firm_client_accounts,jin.zhang1.uat,,,,,ConfigurePlatformV1.17,FALSE,AAAA-9999,,
NBIN,Jin,Zhang,jin.zhang@nbc.ca,EN,firm_client_accounts,jin.zhang.uat,,,jin.zhang,,AdminAll_V1.17,TRUE,AAAA-9999,mf_orders_upload,"approve_option_applications,view_system_events,mf_product,equity_product"
NBIN,Joanne,Guerin,joanne.guerin@bnc.ca,EN,firm_client_accounts,joanne.guerin.uat,GUJO0002,ProxyH,,,AdminAll_V1.17,TRUE,AAAA-9999,"gic_management_menu,statements_menu,tax_documents_menu,trade_confirmations_menu,mf_orders_upload",
NBIN,John,Doe,john.doe.test@nbc.ca,EN,firm_client_accounts,john.doe1.uat,SOC,compxtr,testuserfried,,ManageAll_V1.17,TRUE,AAAA-9999,"paper_upload_menu,gic_management_menu,statements_menu,tax_documents_menu,trade_confirmations_menu,mf_orders_upload",
NBIN,John,Doe,andrew.halsall@nbc.ca,EN,firm_client_accounts,john.doe2.uat,,,,,ManageAll_V1.17,FALSE,,"orders_module,orders_upload,trade_allocations_menu,trade_allocations_approvals_menu,trade_allocations_processor_menu,gic_management_menu,statements_menu,tax_documents_menu,trade_confirmations_menu,mf_orders_upload",
NBIN,Jordan,Pool,jordan.pool@nbc.ca,EN,firm_client_accounts,jordan.pool,1234,ProxyH,,,ViewOnlyConfidentialProfile_V1.17,TRUE,AAAA-9999,"paper_upload_menu,statements_menu,tax_documents_menu,trade_confirmations_menu",
NBIN,joseph,Kim,joseph.kim@nbc.ca,EN,firm_client_accounts,joseph.kim1,KIJO0001,ProxyH,Joseph.Kim2,,ManageOrders_V1.17,TRUE,AAAA-9999,"paper_upload_menu,gic_management_menu,statements_menu,tax_documents_menu,trade_confirmations_menu,mf_orders_upload",
NBIN,Joseph,Ghuneim,joseph.ghuneim@bnc.ca,EN,firm_client_accounts,joseph.ghuneim.uat,NBINIA,ProxyH,,,ManageAll_V1.17,TRUE,AAAA-9999,mf_orders_upload,"mf_product,equity_product"
NBIN,Joseph,Kim,joseph.kim@nbc.ca,EN,firm_client_accounts,joseph.kim3.uat,KIJO0001,CXTESTZ,,,ManageAll_V1.17,TRUE,AAAA-9999,mf_orders_upload,"mf_product,equity_product"
NBIN,joseph.kim2,joseph.kim2,joseph.kim2@nbc.ca,EN,firm_client_accounts,joseph.kim2,KIJO0001,ProxyH,sanity.test5,,ViewOnlyConfidentialProfile_V1.17,TRUE,AAAA-9999,"statements_menu,tax_documents_menu,trade_confirmations_menu",
NBIN,Joseph-Pascal,Pierre,josephpascal.pierre@bnc.ca,FR,firm_client_accounts,josephpascal.pierre.uat,,,JosephPascal.Pierre,,ManageFirmAndUser_V1.17,TRUE,AAAA-9999,"paper_upload_menu,feature_menu,statements_menu,tax_documents_menu,trade_confirmations_menu",
NBIN,Josh,Giddy,josh.giddy@nbc.ca,EN,firm_client_accounts,josh.giddy,1234,ProxyH,,,ViewOnlyConfidentialProfile_V1.17,TRUE,AAAA-9999,"paper_upload_menu,statements_menu,tax_documents_menu,trade_confirmations_menu",
NBIN,Julie,Edafiogho,julie.edafiogho@nbc.ca,EN,firm_client_accounts,julie.edafiogho.uat,,ProxyH,Testing21.uat,,ManageAll_V1.17,TRUE,AAAA-9999,"paper_upload_menu,gic_management_menu,statements_menu,tax_documents_menu,trade_confirmations_menu,mf_orders_upload",
NBIN,Julie,Levesque,julie.levesque@bnc.ca,EN,firm_client_accounts,julie.levesque,,ProxyH,,,ViewOnlyConfidentialProfile_V1.17,TRUE,AAAA-9999,"paper_upload_menu,statements_menu,tax_documents_menu,trade_confirmations_menu",
NBIN,Justin,Boudriau,justin.boudriau@bnc.ca,FR,firm_client_accounts,justin.boudriau.uat,NBINIA,ProxyH,,,AdminOrders_V1.17,TRUE,AAAA-9999,mf_orders_upload,"mf_product,equity_product"
NBIN,Kamali,Manivannan,kamali.arunamanivannan@nbc.ca,EN,firm_client_accounts,kamali.manivannan.uat,NBINIA,ProxyH,,,ManageFirmAndUser_V1.17,TRUE,AAAA-9999,"paper_upload_menu,system_event_menu",view_system_events
NBIN,Karam,Advisortest,karamveer.sangha@bnc.ca,EN,firm_client_accounts,karam.advisortest.uat,,null,KaramveerPP.Sangha,,ViewOnlyConfidentialProfile_V1.17,TRUE,AAAA-9999,"paper_upload_menu,statements_menu,tax_documents_menu,trade_confirmations_menu",
NBIN,Karamveer,Sangha,karamveer.sangha@nbc.ca,EN,firm_client_accounts,karamveer.sangha,saxenaav,ProxyH,KaramveerUAT.Sangha,,ManageFirmAndUser_V1.17,TRUE,AAAA-9999,"paper_upload_menu,feature_menu,statements_menu,tax_documents_menu,trade_confirmations_menu",
NBIN,Karan,Bahri,karan.bahri@nbc.ca,EN,firm_client_accounts,karan.bahri.uat,saxenaav,COMPXTR,Karan.Bahri,,ManageFirmAndUser_V1.17,TRUE,AAAA-9999,"paper_upload_menu,feature_menu,statements_menu,tax_documents_menu,trade_confirmations_menu",
NBIN,Karan,Sehgal,karan.sehgal@nbc.ca,EN,firm_client_accounts,karan.sehgal,saxenaav,ProxyH,Karan.Sehgal,,ManageFirmAndUser_V1.17,TRUE,AAAA-9999,"paper_upload_menu,feature_menu,statements_menu,tax_documents_menu,trade_confirmations_menu",
NBIN,Kathleen,Mcclay,kathleen.mcclay@nbc.ca,EN,firm_client_accounts,kathleen.mcclay,saxenaav,ProxyH,,,ViewOnlyConfidentialProfile_V1.17,TRUE,AAAA-9999,"paper_upload_menu,statements_menu,tax_documents_menu,trade_confirmations_menu",
NBIN,Katrina,Astrologo,katrina.astrologo@nbc.ca,EN,firm_client_accounts,katrina.astrologo.uat,ASKA0001,null,katrina.astrologoUAT1,,ManageFirmAndUser_V1.17,TRUE,AAAA-9999,"feature_menu,statements_menu,tax_documents_menu,trade_confirmations_menu",
NBIN,Ketlin,Uhlmann Pedron,ketlin.uhlmann.pedron@bnc.ca,EN,firm_client_accounts,ketlin.uhlmannpedron.uat,,,TestFum64172.QA64172,,AdminAll_V1.17,TRUE,AAAA-9999,"paper_upload_menu,gic_management_menu,statements_menu,tax_documents_menu,trade_confirmations_menu,mf_orders_upload",
NBIN,Kevin,Karatsu,kevin.karatsu@nbc.ca,EN,firm_client_accounts,kevin.karatsu,"SOMAGDI4,KARATSKE,ROGDI,ONLINESV,NBINIA,nbinview,KATI0004,KAMARIT2",ProxyH,Karatske,,GlobalAdmin,TRUE,AAAA-9999,,"view_system_events,mf_product,equity_product,options_product,feature_conf"
NBIN,Kevin,Karatsu2,kevin.karatsu2@nbc.ca,EN,firm_client_accounts,kevin.karatsu2.uat,"SOMAGDI4,KARATSKE,ROGDI,ONLINESV,NBINIA",ProxyH,Kevin.Karatsu22,,ManagePostTrade,TRUE,AAAA-9999,,
NBIN,Kevin,Tat,kevin.tat@nbc.ca,EN,firm_client_accounts,kevin.tat.uat,,ProxyH,,,AdminAll_V1.17,TRUE,AAAA-9999,,
NBIN,Khushboo,Ahuja,khushboo.ahuja@nbc.ca,EN,firm_client_accounts,khushboo.ahuja1.uat,,,,,ViewOnlyConfidentialProfile_V1.17,TRUE,AAAA-9999,,
NBIN,Kieran,Kelly,kieran.kelly@nbc.ca,EN,firm_client_accounts,kieran.kelly.uat,,,rrcode.test1,,ViewOnlyConfidentialProfile_V1.17,TRUE,AAAA-9999,"paper_upload_menu,statements_menu,tax_documents_menu,trade_confirmations_menu",
NBIN,Kimberley,Olayemi,kimberley.olayemi@nbc.ca,EN,firm_client_accounts,kimberley.olayemi.uat,,,,,ViewOnlyConfidentialProfile_V1.17,TRUE,AAAA-9999,,
NBIN,klarida,hibraj.int,klarida.hibraj2@nbc.ca,EN,firm_client_accounts,klarida.hibraj.int,,ProxyH,,,ViewOnlyConfidentialProfile_V1.17,TRUE,AAAA-9999,"paper_upload_menu,statements_menu,tax_documents_menu,trade_confirmations_menu",
NBIN,knight,coder,knight.coder@nbc.ca,EN,firm_client_accounts,knight.coder,,ProxyH,,,ViewOnlyConfidentialProfile_V1.17,TRUE,AAAA-9999,"paper_upload_menu,statements_menu,tax_documents_menu,trade_confirmations_menu",
NBIN,knightcoder,test1,knightcoder.test1@nbc.ca,EN,firm_client_accounts,knightcoder.test1,,ProxyH,,,ViewOnlyConfidentialProfile_V1.17,TRUE,AAAA-9999,"paper_upload_menu,statements_menu,tax_documents_menu,trade_confirmations_menu",
NBIN,Lakshmi,Arumugam,lakshmi.arumugam@bnc.ca,EN,firm_client_accounts,lakshmi.arumugam.uat,NBINIA,ProxyH,Lakshmi.Arumugam,,ManageServiceRequests_V1.17,TRUE,AAAA-9999,"paper_upload_menu,statements_menu,tax_documents_menu,trade_confirmations_menu",
NBIN,Laurène,Ralay,laurene.ralay@bnc.ca,EN,firm_client_accounts,laurene.ralay.uat,NBINIA,ProxyH,,,AdminAll_V1.17,TRUE,AAAA-9999,,
NBIN,Lawrence,Sugiarta,lawrence.sugiarta@nbc.ca,EN,firm_client_accounts,lawrence.sugiarta.uat,sugiarl3,,,,AdminServiceRequests_V1.17,TRUE,AAAA-9999,"infinite_applications,orders_module,statements_menu,tax_documents_menu,trade_confirmations_menu",
NBIN,Lindsay,Pierce,lindsay.pierce@bnc.ca,EN,firm_client_accounts,lindsay.pierce1,saxenaav,ProxyH,,,ViewOnlyConfidentialProfile_V1.17,TRUE,AAAA-9999,"paper_upload_menu,statements_menu,tax_documents_menu,trade_confirmations_menu",
NBIN,Lisa,Thomas,lisa.thomas@nbc.ca,EN,firm_client_accounts,lisa.thomas.uat,NBINIA,ProxyH,,,ManageFirmAndUser_V1.17,TRUE,AAAA-9999,,
NBIN,Lucy,Smith,andrew.halsall@nbc.ca,EN,firm_client_accounts,lucy.smith.uat,,,,,ManageAll_V1.17,FALSE,,"orders_module,orders_upload,trade_allocations_menu,trade_allocations_approvals_menu,trade_allocations_processor_menu,gic_management_menu,statements_menu,tax_documents_menu,trade_confirmations_menu,mf_orders_upload",
NBIN,Luke,Walker,luke.walker@nbc.ca,EN,firm_client_accounts,luke.walker.uat,"NBINIA,nbcsuper,SOMAGDI4",ProxyH,,,ManageAllButNotTrade_v1.16,TRUE,AAAA-9999,"paper_upload_menu,statements_menu,tax_documents_menu,trade_confirmations_menu",
NBIN,Maisha S,Wahab,maisha.wahab@nbc.ca,EN,firm_client_accounts,maisha.wahab.uat,"WAHABMA,SOMAGDI4,SOMAGDI1",,,,AdminAll_V1.17,TRUE,AAAA-9999,,
NBIN,MaishaUAT,Wahab,maisha.wahab@nbc.ca,EN,firm_client_accounts,maishauat.wahab.uat,"SOMAGDI4,KARATSKE,WAHABMA,SOMAGDI1",null,,,ManageFirmAndUser_V1.17,TRUE,AAAA-9999,,feature_conf
NBIN,MaishaUAT1,Wahab1,maisha.wahab@nbc.ca,EN,firm_client_accounts,maishauat1.wahab1.uat,"WAHABMA,SOMAGDI1,SOMAGDI4",null,Z78878,,GlobalAdmin,TRUE,AAAA-9999,,feature_conf
NBIN,Malahat,Wida,malahat.wida@nbc.ca,EN,firm_client_accounts,malahat.wida.uat,WIMA0001,,,,AdminServiceRequests_V1.17,TRUE,AAAA-9999,"infinite_applications,orders_module,statements_menu,tax_documents_menu,trade_confirmations_menu",
NBIN,manag,user1,kamali.arunamanivannan@nbc.ca,EN,users_module,manag.user1.uat,NBINIA,ProxyH,,,ManageFirmAndUser_V1.17,FALSE,AAAA-9999,,
NBIN,manage,useruat,kamali.arunamanivannan@nbc.ca,EN,firm_client_accounts,manage.useruat.uat,NBINIA,ProxyH,,,ViewOnlyNonConfidentialProfile,FALSE,AAAA-9999,,
NBIN,manageall,test,brayden.ta@nbc.ca,EN,firm_client_accounts,manageall.test.uat,,,,,AdminAll_V1.17,TRUE,AAAA-9999,"gic_management_menu,statements_menu,tax_documents_menu,trade_confirmations_menu,mf_orders_upload",
NBIN,Mandy,Liao,mandy.liao@nbc.ca,EN,firm_client_accounts,mandy.liao.uat,SOC2,ProxyH,liaoma,,ViewOnlyConfidentialProfile_V1.17,TRUE,AAAA-9999,"paper_upload_menu,statements_menu,tax_documents_menu,trade_confirmations_menu",
NBIN,Mandy,Liao,mandy.liao1@nbc.ca,EN,firm_client_accounts,mandy.liao1.uat,saxenaav,,mandy.liao1,,ManageFirmAndUser_V1.17,TRUE,AAAA-9999,"paper_upload_menu,feature_menu,statements_menu,tax_documents_menu,trade_confirmations_menu",
NBIN,Marc,Giroux,marc.giroux@bnc.ca,EN,firm_client_accounts,marc.giroux.uat,NBINIA,ProxyH,,,AdminAll_V1.17,TRUE,AAAA-9999,,"mf_product,equity_product,options_product"
NBIN,Marc-André,Vanier,marcandre.vanier@bnc.ca,EN,firm_client_accounts,marcandre.vanier.uat,NBINIA,ProxyH,,,AdminAll_V1.17,TRUE,AAAA-9999,,
NBIN,Margot,Hovey-Ritter,margot.hoveyritter@nbc.ca,EN,firm_client_accounts,margot.hoveyritter,saxenaav,ProxyH,,,ViewOnlyConfidentialProfile_V1.17,TRUE,AAAA-9999,"paper_upload_menu,statements_menu,tax_documents_menu,trade_confirmations_menu",
NBIN,Martin,Morissette,martin.morissette@bnc.ca,EN,firm_client_accounts,martin.morissette.uat,moma0008,"ProxyH,ProxyY",,,AdminAll_V1.17,TRUE,AAAA-9999,"gic_management_menu,statements_menu,tax_documents_menu,trade_confirmations_menu,mf_orders_upload",
NBIN,Martino,Brianna,brianna.martino@nbc.ca,EN,firm_client_accounts,martino.brianna.uat,,CXTESTZ,,,AdminAll_V1.17,FALSE,AAAA-9999,"compass_r2,infinite_applications,orders_upload,questionnaire_applications,soma_intervention,soma_servicing,form_applications,tools_menu,paper_upload_menu,trade_allocations_menu,trade_allocations_approvals_menu,trade_allocations_processor_menu,gic_management_menu,statements_menu,tax_documents_menu,trade_confirmations_menu,mf_orders_upload","mf_product,equity_product"
NBIN,mary,browns,mary.browns@nbc.ca,EN,firm_client_accounts,mary.browns.uat,,,,,ViewOnlyNonConfidentialProfile,TRUE,AAAA-9999,,
NBIN,Mary,Doe,mary.doe.uat@nbc.ca,EN,firm_client_accounts,mary.doe.uat,,compxtr,,,ManageAll_V1.17,FALSE,,"paper_upload_menu,gic_management_menu,statements_menu,tax_documents_menu,trade_confirmations_menu,mf_orders_upload",
NBIN,Mary,Lozinski,mary.lozinski@nbc.ca,EN,firm_client_accounts,mary.lozinski,,ProxyH,,,ViewOnlyConfidentialProfile_V1.17,TRUE,AAAA-9999,"paper_upload_menu,statements_menu,tax_documents_menu,trade_confirmations_menu",
NBIN,Mary,Smith,ghazal.tehrani@nbc.ca,EN,firm_client_accounts,mary.smith.uat,,,,,ManageAll_V1.17,FALSE,,"orders_module,orders_upload,trade_allocations_menu,trade_allocations_approvals_menu,trade_allocations_processor_menu,gic_management_menu,statements_menu,tax_documents_menu,trade_confirmations_menu,mf_orders_upload",
NBIN,Mathilde,Pollet,mathilde.pollet@bnc.ca,EN,firm_client_accounts,mathilde.pollet.uat,,null,,,ManageFirmAndUser_V1.17,TRUE,AAAA-9999,"paper_upload_menu,feature_menu,statements_menu,tax_documents_menu,trade_confirmations_menu",
NBIN,Matthias,Tran,matthias.tran@bnc.ca,EN,firm_client_accounts,matthias.tran.uat,trma0002,,,,ManageFirmAndUser_V1.17,FALSE,,"feature_menu,statements_menu,tax_documents_menu,trade_confirmations_menu",
NBIN,Matthias,Tran,matthias.tran@bnc.ca,EN,firm_client_accounts,matthias.tran1.uat,nbcsuper,ProxyH,,,AdminAll_V1.17,TRUE,AAAA-9999,,
NBIN,Maude,Desrosiers-Carbonneau,maude.desrosiers-carbonneau@bnc.ca,EN,firm_client_accounts,maude.desrosierscarbonneau1.uat,nbcsuper,,,,AdminAll_V1.17,TRUE,AAAA-9999,,
NBIN,Maude,Desrosiers-Carbonneau,maude.desrosiers-carbonneau@bnc.ca,EN,firm_client_accounts,maude.desrosierscarbonneau.uat,dema0005,ProxyH,,,ManageFirmAndUser_V1.17,FALSE,,"feature_menu,statements_menu,tax_documents_menu,trade_confirmations_menu",
NBIN,Maurice,Carty,maurice.carty@nbc.ca,EN,firm_client_accounts,maurice.carty.uat,,,,,ManageFirmAndUser_V1.17,TRUE,AAAA-9999,"paper_upload_menu,feature_menu,statements_menu,tax_documents_menu,trade_confirmations_menu",
NBIN,Max,Miller,andrew.halsall@nbc.ca,EN,firm_client_accounts,max.miller.uat,,,,,ManageAll_V1.17,FALSE,,"orders_module,orders_upload,trade_allocations_menu,trade_allocations_approvals_menu,trade_allocations_processor_menu,gic_management_menu,statements_menu,tax_documents_menu,trade_confirmations_menu,mf_orders_upload",
NBIN,Maxime,Roux-Dubois,maxime.rouxdubois@nbc.ca,EN,firm_client_accounts,maxime.rouxdubois.uat,,null,accesscontrol28.qa,,ViewOnlyConfidentialProfile_V1.17,TRUE,AAAA-9999,"paper_upload_menu,statements_menu,tax_documents_menu,trade_confirmations_menu",
NBIN,Mayorathan,Kanagasabai,mayorathan.kanagasabai@bnc.ca,EN,firm_client_accounts,mayorathan.kanagasabai.uat,nbcsuper,,,,AdminAll_V1.17,TRUE,AAAA-9999,,
NBIN,Melanie,Sauriol,sauriol.melanie@bnc.ca,EN,firm_client_accounts,melanie.sauriol.uat,,ProxyH,,,ManageAll_V1.17,TRUE,AAAA-9999,"compass_r2,infinite_applications,questionnaire_applications,soma_servicing,form_applications,tools_menu,paper_upload_menu,gic_management_menu,statements_menu,tax_documents_menu,trade_confirmations_menu,mf_orders_upload",
NBIN,Michael,Kreis,michael.kreis@bnc.ca,EN,firm_client_accounts,michael.kreis.uat,NBINIA,ProxyH,,,AdminAll_V1.17,TRUE,AAAA-9999,,"mf_product,equity_product,options_product"
NBIN,Michele,Hansson,michele.hansson@nbc.ca,EN,firm_client_accounts,michele.hansson,saxenaav,ProxyH,Michele.Hansson,,ManageServiceRequests_V1.17,TRUE,AAAA-9999,"paper_upload_menu,statements_menu,tax_documents_menu,trade_confirmations_menu",
NBIN,Michele,HanssonAdvisor,michelehansson@nbc.ca,EN,firm_client_accounts,michele.hanssonadvisor,,ProxyH,,,ViewOnlyConfidentialProfile_V1.17,TRUE,AAAA-9999,"paper_upload_menu,statements_menu,tax_documents_menu,trade_confirmations_menu",
NBIN,Michele,HanssonCPMC,michele.hansson@bnc.ca,EN,firm_client_accounts,michele.hanssoncpmc,,ProxyH,,,ViewOnlyConfidentialProfile_V1.17,TRUE,AAAA-9999,"paper_upload_menu,statements_menu,tax_documents_menu,trade_confirmations_menu",
NBIN,Mike,Doe,mike.doe.uat@nbc.ca,EN,firm_client_accounts,mike.doe.uat,SOC,,,,ManageAll_V1.17,TRUE,AAAA-9999,"paper_upload_menu,gic_management_menu,statements_menu,tax_documents_menu,trade_confirmations_menu,mf_orders_upload",
NBIN,Minsheng,Liu,minsheng.liu@bnc.ca,EN,firm_client_accounts,minsheng.liu.uat,NBINIA,ProxyH,,,ManageFirmAndUser_V1.17,TRUE,AAAA-9999,,"manage_login_support_only,view_system_events,feature_conf"
NBIN,Miyuki,Ikuse,miyuki.ikuse.internal@nbc.ca,EN,firm_client_accounts,miyuki.ikuse1,,ProxyH,accesscontrol82.uat,,AdminAll_V1.17,TRUE,AAAA-9999,paper_upload_menu,"mf_product,equity_product,options_product"
NBIN,Mohammed,Tou,mohammed.tou@bnc.ca,EN,firm_client_accounts,mohammed.tou.uat,NBINIA,ProxyH,,,AdminAll_V1.17,TRUE,AAAA-9999,,"mf_product,equity_product,options_product"
NBIN,n4internal,test,n4internal12@nbc.ca,EN,firm_client_accounts,n4internal.test,"NBINIA,SOMAGDI1",ProxyH,test7.pp,,Legacy-ManagePostTrade,TRUE,AAAA-9999,,
NBIN,Nadia,Nowrin,nadia.nowrin@nbc.ca,EN,firm_client_accounts,nadia.nowrin,,ProxyH,,,ViewOnlyConfidentialProfile_V1.17,TRUE,AAAA-9999,"paper_upload_menu,statements_menu,tax_documents_menu,trade_confirmations_menu",
NBIN,nbcss,uatreg,nbcss.uatreg@nbc.ca,EN,firm_client_accounts,nbcss.uatreg.uat,NBINIA,ProxyH,,,ViewOnlyNonConfidentialProfile,TRUE,AAAA-9999,,
NBIN,nbcssreg,uat1,nbcssreguat1@nbc.ca,EN,firm_client_accounts,nbcssreg.uat1.uat,NBINIa,ProxyH,,,ViewOnlyConfidentialProfile_V1.17,TRUE,AAAA-9999,"statements_menu,tax_documents_menu,trade_confirmations_menu",
NBIN,nbcTrust,uat,alexandre.kochlan@nbc.ca,EN,firm_client_accounts,nbctrust.uat.uat,,,Alex.Trust123,,ManageServiceRequests_V1.17,TRUE,AAAA-9999,"paper_upload_menu,statements_menu,tax_documents_menu,trade_confirmations_menu",
NBIN,nbin,managefirmanduser,nbin.managefirm@nbc.ca,EN,firm_client_accounts,nbin.managefirmanduser1.uat,,ProxyH,TestFum35416.QA35416,,Legacy-ManageFirmAndUser,TRUE,AAAA-9999,,
NBIN,nbin,nbcsstest1,parto.karimi@nbc.ca,EN,firm_client_accounts,nbin.nbcsstest1.uat,NBINIA,ProxyH,,,AdminAll_V1.17,TRUE,AAAA-9999,"gic_management_menu,statements_menu,tax_documents_menu,trade_confirmations_menu,mf_orders_upload",
NBIN,NBIN,AdminAccountsandProfiles,automation348973@nbc.com,EN,firm_client_accounts,nbin.adminaccountsandprofiles.uat,ProxyH,ProxyH,TestFum65684.QA65684,,AdminAccountsAndProfiles_V1.17,TRUE,AAAA-9999,"paper_upload_menu,statements_menu,tax_documents_menu,trade_confirmations_menu",
NBIN,NBIN,AdminAll,nbinadminall@gmail.com,EN,firm_client_accounts,nbin.adminall.uat,"SOMAGDI4,WUZH0001",ProxyH,CXtestsx115.uat,,AdminAll_V1.17,TRUE,AAAA-9999,mf_orders_upload,"mf_product,equity_product,options_product"
NBIN,NBIN,AdminAllbutnottrade,automation827811@nbc.com,EN,firm_client_accounts,nbin.adminallbutnottrade.uat,ProxyH,ProxyH,TestFum31819.QA31819,,AdminAllButNotTrade_V1.17,TRUE,AAAA-9999,"paper_upload_menu,statements_menu,tax_documents_menu,trade_confirmations_menu",
NBIN,NBIN,AdminOrders,nbinadminorders@gmail.com,EN,firm_client_accounts,nbin.adminorders.uat,ProxyH,ProxyX,accesscontrol14.uat,,AdminOrders_V1.17,TRUE,AAAA-9999,"paper_upload_menu,gic_management_menu,statements_menu,tax_documents_menu,trade_confirmations_menu,mf_orders_upload","mf_product,equity_product"
NBIN,NBIN,AdminServiceRequests,automation283070@nbc.com,EN,firm_client_accounts,nbin.adminservicerequests.uat,ProxyH,ProxyH,TestFum93980.QA93980,,AdminServiceRequests_V1.17,TRUE,AAAA-9999,"paper_upload_menu,statements_menu,tax_documents_menu,trade_confirmations_menu",
NBIN,NBIN,ConfigurePlatform,nbinconfigureplatform@gmail.com,EN,firm_client_accounts,nbin.configureplatform.uat,ProxyH,ProxyH,accesscontrol16.qa,,ConfigurePlatformV1.17,FALSE,AAAA-9999,,
NBIN,NBIN,ManageAccountAssets,automation119418@nbc.com,EN,firm_client_accounts,nbin.manageaccountassets.uat,ProxyH,ProxyH,TestFum25524.QA25524,,ManageServicingAndTrades,TRUE,AAAA-9999,"paper_upload_menu,statements_menu,tax_documents_menu,trade_confirmations_menu",
NBIN,NBIN,ManageAccountsandProfiles,automation731991@nbc.com,EN,firm_client_accounts,nbin.manageaccountsandprofiles.uat,ProxyH,ProxyH,TestFum14029.QA14029,,ManageAccountsAndProfiles_V1.17,TRUE,AAAA-9999,"paper_upload_menu,statements_menu,tax_documents_menu,trade_confirmations_menu",
NBIN,NBIN,ManageAccountsandProfiles,automation227612@nbc.com,EN,firm_client_accounts,nbin.manageaccountsandprofiles1.uat,ProxyH,ProxyH,accesscontrol52.qa,,Legacy-ManageAccountsAndProfiles,TRUE,AAAA-9999,,
NBIN,NBIN,ManageAll,nbinmanageall@gmail.com,EN,firm_client_accounts,nbin.manageall.uat,"ProxyH,nbcsuper,SOMAGDI1",ProxyP,,,ManageAll_V1.17,TRUE,AAAA-9999,"paper_upload_menu,gic_management_menu,statements_menu,tax_documents_menu,trade_confirmations_menu,mf_orders_upload",
NBIN,NBIN,ManageAllbutnottrade,automation88590@nbc.com,EN,firm_client_accounts,nbin.manageallbutnottrade.uat,ProxyH,ProxyH,TestFum71539.QA71539,,ManageAllButNotTrade_v1.16,TRUE,AAAA-9999,"paper_upload_menu,statements_menu,tax_documents_menu,trade_confirmations_menu",
NBIN,NBIN,ManageFirmandUser,automation839778@nbc.com,EN,firm_client_accounts,nbin.managefirmanduser2.uat,ProxyH,ProxyH,accesscontrol65.qa,,Legacy-ManageFirmAndUser,TRUE,AAAA-9999,,
NBIN,NBIN,ManageFirmandUser,automation405637@nbc.com,EN,compass_r2,nbin.managefirmanduser3.uat,ProxyH,ProxyH,,,ManageFirmAndUser_V1.17,TRUE,AAAA-9999,"paper_upload_menu,feature_menu,statements_menu,tax_documents_menu,trade_confirmations_menu",
NBIN,NBIN,ManageFirmandUser,automation27979@nbc.com,EN,firm_client_accounts,nbin.managefirmanduser4.uat,ProxyH,ProxyH,accesscontrol93.qa,,ManageFirmAndUser_V1.17,TRUE,AAAA-9999,"paper_upload_menu,feature_menu,statements_menu,tax_documents_menu,trade_confirmations_menu",
NBIN,NBIN,ManageFirmandUser,persis.newton@nbc.ca,EN,firm_client_accounts,nbin.managefirmanduser.uat,"mod1,SOMAGDI1",ProxyH,test.test3,,ManageFirmAndUser_V1.17,TRUE,AAAA-9999,feature_menu,view_system_events
NBIN,NBIN,ManageFirmandUser,automation218703@nbc.com,EN,firm_client_accounts,nbin.managefirmanduser5.uat,ProxyH,ProxyH,accesscontrol92.qa,,Legacy-ManageFirmAndUser,TRUE,AAAA-9999,,
NBIN,NBIN,ManageFirmandUser,automation854704@nbc.com,EN,firm_client_accounts,nbin.managefirmanduser6.uat,ProxyH,ProxyH,,,ManageFirmAndUser_V1.17,TRUE,AAAA-9999,"paper_upload_menu,feature_menu,statements_menu,tax_documents_menu,trade_confirmations_menu",
NBIN,NBIN,ManageOrders,nbinmanageorders@gmail.com,EN,firm_client_accounts,nbin.manageorders.uat,ProxyH,ProxyM,accesscontrol13.uat,,ManageOrders_V1.17,TRUE,AAAA-9999,"orders_module,orders_upload,paper_upload_menu,gic_management_menu,statements_menu,tax_documents_menu,trade_confirmations_menu,mf_orders_upload",
NBIN,NBIN,ManagePostrade,automation645882@nbc.com,EN,firm_client_accounts,nbin.managepostrade.uat,ProxyH,ProxyH,TestFum56076.QA56076,,ManagePostTrade_V1.17,TRUE,AAAA-9999,"paper_upload_menu,statements_menu,tax_documents_menu,trade_confirmations_menu",
NBIN,NBIN,ManageServiceRequests,nbinmanageservicerequests100001@gmail.com,EN,firm_client_accounts,nbin.manageservicerequests102.uat,ProxyH,ProxyH,accesscontrol62.qa,,Legacy-ManageServiceRequests,TRUE,AAAA-9999,,
NBIN,NBIN,ManageServiceRequests101,nbinmanageservicerequests@gmail.com,EN,firm_client_accounts,nbin.manageservicerequests101.uat,ProxyH,ProxyH,accesscontrol6.uat,,ManageServiceRequests_V1.17,TRUE,AAAA-9999,"paper_upload_menu,statements_menu,tax_documents_menu,trade_confirmations_menu",
NBIN,NBIN,ManageTransactions,automation207439@nbc.com,EN,firm_client_accounts,nbin.managetransactions.uat,ProxyH,ProxyH,TestFum15558.QA15558,,ManageTransactions_V1.17,TRUE,AAAA-9999,"paper_upload_menu,gic_management_menu,statements_menu,tax_documents_menu,trade_confirmations_menu,mf_orders_upload",
NBIN,NBIN,ProcessAccountsandProfiles,automation577720@nbc.com,EN,firm_client_accounts,nbin.processaccountsandprofiles.uat,ProxyH,ProxyH,accesscontrol5.uat,,ProcessAccounts_V1.17,TRUE,AAAA-9999,"paper_upload_menu,statements_menu,tax_documents_menu,trade_confirmations_menu",
NBIN,NBIN,ViewOnlyConfidentialProfile,automation750537@nbc.com,EN,firm_client_accounts,nbin.viewonlyconfidentialprofile1.uat,ProxyH,ProxyH,,,ManageServiceRequests_V1.17,TRUE,AAAA-9999,"paper_upload_menu,statements_menu,tax_documents_menu,trade_confirmations_menu",
NBIN,NBIN,ViewOnlyConfidentialProfile,automation861650@nbc.com,EN,firm_client_accounts,nbin.viewonlyconfidentialprofile.uat,ProxyH,ProxyH,TestFum45850.QA45850,,ViewOnlyConfidentialProfile_V1.17,TRUE,AAAA-9999,"paper_upload_menu,statements_menu,tax_documents_menu,trade_confirmations_menu",
NBIN,NBIN,ViewOnlyNonConfidentialProfile,automation774035@nbc.com,EN,firm_client_accounts,nbin.viewonlynonconfidentialprofile.uat,ProxyH,ProxyH,sso.reg14,,ViewOnlyNonConfidentialProfile,TRUE,AAAA-9999,,
NBIN,NBIN,ViewOnlyNon-ConfidentialProfile,automation70048@nbc.com,EN,firm_client_accounts,nbin.viewonlynonconfidentialprofile5.uat,ProxyH,ProxyH,TestFum50567.QA50567,,ManageFirmAndUser_V1.17,TRUE,AAAA-9999,"paper_upload_menu,feature_menu,statements_menu,tax_documents_menu,trade_confirmations_menu",
NBIN,NBIN,ViewOnlyNon-ConfidentialProfile,automation879669@nbc.com,EN,firm_client_accounts,nbin.viewonlynonconfidentialprofile4.uat,ProxyH,ProxyH,TestFum16852.QA16852,,ViewOnlyNonConfidentialProfile,TRUE,AAAA-9999,,
NBIN,NBIN,ViewOnlyNon-ConfidentialProfile,automation438190@nbc.com,EN,firm_client_accounts,nbin.viewonlynonconfidentialprofile1.uat,ProxyH,ProxyH,accesscontrol90.qa,,Legacy-ViewOnlyNonConfidentialProfile,TRUE,AAAA-9999,,
NBIN,NBIN,ViewOnlyNon-ConfidentialProfile,automation982083@nbc.com,EN,firm_client_accounts,nbin.viewonlynonconfidentialprofile3.uat,ProxyH,ProxyH,testingaccesscontrol82.qa,,Legacy-ViewOnlyNonConfidentialProfile,TRUE,AAAA-9999,,
NBIN,NBIN,ViewOnlyNon-ConfidentialProfile,automation387894@nbc.com,EN,firm_client_accounts,nbin.viewonlynonconfidentialprofile2.uat,ProxyH,ProxyH,test.sccesscontrol5,,Legacy-ViewOnlyNonConfidentialProfile,TRUE,AAAA-9999,,
NBIN,nbin123,nbcsstest453,kamali.arunamanivannan@nbc.ca,EN,firm_client_accounts,nbin.nbcsstest.uat,NBINIA,"ProxyH,ProxyX",,,ViewOnlyConfidentialProfile_V1.17,FALSE,AAAA-9999,,
NBIN,nbinprodsupport,test,nbinprodsupport@nbc.ca,EN,firm_client_accounts,nbinprodsupport.test,"NBINIA,SOMAGDI1",ProxyH,test12.pp,,Legacy-ManageFirmAndUser,TRUE,AAAA-9999,"firm_client_accounts,orders_module",
NBIN,nbin_update,last,hemangi.patel@nbc.ca,EN,firm_client_accounts,nbin.last.uat,,,,,ManageFirmAndUser_V1.17,FALSE,AAAA-9999,,
NBIN,newusergroup,reg1,kamali.arunamanivannan@nbc.ca,EN,firm_client_accounts,newusergroup.reg1.uat,NBINIA,ProxyH,,,ManageServicingAndOrders,TRUE,AAAA-9999,,"options_product,mf_product,equity_product"
NBIN,Nick,Pat,nick.pat.uat@nbc.ca,FR,firm_client_accounts,nick.pat.uat,SOC,compxtr,,,ManageAll_V1.17,FALSE,,"paper_upload_menu,gic_management_menu,statements_menu,tax_documents_menu,trade_confirmations_menu,mf_orders_upload",
NBIN,Nikhil,Musham,nikhil.musham@nbc.ca,EN,firm_client_accounts,nikhil.musham.uat,NBINIA,ProxyH,,,AdminAll_V1.17,TRUE,AAAA-9999,,
NBIN,Nouman,Qureshi,nouman.qureshi@nbc.ca,EN,firm_client_accounts,nouman.qureshi.uat,NBINIA,ProxyH,,,AdminAll_V1.17,TRUE,AAAA-9999,,
NBIN,Obaloluwa,Oyemade,obaloluwa.oyemade@nbc.ca,EN,firm_client_accounts,obaloluwa.oyemade1.uat,,,Obaloluwa.Oyemade1,,ManageAll_V1.17,TRUE,AAAA-9999,"orders_upload,questionnaire_applications,trade_allocations_menu,trade_allocations_approvals_menu,trade_allocations_processor_menu,gic_management_menu,mf_orders_upload","mf_product,equity_product"
NBIN,Oleg,Tchernov,oleg.tchernov@bnc.ca,EN,firm_client_accounts,oleg.tchernov.uat,tcol0003,,,,ManageAll_UAT_1.15,FALSE,,,
NBIN,Olivier,Archambault,olivier.archambault.1@nbc.ca,EN,firm_client_accounts,olivier.archambault,NBINIA,ProxyH,h346hma,,ManageServiceRequests_V1.17,TRUE,AAAA-9999,"paper_upload_menu,statements_menu,tax_documents_menu,trade_confirmations_menu",
NBIN,Ops,Trader,ops.trader@nbc.ca,EN,firm_client_accounts,ops.trader1.uat,ops.trader,ProxyH,xfx.test1,,ViewOnlyConfidentialProfile_V1.17,TRUE,AAAA-9999,"paper_upload_menu,statements_menu,tax_documents_menu,trade_confirmations_menu",
NBIN,Owen,Mullings,owen.mullings.advisor@nbc.ca,EN,firm_client_accounts,owen.mullings.advisor,,ProxyH,,,ViewOnlyConfidentialProfile_V1.17,TRUE,AAAA-9999,"paper_upload_menu,statements_menu,tax_documents_menu,trade_confirmations_menu",
NBIN,Owen,Mullings,owen.mullings@nbc.ca,EN,firm_client_accounts,owen.mullings,,ProxyH,owen.mullings,,Legacy-ManageFirmAndUser,TRUE,AAAA-9999,,
NBIN,Owen,Mullings,owen.mullings.bm@nbc.ca,EN,firm_client_accounts,owen.mullings.bm,,ProxyH,,,ViewOnlyConfidentialProfile_V1.17,TRUE,AAAA-9999,"paper_upload_menu,statements_menu,tax_documents_menu,trade_confirmations_menu",
NBIN,Owen,Mullings,owen.mullings.ops@nbc.ca,EN,firm_client_accounts,owen.mullings.ops,,ProxyH,,,ViewOnlyConfidentialProfile_V1.17,TRUE,AAAA-9999,"paper_upload_menu,statements_menu,tax_documents_menu,trade_confirmations_menu",
NBIN,Owen,Mullings,owen.mullings.assistant@nbc.ca,EN,firm_client_accounts,owen.mullings.assistant,,ProxyH,,,ViewOnlyConfidentialProfile_V1.17,TRUE,AAAA-9999,"paper_upload_menu,statements_menu,tax_documents_menu,trade_confirmations_menu",
NBIN,Owen,Mullings,owen.mullings.trader@nbc.ca,EN,firm_client_accounts,owen.mullings.trader,,ProxyH,owen.mullings2,,ManageAll_V1.17,TRUE,AAAA-9999,mf_orders_upload,"view_system_events,mf_product,equity_product"
NBIN,Oxana,Kovalchuk Pshenich,oxana.kovalchuk@bnc.ca,EN,firm_client_accounts,oxana.kovalchukpshenich.uat,NBINIA,ProxyH,,,AdminAll_V1.17,TRUE,AAAA-9999,,"mf_product,equity_product,options_product"
NBIN,Patrick,Gardner,patrick.gardner@bnc.ca,EN,firm_client_accounts,patrick.gardner.uat,NBINIA,ProxyH,,,AdminAll_V1.17,TRUE,AAAA-9999,,"mf_product,equity_product,options_product"
NBIN,PATRICK,GARDNER,patrick.gardner@bnc.ca,EN,firm_client_accounts,patrick.gardner1.uat,NBINIA,ProxyH,,,AdminAll_V1.17,TRUE,AAAA-9999,,"mf_product,equity_product,options_product"
NBIN,paul,guev,paul.guevarra@nbc.ca,EN,firm_client_accounts,paul.guev.uat,nbcsuper,ProxyH,paul.guevarra,,ManageFirmAndUser_V1.17,TRUE,AAAA-9999,,
NBIN,paul,guevarra,paul.guevarra@nbc.ca,EN,firm_client_accounts,paul.guevarra.uat,NBINIA,,,,ManageAll_V1.17,FALSE,,,
NBIN,paul,guevarratestNBIN,paul.guevarra@nbc.ca,EN,firm_client_accounts,paul.guevarratestnbin.uat,,,,,AdminAll_V1.17,FALSE,,,
NBIN,paul,testingSOMA,paul.testingsoma@nbc.ca,EN,firm_client_accounts,paul.testingsoma.uat,"SOMAGDI4,nbcsuper,NBINIA,SOMAGDI1",ProxyH,paul guev.uat@-()?,,AdminAll_V1.17,TRUE,AAAA-9999,"paper_upload_menu,gic_management_menu,statements_menu,tax_documents_menu,trade_confirmations_menu,mf_orders_upload",
NBIN,Paul Charles Louis,Charpin,paul.charpin@bnc.ca,EN,firm_client_accounts,paulcharleslouis.charpin.uat,CHPA0002,ProxyH,,,AdminAll_V1.17,TRUE,AAAA-9999,"gic_management_menu,statements_menu,tax_documents_menu,trade_confirmations_menu,mf_orders_upload",
NBIN,Pavlina,Banial,pavlina.banial@nbc.ca,EN,firm_client_accounts,pavlina.banial.uat,,,,,ViewOnlyConfidentialProfile_V1.17,TRUE,AAAA-9999,,
NBIN,Peachy,Cadang,peachy.cadang@bnc.ca,EN,firm_client_accounts,peachy.cadang,,ProxyH,,,ViewOnlyConfidentialProfile_V1.17,TRUE,AAAA-9999,"paper_upload_menu,statements_menu,tax_documents_menu,trade_confirmations_menu",
NBIN,Penny,Lam,penny.lam@nbc.ca,EN,firm_client_accounts,penny.lam2,,ProxyH,,,ManageAll_V1.17,TRUE,AAAA-9999,"infinite_applications,questionnaire_applications,form_applications,paper_upload_menu,gic_management_menu,statements_menu,tax_documents_menu,trade_confirmations_menu,mf_orders_upload",
NBIN,Penny,Lam,penny.lam@nbc.ca,EN,firm_client_accounts,penny.lam3,NBINIA,ProxyH,Penny.Lam31,,ManageFirmAndUser_V1.17,TRUE,AAAA-9999,paper_upload_menu,"view_system_events,feature_conf"
NBIN,Penny,Lam,penny.lam@nbc.ca,EN,firm_client_accounts,penny.lam1,LAWPE,ProxyH,,,ManageAll_V1.17,TRUE,AAAA-9999,"paper_upload_menu,statements_menu,tax_documents_menu,trade_confirmations_menu,mf_orders_upload","mf_product,equity_product"
NBIN,Penny_r1,GUO,asdasdsad@nbc.ca,EN,firm_client_accounts,pennyr1.guo.uat,,DSFDSA,,,ManageAllButNotTrade_v1.16,TRUE,AAAA-9999,"paper_upload_menu,statements_menu,tax_documents_menu,trade_confirmations_menu",
NBIN,PenTest,UAT-v1.8 - test2,pentest.uat.18@nbin.ca,EN,firm_client_accounts,pentest.uatv1.8,PenTest,ProxyX,,,ViewOnlyConfidentialProfile_V1.17,TRUE,AAAA-9999,"paper_upload_menu,statements_menu,tax_documents_menu,trade_confirmations_menu",
NBIN,performance112,uat,performance11.uat@nbc.ca,EN,firm_client_accounts,performance11.uat,nbcsuper,ProxyH,,,ManageOrders_V1.17,TRUE,AAAA-9999,"compass_r2,firm_client_accounts,orders_module,orders_upload,questionnaire_applications,soma_servicing,paper_upload_menu,gic_management_menu,statements_menu,tax_documents_menu,trade_confirmations_menu,mf_orders_upload",
NBIN,performance12,uat,performance12.uat@nbc.ca,EN,firm_client_accounts,performance12.uat,nbcsuper,ProxyH,,,ManageOrders_V1.17,TRUE,AAAA-9999,"compass_r2,firm_client_accounts,orders_module,orders_upload,questionnaire_applications,soma_servicing,paper_upload_menu,gic_management_menu,statements_menu,tax_documents_menu,trade_confirmations_menu,mf_orders_upload",
NBIN,performance13,uat,performance13.uat@nbc.ca,EN,firm_client_accounts,performance13.uat,nbcsuper,ProxyH,,,ManageOrders_V1.17,TRUE,AAAA-9999,"compass_r2,firm_client_accounts,orders_module,orders_upload,questionnaire_applications,soma_servicing,paper_upload_menu,gic_management_menu,statements_menu,tax_documents_menu,trade_confirmations_menu,mf_orders_upload",
NBIN,performance14,uat,performance14.uat@nbc.ca,EN,firm_client_accounts,performance14.uat,nbcsuper,ProxyH,,,ManageOrders_V1.17,TRUE,AAAA-9999,"compass_r2,firm_client_accounts,orders_module,orders_upload,questionnaire_applications,soma_servicing,paper_upload_menu,gic_management_menu,statements_menu,tax_documents_menu,trade_confirmations_menu,mf_orders_upload",
NBIN,performance15,uat,performance15.uat@nbc.ca,EN,firm_client_accounts,performance15.uat,nbcsuper,ProxyH,,,ManageOrders_V1.17,TRUE,AAAA-9999,"compass_r2,firm_client_accounts,orders_module,orders_upload,questionnaire_applications,soma_servicing,paper_upload_menu,gic_management_menu,statements_menu,tax_documents_menu,trade_confirmations_menu,mf_orders_upload",
NBIN,performance16,uat,performance16.uat@nbc.ca,EN,firm_client_accounts,performance16.uat,nbcsuper,ProxyH,,,ManageOrders_V1.17,TRUE,AAAA-9999,"compass_r2,firm_client_accounts,orders_module,orders_upload,questionnaire_applications,soma_servicing,paper_upload_menu,gic_management_menu,statements_menu,tax_documents_menu,trade_confirmations_menu,mf_orders_upload",
NBIN,performance17,uat,performance17.uat@nbc.ca,EN,firm_client_accounts,performance17.uat,nbcsuper,ProxyH,,,ManageOrders_V1.17,TRUE,AAAA-9999,"compass_r2,firm_client_accounts,orders_module,orders_upload,questionnaire_applications,soma_servicing,paper_upload_menu,gic_management_menu,statements_menu,tax_documents_menu,trade_confirmations_menu,mf_orders_upload",
NBIN,Performancetest,fum10001,performancetestfum10001@gmail.com,EN,firm_client_accounts,Performancetest.fum10001,nbcsuper,ProxyH,perftesting1.qa,,ManageAll_V1.17,TRUE,AAAA-9999,"compass_r2,firm_client_accounts,orders_module,orders_upload,soma_servicing,paper_upload_menu,gic_management_menu,statements_menu,tax_documents_menu,trade_confirmations_menu,mf_orders_upload",
NBIN,Performancetest,fum10002,performancetestfum10002@gmail.com,EN,firm_client_accounts,Performancetest.fum10002,nbcsuper,ProxyH,perftesting2.qa,,ManageAll_V1.17,TRUE,AAAA-9999,"compass_r2,firm_client_accounts,orders_module,orders_upload,soma_servicing,paper_upload_menu,gic_management_menu,statements_menu,tax_documents_menu,trade_confirmations_menu,mf_orders_upload",
NBIN,Performancetest,fum10003,performancetestfum10003@gmail.com,EN,firm_client_accounts,Performancetest.fum10003,nbcsuper,ProxyH,,,ManageAll_V1.17,TRUE,AAAA-9999,"compass_r2,firm_client_accounts,orders_module,orders_upload,soma_servicing,paper_upload_menu,gic_management_menu,statements_menu,tax_documents_menu,trade_confirmations_menu,mf_orders_upload",
NBIN,Performancetest,fum10004,performancetestfum10004@gmail.com,EN,firm_client_accounts,Performancetest.fum10004,nbcsuper,ProxyH,,,ManageAll_V1.17,TRUE,AAAA-9999,"compass_r2,firm_client_accounts,orders_module,orders_upload,soma_servicing,paper_upload_menu,gic_management_menu,statements_menu,tax_documents_menu,trade_confirmations_menu,mf_orders_upload",
NBIN,Performancetest,fum10005,performancetestfum10005@gmail.com,EN,firm_client_accounts,Performancetest.fum10005,nbcsuper,ProxyH,perftesting5.qa,,ManageAll_V1.17,TRUE,AAAA-9999,"compass_r2,firm_client_accounts,orders_module,orders_upload,soma_servicing,paper_upload_menu,gic_management_menu,statements_menu,tax_documents_menu,trade_confirmations_menu,mf_orders_upload",
NBIN,Performancetest,fum10006,performancetestfum10006@gmail.com,EN,firm_client_accounts,Performancetest.fum10006,nbcsuper,ProxyH,perftesting6.qa,,ManageAll_V1.17,TRUE,AAAA-9999,"compass_r2,firm_client_accounts,orders_module,orders_upload,soma_servicing,paper_upload_menu,gic_management_menu,statements_menu,tax_documents_menu,trade_confirmations_menu,mf_orders_upload",
NBIN,Performancetest,fum10007,performancetestfum10007@gmail.com,EN,firm_client_accounts,Performancetest.fum10007,nbcsuper,ProxyH,perftesting7.qa,,ManageAll_V1.17,TRUE,AAAA-9999,"compass_r2,firm_client_accounts,orders_module,orders_upload,soma_servicing,paper_upload_menu,gic_management_menu,statements_menu,tax_documents_menu,trade_confirmations_menu,mf_orders_upload",
NBIN,Performancetest,fum10008,performancetestfum10008@gmail.com,EN,firm_client_accounts,Performancetest.fum10008,nbcsuper,ProxyH,perftesting8.qa,,ManageAll_V1.17,TRUE,AAAA-9999,"compass_r2,firm_client_accounts,orders_module,orders_upload,soma_servicing,paper_upload_menu,gic_management_menu,statements_menu,tax_documents_menu,trade_confirmations_menu,mf_orders_upload",
NBIN,Performancetest,fum10009,performancetestfum10009@gmail.com,EN,firm_client_accounts,Performancetest.fum10009,nbcsuper,ProxyH,perftesting9.qa,,ManageAll_V1.17,TRUE,AAAA-9999,"compass_r2,firm_client_accounts,orders_module,orders_upload,soma_servicing,paper_upload_menu,gic_management_menu,statements_menu,tax_documents_menu,trade_confirmations_menu,mf_orders_upload",
NBIN,Performancetest,fum10010,performancetestfum10010@gmail.com,EN,firm_client_accounts,Performancetest.fum10010,nbcsuper,ProxyH,perftesting10.qa,,ManageAll_V1.17,TRUE,AAAA-9999,"compass_r2,firm_client_accounts,orders_module,orders_upload,soma_servicing,paper_upload_menu,gic_management_menu,statements_menu,tax_documents_menu,trade_confirmations_menu,mf_orders_upload",
NBIN,Performancetest,fum10011,performancetestfum10011@gmail.com,EN,firm_client_accounts,Performancetest.fum10011,nbcsuper,ProxyH,perftesting11.qa,,ManageAll_V1.17,TRUE,AAAA-9999,"compass_r2,firm_client_accounts,orders_module,orders_upload,soma_servicing,paper_upload_menu,gic_management_menu,statements_menu,tax_documents_menu,trade_confirmations_menu,mf_orders_upload",
NBIN,Performancetest,fum10012,performancetestfum10012@gmail.com,EN,firm_client_accounts,Performancetest.fum10012,nbcsuper,ProxyH,perftesting12.qa,,ManageAll_V1.17,TRUE,AAAA-9999,"compass_r2,firm_client_accounts,orders_module,orders_upload,soma_servicing,paper_upload_menu,gic_management_menu,statements_menu,tax_documents_menu,trade_confirmations_menu,mf_orders_upload",
NBIN,Performancetest,fum10013,performancetestfum10013@gmail.com,EN,firm_client_accounts,Performancetest.fum10013,nbcsuper,ProxyH,perftesting13.qa,,ManageAll_V1.17,TRUE,AAAA-9999,"compass_r2,firm_client_accounts,orders_module,orders_upload,soma_servicing,paper_upload_menu,gic_management_menu,statements_menu,tax_documents_menu,trade_confirmations_menu,mf_orders_upload",
NBIN,Performancetest,fum10014,performancetestfum10014@gmail.com,EN,firm_client_accounts,Performancetest.fum10014,nbcsuper,ProxyH,perftesting14.qa,,ManageAll_V1.17,TRUE,AAAA-9999,"compass_r2,firm_client_accounts,orders_module,orders_upload,soma_servicing,paper_upload_menu,gic_management_menu,statements_menu,tax_documents_menu,trade_confirmations_menu,mf_orders_upload",
NBIN,Performancetest,fum10015,performancetestfum10015@gmail.com,EN,firm_client_accounts,Performancetest.fum10015,nbcsuper,ProxyH,perftesting15.qa,,ManageAll_V1.17,TRUE,AAAA-9999,"compass_r2,firm_client_accounts,orders_module,orders_upload,soma_servicing,paper_upload_menu,gic_management_menu,statements_menu,tax_documents_menu,trade_confirmations_menu,mf_orders_upload",
NBIN,Performancetest,fum10016,performancetestfum10016@gmail.com,EN,firm_client_accounts,Performancetest.fum10016,nbcsuper,ProxyH,perftesting16.qa,,ManageAll_V1.17,TRUE,AAAA-9999,"compass_r2,firm_client_accounts,orders_module,orders_upload,soma_servicing,paper_upload_menu,gic_management_menu,statements_menu,tax_documents_menu,trade_confirmations_menu,mf_orders_upload",
NBIN,Performancetest,fum10017,performancetestfum10017@gmail.com,EN,firm_client_accounts,Performancetest.fum10017,nbcsuper,ProxyH,perftesting17.qa,,ManageAll_V1.17,TRUE,AAAA-9999,"compass_r2,firm_client_accounts,orders_module,orders_upload,soma_servicing,paper_upload_menu,gic_management_menu,statements_menu,tax_documents_menu,trade_confirmations_menu,mf_orders_upload",
NBIN,Performancetest,fum10018,performancetestfum10018@gmail.com,EN,firm_client_accounts,Performancetest.fum10018,nbcsuper,ProxyH,perftesting18.qa,,ManageAll_V1.17,TRUE,AAAA-9999,"compass_r2,firm_client_accounts,orders_module,orders_upload,soma_servicing,paper_upload_menu,gic_management_menu,statements_menu,tax_documents_menu,trade_confirmations_menu,mf_orders_upload",
NBIN,Performancetest,fum10019,performancetestfum10019@gmail.com,EN,firm_client_accounts,Performancetest.fum10019,nbcsuper,ProxyH,perftesting19.qa,,ManageAll_V1.17,TRUE,AAAA-9999,"compass_r2,firm_client_accounts,orders_module,orders_upload,soma_servicing,paper_upload_menu,gic_management_menu,statements_menu,tax_documents_menu,trade_confirmations_menu,mf_orders_upload",
NBIN,Performancetest,fum10020,performancetestfum10020@gmail.com,EN,firm_client_accounts,Performancetest.fum10020,nbcsuper,ProxyH,perftesting20.qa,,ManageAll_V1.17,TRUE,AAAA-9999,"compass_r2,firm_client_accounts,orders_module,orders_upload,soma_servicing,paper_upload_menu,gic_management_menu,statements_menu,tax_documents_menu,trade_confirmations_menu,mf_orders_upload",
NBIN,Performancetest,fum10021,performancetestfum10021@gmail.com,EN,firm_client_accounts,Performancetest.fum10021,nbcsuper,ProxyH,perftesting21.qa,,ManageAll_V1.17,TRUE,AAAA-9999,"compass_r2,firm_client_accounts,orders_module,orders_upload,soma_servicing,paper_upload_menu,gic_management_menu,statements_menu,tax_documents_menu,trade_confirmations_menu,mf_orders_upload",
NBIN,Performancetest,fum10022,performancetestfum10022@gmail.com,EN,firm_client_accounts,Performancetest.fum10022,nbcsuper,ProxyH,perftesting22.qa,,ManageAll_V1.17,TRUE,AAAA-9999,"compass_r2,firm_client_accounts,orders_module,orders_upload,soma_servicing,paper_upload_menu,gic_management_menu,statements_menu,tax_documents_menu,trade_confirmations_menu,mf_orders_upload",
NBIN,Performancetest,fum10023,performancetestfum10023@gmail.com,EN,firm_client_accounts,Performancetest.fum10023,nbcsuper,ProxyH,perftesting23.qa,,ManageAll_V1.17,TRUE,AAAA-9999,"compass_r2,firm_client_accounts,orders_module,orders_upload,soma_servicing,paper_upload_menu,gic_management_menu,statements_menu,tax_documents_menu,trade_confirmations_menu,mf_orders_upload",
NBIN,Performancetest,fum10024,performancetestfum10024@gmail.com,EN,firm_client_accounts,Performancetest.fum10024,nbcsuper,ProxyH,perftesting24.qa,,ManageAll_V1.17,TRUE,AAAA-9999,"compass_r2,firm_client_accounts,orders_module,orders_upload,soma_servicing,paper_upload_menu,gic_management_menu,statements_menu,tax_documents_menu,trade_confirmations_menu,mf_orders_upload",
NBIN,Performancetest,fum10025,performancetestfum10025@gmail.com,EN,firm_client_accounts,Performancetest.fum10025,nbcsuper,ProxyH,perftesting25.qa,,ManageAll_V1.17,TRUE,AAAA-9999,"compass_r2,firm_client_accounts,orders_module,orders_upload,soma_servicing,paper_upload_menu,gic_management_menu,statements_menu,tax_documents_menu,trade_confirmations_menu,mf_orders_upload",
NBIN,Performancetest,fum10026,performancetestfum10026@gmail.com,EN,firm_client_accounts,Performancetest.fum10026,nbcsuper,ProxyH,perftesting26.qa,,ManageAll_V1.17,TRUE,AAAA-9999,"compass_r2,firm_client_accounts,orders_module,orders_upload,soma_servicing,paper_upload_menu,gic_management_menu,statements_menu,tax_documents_menu,trade_confirmations_menu,mf_orders_upload",
NBIN,Performancetest,fum10027,performancetestfum10027@gmail.com,EN,firm_client_accounts,Performancetest.fum10027,nbcsuper,ProxyH,perftesting27.qa,,ManageAll_V1.17,TRUE,AAAA-9999,"compass_r2,firm_client_accounts,orders_module,orders_upload,soma_servicing,paper_upload_menu,gic_management_menu,statements_menu,tax_documents_menu,trade_confirmations_menu,mf_orders_upload",
NBIN,Performancetest,fum10028,performancetestfum10028@gmail.com,EN,firm_client_accounts,Performancetest.fum10028,nbcsuper,ProxyH,perftesting28.qa,,ManageAll_V1.17,TRUE,AAAA-9999,"compass_r2,firm_client_accounts,orders_module,orders_upload,soma_servicing,paper_upload_menu,gic_management_menu,statements_menu,tax_documents_menu,trade_confirmations_menu,mf_orders_upload",
NBIN,Performancetest,fum10029,performancetestfum10029@gmail.com,EN,firm_client_accounts,Performancetest.fum10029,nbcsuper,ProxyH,perftesting29.qa,,ManageAll_V1.17,TRUE,AAAA-9999,"compass_r2,firm_client_accounts,orders_module,orders_upload,soma_servicing,paper_upload_menu,gic_management_menu,statements_menu,tax_documents_menu,trade_confirmations_menu,mf_orders_upload",
NBIN,Performancetest,fum10030,performancetestfum10030@gmail.com,EN,firm_client_accounts,Performancetest.fum10030,nbcsuper,ProxyH,perftesting30.qa,,ManageAll_V1.17,TRUE,AAAA-9999,"compass_r2,firm_client_accounts,orders_module,orders_upload,soma_servicing,paper_upload_menu,gic_management_menu,statements_menu,tax_documents_menu,trade_confirmations_menu,mf_orders_upload",
NBIN,Performancetest,fum10031,performancetestfum10031@gmail.com,EN,firm_client_accounts,Performancetest.fum10031,nbcsuper,ProxyH,perftesting31.qa,,ManageAll_V1.17,TRUE,AAAA-9999,"compass_r2,firm_client_accounts,orders_module,orders_upload,soma_servicing,paper_upload_menu,gic_management_menu,statements_menu,tax_documents_menu,trade_confirmations_menu,mf_orders_upload",
NBIN,Performancetest,fum10032,performancetestfum10032@gmail.com,EN,firm_client_accounts,Performancetest.fum10032,nbcsuper,ProxyH,perftesting32.qa,,ManageAll_V1.17,TRUE,AAAA-9999,"compass_r2,firm_client_accounts,orders_module,orders_upload,soma_servicing,paper_upload_menu,gic_management_menu,statements_menu,tax_documents_menu,trade_confirmations_menu,mf_orders_upload",
NBIN,Performancetest,fum10033,performancetestfum10033@gmail.com,EN,firm_client_accounts,Performancetest.fum10033,nbcsuper,ProxyH,perftesting33.qa,,ManageAll_V1.17,TRUE,AAAA-9999,"compass_r2,firm_client_accounts,orders_module,orders_upload,soma_servicing,paper_upload_menu,gic_management_menu,statements_menu,tax_documents_menu,trade_confirmations_menu,mf_orders_upload",
NBIN,Performancetest,fum10034,performancetestfum10034@gmail.com,EN,firm_client_accounts,Performancetest.fum10034,nbcsuper,ProxyH,perftesting34.qa,,ManageAll_V1.17,TRUE,AAAA-9999,"compass_r2,firm_client_accounts,orders_module,orders_upload,soma_servicing,paper_upload_menu,gic_management_menu,statements_menu,tax_documents_menu,trade_confirmations_menu,mf_orders_upload",
NBIN,Performancetest,fum10035,performancetestfum10035@gmail.com,EN,firm_client_accounts,Performancetest.fum10035,nbcsuper,ProxyH,perftesting35.qa,,ManageAll_V1.17,TRUE,AAAA-9999,"compass_r2,firm_client_accounts,orders_module,orders_upload,soma_servicing,paper_upload_menu,gic_management_menu,statements_menu,tax_documents_menu,trade_confirmations_menu,mf_orders_upload",
NBIN,Performancetest,fum10036,performancetestfum10036@gmail.com,EN,firm_client_accounts,Performancetest.fum10036,nbcsuper,ProxyH,perftesting36.qa,,ManageAll_V1.17,TRUE,AAAA-9999,"compass_r2,firm_client_accounts,orders_module,orders_upload,soma_servicing,paper_upload_menu,gic_management_menu,statements_menu,tax_documents_menu,trade_confirmations_menu,mf_orders_upload",
NBIN,Performancetest,fum10037,performancetestfum10037@gmail.com,EN,firm_client_accounts,Performancetest.fum10037,nbcsuper,ProxyH,perftesting37.qa,,ManageAll_V1.17,TRUE,AAAA-9999,"compass_r2,firm_client_accounts,orders_module,orders_upload,soma_servicing,paper_upload_menu,gic_management_menu,statements_menu,tax_documents_menu,trade_confirmations_menu,mf_orders_upload",
NBIN,Performancetest,fum10038,performancetestfum10038@gmail.com,EN,firm_client_accounts,Performancetest.fum10038,nbcsuper,ProxyH,perftesting38.qa,,ManageAll_V1.17,TRUE,AAAA-9999,"compass_r2,firm_client_accounts,orders_module,orders_upload,soma_servicing,paper_upload_menu,gic_management_menu,statements_menu,tax_documents_menu,trade_confirmations_menu,mf_orders_upload",
NBIN,Performancetest,fum10039,performancetestfum10039@gmail.com,EN,firm_client_accounts,Performancetest.fum10039,nbcsuper,ProxyH,perftesting39.qa,,ManageAll_V1.17,TRUE,AAAA-9999,"compass_r2,firm_client_accounts,orders_module,orders_upload,soma_servicing,paper_upload_menu,gic_management_menu,statements_menu,tax_documents_menu,trade_confirmations_menu,mf_orders_upload",
NBIN,Performancetest,fum10040,performancetestfum10040@gmail.com,EN,firm_client_accounts,Performancetest.fum10040,nbcsuper,ProxyH,perftesting40.qa,,ManageAll_V1.17,TRUE,AAAA-9999,"compass_r2,firm_client_accounts,orders_module,orders_upload,soma_servicing,paper_upload_menu,gic_management_menu,statements_menu,tax_documents_menu,trade_confirmations_menu,mf_orders_upload",
NBIN,Performancetest,fum10041,performancetestfum10041@gmail.com,EN,firm_client_accounts,Performancetest.fum10041,nbcsuper,ProxyH,perftesting41.qa,,ManageAll_V1.17,TRUE,AAAA-9999,"compass_r2,firm_client_accounts,orders_module,orders_upload,soma_servicing,paper_upload_menu,gic_management_menu,statements_menu,tax_documents_menu,trade_confirmations_menu,mf_orders_upload",
NBIN,Performancetest,fum10042,performancetestfum10042@gmail.com,EN,firm_client_accounts,Performancetest.fum10042,nbcsuper,ProxyH,perftesting42.qa,,ManageAll_V1.17,TRUE,AAAA-9999,"compass_r2,firm_client_accounts,orders_module,orders_upload,soma_servicing,paper_upload_menu,gic_management_menu,statements_menu,tax_documents_menu,trade_confirmations_menu,mf_orders_upload",
NBIN,Performancetest,fum10043,performancetestfum10043@gmail.com,EN,firm_client_accounts,Performancetest.fum10043,nbcsuper,ProxyH,perftesting43.qa,,ManageAll_V1.17,TRUE,AAAA-9999,"compass_r2,firm_client_accounts,orders_module,orders_upload,soma_servicing,paper_upload_menu,gic_management_menu,statements_menu,tax_documents_menu,trade_confirmations_menu,mf_orders_upload",
NBIN,Performancetest,fum10044,performancetestfum10044@gmail.com,EN,firm_client_accounts,Performancetest.fum10044,nbcsuper,ProxyH,perftesting44.qa,,ManageAll_V1.17,TRUE,AAAA-9999,"compass_r2,firm_client_accounts,orders_module,orders_upload,soma_servicing,paper_upload_menu,gic_management_menu,statements_menu,tax_documents_menu,trade_confirmations_menu,mf_orders_upload",
NBIN,Performancetest,fum10045,performancetestfum10045@gmail.com,EN,firm_client_accounts,Performancetest.fum10045,nbcsuper,ProxyH,perftesting45.qa,,ManageAll_V1.17,TRUE,AAAA-9999,"compass_r2,firm_client_accounts,orders_module,orders_upload,soma_servicing,paper_upload_menu,gic_management_menu,statements_menu,tax_documents_menu,trade_confirmations_menu,mf_orders_upload",
NBIN,Performancetest,fum10046,performancetestfum10046@gmail.com,EN,firm_client_accounts,Performancetest.fum10046,nbcsuper,ProxyH,perftesting46.qa,,ManageAll_V1.17,TRUE,AAAA-9999,"compass_r2,firm_client_accounts,orders_module,orders_upload,soma_servicing,paper_upload_menu,gic_management_menu,statements_menu,tax_documents_menu,trade_confirmations_menu,mf_orders_upload",
NBIN,Performancetest,fum10047,performancetestfum10047@gmail.com,EN,firm_client_accounts,Performancetest.fum10047,nbcsuper,ProxyH,perftesting47.qa,,ManageAll_V1.17,TRUE,AAAA-9999,"compass_r2,firm_client_accounts,orders_module,orders_upload,soma_servicing,paper_upload_menu,gic_management_menu,statements_menu,tax_documents_menu,trade_confirmations_menu,mf_orders_upload",
NBIN,Performancetest,fum10048,performancetestfum10048@gmail.com,EN,firm_client_accounts,Performancetest.fum10048,nbcsuper,ProxyH,perftesting48.qa,,ManageAll_V1.17,TRUE,AAAA-9999,"compass_r2,firm_client_accounts,orders_module,orders_upload,soma_servicing,paper_upload_menu,gic_management_menu,statements_menu,tax_documents_menu,trade_confirmations_menu,mf_orders_upload",
NBIN,Performancetest,fum10049,performancetestfum10049@gmail.com,EN,firm_client_accounts,Performancetest.fum10049,nbcsuper,ProxyH,perftesting49.qa,,ManageAll_V1.17,TRUE,AAAA-9999,"compass_r2,firm_client_accounts,orders_module,orders_upload,soma_servicing,paper_upload_menu,gic_management_menu,statements_menu,tax_documents_menu,trade_confirmations_menu,mf_orders_upload",
NBIN,Performancetest,fum10050,performancetestfum10050@gmail.com,EN,firm_client_accounts,Performancetest.fum10050,nbcsuper,ProxyH,perftesting50.qa,,ManageAll_V1.17,TRUE,AAAA-9999,"compass_r2,firm_client_accounts,orders_module,orders_upload,soma_servicing,paper_upload_menu,gic_management_menu,statements_menu,tax_documents_menu,trade_confirmations_menu,mf_orders_upload",
NBIN,Performancetest,fum10051,performancetestfum10051@gmail.com,EN,firm_client_accounts,Performancetest.fum10051,nbcsuper,ProxyH,perftesting51.qa,,ManageAll_V1.17,TRUE,AAAA-9999,"compass_r2,firm_client_accounts,orders_module,orders_upload,soma_servicing,paper_upload_menu,gic_management_menu,statements_menu,tax_documents_menu,trade_confirmations_menu,mf_orders_upload",
NBIN,Performancetest,fum10052,performancetestfum10052@gmail.com,EN,firm_client_accounts,Performancetest.fum10052,nbcsuper,ProxyH,perftesting52.qa,,ManageAll_V1.17,TRUE,AAAA-9999,"compass_r2,firm_client_accounts,orders_module,orders_upload,soma_servicing,paper_upload_menu,gic_management_menu,statements_menu,tax_documents_menu,trade_confirmations_menu,mf_orders_upload",
NBIN,Performancetest,fum10053,performancetestfum10053@gmail.com,EN,firm_client_accounts,Performancetest.fum10053,nbcsuper,ProxyH,perftesting53.qa,,ManageAll_V1.17,TRUE,AAAA-9999,"compass_r2,firm_client_accounts,orders_module,orders_upload,soma_servicing,paper_upload_menu,gic_management_menu,statements_menu,tax_documents_menu,trade_confirmations_menu,mf_orders_upload",
NBIN,Performancetest,fum10054,performancetestfum10054@gmail.com,EN,firm_client_accounts,Performancetest.fum10054,nbcsuper,ProxyH,perftesting54.qa,,ManageAll_V1.17,TRUE,AAAA-9999,"compass_r2,firm_client_accounts,orders_module,orders_upload,soma_servicing,paper_upload_menu,gic_management_menu,statements_menu,tax_documents_menu,trade_confirmations_menu,mf_orders_upload",
NBIN,Performancetest,fum10055,performancetestfum10055@gmail.com,EN,firm_client_accounts,Performancetest.fum10055,nbcsuper,ProxyH,perftesting55.qa,,ManageAll_V1.17,TRUE,AAAA-9999,"compass_r2,firm_client_accounts,orders_module,orders_upload,soma_servicing,paper_upload_menu,gic_management_menu,statements_menu,tax_documents_menu,trade_confirmations_menu,mf_orders_upload",
NBIN,Performancetest,fum10056,performancetestfum10056@gmail.com,EN,firm_client_accounts,Performancetest.fum10056,nbcsuper,ProxyH,perftesting57.qa,,ManageAll_V1.17,TRUE,AAAA-9999,"compass_r2,firm_client_accounts,orders_module,orders_upload,soma_servicing,paper_upload_menu,gic_management_menu,statements_menu,tax_documents_menu,trade_confirmations_menu,mf_orders_upload",
NBIN,Performancetest,fum10057,performancetestfum10057@gmail.com,EN,firm_client_accounts,Performancetest.fum10057,nbcsuper,ProxyH,perftesting58.qa,,ManageAll_V1.17,TRUE,AAAA-9999,"compass_r2,firm_client_accounts,orders_module,orders_upload,soma_servicing,paper_upload_menu,gic_management_menu,statements_menu,tax_documents_menu,trade_confirmations_menu,mf_orders_upload",
NBIN,Performancetest,fum10058,performancetestfum10058@gmail.com,EN,firm_client_accounts,Performancetest.fum10058,nbcsuper,ProxyH,TestFum69021.QA69021,,ManageAll_V1.17,TRUE,AAAA-9999,"compass_r2,firm_client_accounts,orders_module,orders_upload,soma_servicing,paper_upload_menu,gic_management_menu,statements_menu,tax_documents_menu,trade_confirmations_menu,mf_orders_upload",
NBIN,Performancetest,fum10059,performancetestfum10059@gmail.com,EN,firm_client_accounts,Performancetest.fum10059,nbcsuper,ProxyH,perftesting59.qa,,ManageAll_V1.17,TRUE,AAAA-9999,"compass_r2,firm_client_accounts,orders_module,orders_upload,soma_servicing,paper_upload_menu,gic_management_menu,statements_menu,tax_documents_menu,trade_confirmations_menu,mf_orders_upload",
NBIN,Performancetest,fum10060,performancetestfum10060@gmail.com,EN,firm_client_accounts,Performancetest.fum10060,nbcsuper,ProxyH,perftesting60.qa,,ManageAll_V1.17,TRUE,AAAA-9999,"compass_r2,firm_client_accounts,orders_module,orders_upload,soma_servicing,paper_upload_menu,gic_management_menu,statements_menu,tax_documents_menu,trade_confirmations_menu,mf_orders_upload",
NBIN,Performancetest,fum10061,performancetestfum10061@gmail.com,EN,firm_client_accounts,Performancetest.fum10061,nbcsuper,ProxyH,perftesting61.qa,,ManageAll_V1.17,TRUE,AAAA-9999,"compass_r2,firm_client_accounts,orders_module,orders_upload,soma_servicing,paper_upload_menu,gic_management_menu,statements_menu,tax_documents_menu,trade_confirmations_menu,mf_orders_upload",
NBIN,Performancetest,fum10062,performancetestfum10062@gmail.com,EN,firm_client_accounts,Performancetest.fum10062,nbcsuper,ProxyH,perftesting62.qa,,ManageAll_V1.17,TRUE,AAAA-9999,"compass_r2,firm_client_accounts,orders_module,orders_upload,soma_servicing,paper_upload_menu,gic_management_menu,statements_menu,tax_documents_menu,trade_confirmations_menu,mf_orders_upload",
NBIN,Performancetest,fum10063,performancetestfum10063@gmail.com,EN,firm_client_accounts,Performancetest.fum10063,nbcsuper,ProxyH,perftesting64.qa,,ManageAll_V1.17,TRUE,AAAA-9999,"compass_r2,firm_client_accounts,orders_module,orders_upload,soma_servicing,paper_upload_menu,gic_management_menu,statements_menu,tax_documents_menu,trade_confirmations_menu,mf_orders_upload",
NBIN,Performancetest,fum10064,performancetestfum10064@gmail.com,EN,firm_client_accounts,Performancetest.fum10064,nbcsuper,ProxyH,perftesting65.qa,,ManageAll_V1.17,TRUE,AAAA-9999,"compass_r2,firm_client_accounts,orders_module,orders_upload,soma_servicing,paper_upload_menu,gic_management_menu,statements_menu,tax_documents_menu,trade_confirmations_menu,mf_orders_upload",
NBIN,Performancetest,fum10065,performancetestfum10065@gmail.com,EN,firm_client_accounts,Performancetest.fum10065,nbcsuper,ProxyH,perftesting66.qa,,ManageAll_V1.17,TRUE,AAAA-9999,"compass_r2,firm_client_accounts,orders_module,orders_upload,soma_servicing,paper_upload_menu,gic_management_menu,statements_menu,tax_documents_menu,trade_confirmations_menu,mf_orders_upload",
NBIN,Performancetest,fum10066,performancetestfum10066@gmail.com,EN,firm_client_accounts,Performancetest.fum10066,nbcsuper,ProxyH,perftesting67.qa,,ManageAll_V1.17,TRUE,AAAA-9999,"compass_r2,firm_client_accounts,orders_module,orders_upload,soma_servicing,paper_upload_menu,gic_management_menu,statements_menu,tax_documents_menu,trade_confirmations_menu,mf_orders_upload",
NBIN,Performancetest,fum10067,performancetestfum10067@gmail.com,EN,firm_client_accounts,Performancetest.fum10067,nbcsuper,ProxyH,perftesting68.qa,,ManageAll_V1.17,TRUE,AAAA-9999,"compass_r2,firm_client_accounts,orders_module,orders_upload,soma_servicing,paper_upload_menu,gic_management_menu,statements_menu,tax_documents_menu,trade_confirmations_menu,mf_orders_upload",
NBIN,Performancetest,fum10068,performancetestfum10068@gmail.com,EN,firm_client_accounts,Performancetest.fum10068,nbcsuper,ProxyH,perftesting69.qa,,ManageAll_V1.17,TRUE,AAAA-9999,"compass_r2,firm_client_accounts,orders_module,orders_upload,soma_servicing,paper_upload_menu,gic_management_menu,statements_menu,tax_documents_menu,trade_confirmations_menu,mf_orders_upload",
NBIN,Performancetest,fum10069,performancetestfum10069@gmail.com,EN,firm_client_accounts,Performancetest.fum10069,nbcsuper,ProxyH,perftesting70.qa,,ManageAll_V1.17,TRUE,AAAA-9999,"compass_r2,firm_client_accounts,orders_module,orders_upload,soma_servicing,paper_upload_menu,gic_management_menu,statements_menu,tax_documents_menu,trade_confirmations_menu,mf_orders_upload",
NBIN,Performancetest,fum10070,performancetestfum10070@gmail.com,EN,firm_client_accounts,Performancetest.fum10070,nbcsuper,ProxyH,perftesting71.qa,,ManageAll_V1.17,TRUE,AAAA-9999,"compass_r2,firm_client_accounts,orders_module,orders_upload,soma_servicing,paper_upload_menu,gic_management_menu,statements_menu,tax_documents_menu,trade_confirmations_menu,mf_orders_upload",
NBIN,Performancetest,fum10071,performancetestfum10071@gmail.com,EN,firm_client_accounts,Performancetest.fum10071,nbcsuper,ProxyH,perftesting72.qa,,ManageAll_V1.17,TRUE,AAAA-9999,"compass_r2,firm_client_accounts,orders_module,orders_upload,soma_servicing,paper_upload_menu,gic_management_menu,statements_menu,tax_documents_menu,trade_confirmations_menu,mf_orders_upload",
NBIN,Performancetest,fum10072,performancetestfum10072@gmail.com,EN,firm_client_accounts,Performancetest.fum10072,nbcsuper,ProxyH,perftesting73.qa,,ManageAll_V1.17,TRUE,AAAA-9999,"compass_r2,firm_client_accounts,orders_module,orders_upload,soma_servicing,paper_upload_menu,gic_management_menu,statements_menu,tax_documents_menu,trade_confirmations_menu,mf_orders_upload",
NBIN,Performancetest,fum10073,performancetestfum10073@gmail.com,EN,firm_client_accounts,Performancetest.fum10073,nbcsuper,ProxyH,perftesting74.qa,,ManageAll_V1.17,TRUE,AAAA-9999,"compass_r2,firm_client_accounts,orders_module,orders_upload,soma_servicing,paper_upload_menu,gic_management_menu,statements_menu,tax_documents_menu,trade_confirmations_menu,mf_orders_upload",
NBIN,Performancetest,fum10074,performancetestfum10074@gmail.com,EN,firm_client_accounts,Performancetest.fum10074,nbcsuper,ProxyH,perftesting75.qa,,ManageAll_V1.17,TRUE,AAAA-9999,"compass_r2,firm_client_accounts,orders_module,orders_upload,soma_servicing,paper_upload_menu,gic_management_menu,statements_menu,tax_documents_menu,trade_confirmations_menu,mf_orders_upload",
NBIN,Performancetest,fum10075,performancetestfum10075@gmail.com,EN,firm_client_accounts,Performancetest.fum10075,nbcsuper,ProxyH,perftesting76.qa,,ManageAll_V1.17,TRUE,AAAA-9999,"compass_r2,firm_client_accounts,orders_module,orders_upload,soma_servicing,paper_upload_menu,gic_management_menu,statements_menu,tax_documents_menu,trade_confirmations_menu,mf_orders_upload",
NBIN,Performancetest,fum10076,performancetestfum10076@gmail.com,EN,firm_client_accounts,Performancetest.fum10076,nbcsuper,ProxyH,perftesting77.qa,,ManageAll_V1.17,TRUE,AAAA-9999,"compass_r2,firm_client_accounts,orders_module,orders_upload,soma_servicing,paper_upload_menu,gic_management_menu,statements_menu,tax_documents_menu,trade_confirmations_menu,mf_orders_upload",
NBIN,Performancetest,fum10077,performancetestfum10077@gmail.com,EN,firm_client_accounts,Performancetest.fum10077,nbcsuper,ProxyH,perftesting78.qa,,ManageAll_V1.17,TRUE,AAAA-9999,"compass_r2,firm_client_accounts,orders_module,orders_upload,soma_servicing,paper_upload_menu,gic_management_menu,statements_menu,tax_documents_menu,trade_confirmations_menu,mf_orders_upload",
NBIN,Performancetest,fum10078,performancetestfum10078@gmail.com,EN,firm_client_accounts,Performancetest.fum10078,nbcsuper,ProxyH,perftesting79.qa,,ManageAll_V1.17,TRUE,AAAA-9999,"compass_r2,firm_client_accounts,orders_module,orders_upload,soma_servicing,paper_upload_menu,gic_management_menu,statements_menu,tax_documents_menu,trade_confirmations_menu,mf_orders_upload",
NBIN,Performancetest,fum10079,performancetestfum10079@gmail.com,EN,firm_client_accounts,Performancetest.fum10079,nbcsuper,ProxyH,perftesting80.qa,,ManageAll_V1.17,TRUE,AAAA-9999,"compass_r2,firm_client_accounts,orders_module,orders_upload,soma_servicing,paper_upload_menu,gic_management_menu,statements_menu,tax_documents_menu,trade_confirmations_menu,mf_orders_upload",
NBIN,Performancetest,fum10080,performancetestfum10080@gmail.com,EN,firm_client_accounts,Performancetest.fum10080,nbcsuper,ProxyH,perftesting81.qa,,ManageAll_V1.17,TRUE,AAAA-9999,"compass_r2,firm_client_accounts,orders_module,orders_upload,soma_servicing,paper_upload_menu,gic_management_menu,statements_menu,tax_documents_menu,trade_confirmations_menu,mf_orders_upload",
NBIN,Performancetest,fum10081,performancetestfum10081@gmail.com,EN,firm_client_accounts,Performancetest.fum10081,nbcsuper,ProxyH,perftesting82.qa,,ManageAll_V1.17,TRUE,AAAA-9999,"compass_r2,firm_client_accounts,orders_module,orders_upload,soma_servicing,paper_upload_menu,gic_management_menu,statements_menu,tax_documents_menu,trade_confirmations_menu,mf_orders_upload",
NBIN,Performancetest,fum10082,performancetestfum10082@gmail.com,EN,firm_client_accounts,Performancetest.fum10082,nbcsuper,ProxyH,perftesting83.qa,,ManageAll_V1.17,TRUE,AAAA-9999,"compass_r2,firm_client_accounts,orders_module,orders_upload,soma_servicing,paper_upload_menu,gic_management_menu,statements_menu,tax_documents_menu,trade_confirmations_menu,mf_orders_upload",
NBIN,Performancetest,fum10083,performancetestfum10083@gmail.com,EN,firm_client_accounts,Performancetest.fum10083,nbcsuper,ProxyH,perftesting84.qa,,ManageAll_V1.17,TRUE,AAAA-9999,"compass_r2,firm_client_accounts,orders_module,orders_upload,soma_servicing,paper_upload_menu,gic_management_menu,statements_menu,tax_documents_menu,trade_confirmations_menu,mf_orders_upload",
NBIN,Performancetest,fum10084,performancetestfum10084@gmail.com,EN,firm_client_accounts,Performancetest.fum10084,nbcsuper,ProxyH,perftesting85.qa,,ManageAll_V1.17,TRUE,AAAA-9999,"compass_r2,firm_client_accounts,orders_module,orders_upload,soma_servicing,paper_upload_menu,gic_management_menu,statements_menu,tax_documents_menu,trade_confirmations_menu,mf_orders_upload",
NBIN,Performancetest,fum10085,performancetestfum10085@gmail.com,EN,firm_client_accounts,Performancetest.fum10085,nbcsuper,ProxyH,perftesting86.qa,,ManageAll_V1.17,TRUE,AAAA-9999,"compass_r2,firm_client_accounts,orders_module,orders_upload,soma_servicing,paper_upload_menu,gic_management_menu,statements_menu,tax_documents_menu,trade_confirmations_menu,mf_orders_upload",
NBIN,Performancetest,fum10086,performancetestfum10086@gmail.com,EN,firm_client_accounts,Performancetest.fum10086,nbcsuper,ProxyH,perftesting87.qa,,ManageAll_V1.17,TRUE,AAAA-9999,"compass_r2,firm_client_accounts,orders_module,orders_upload,soma_servicing,paper_upload_menu,gic_management_menu,statements_menu,tax_documents_menu,trade_confirmations_menu,mf_orders_upload",
NBIN,Performancetest,fum10087,performancetestfum10087@gmail.com,EN,firm_client_accounts,Performancetest.fum10087,nbcsuper,ProxyH,perftesting89.qa,,ManageAll_V1.17,TRUE,AAAA-9999,"compass_r2,firm_client_accounts,orders_module,orders_upload,soma_servicing,paper_upload_menu,gic_management_menu,statements_menu,tax_documents_menu,trade_confirmations_menu,mf_orders_upload",
NBIN,Performancetest,fum10088,performancetestfum10088@gmail.com,EN,firm_client_accounts,Performancetest.fum10088,nbcsuper,ProxyH,perftesting90.qa,,ManageAll_V1.17,TRUE,AAAA-9999,"compass_r2,firm_client_accounts,orders_module,orders_upload,soma_servicing,paper_upload_menu,gic_management_menu,statements_menu,tax_documents_menu,trade_confirmations_menu,mf_orders_upload",
NBIN,Performancetest,fum10089,performancetestfum10089@gmail.com,EN,firm_client_accounts,Performancetest.fum10089,nbcsuper,ProxyH,perftesting91.qa,,ManageAll_V1.17,TRUE,AAAA-9999,"compass_r2,firm_client_accounts,orders_module,orders_upload,soma_servicing,paper_upload_menu,gic_management_menu,statements_menu,tax_documents_menu,trade_confirmations_menu,mf_orders_upload",
NBIN,Performancetest,fum10090,performancetestfum10090@gmail.com,EN,firm_client_accounts,Performancetest.fum10090,nbcsuper,ProxyH,perftesting92.qa,,ManageAll_V1.17,TRUE,AAAA-9999,"compass_r2,firm_client_accounts,orders_module,orders_upload,soma_servicing,paper_upload_menu,gic_management_menu,statements_menu,tax_documents_menu,trade_confirmations_menu,mf_orders_upload",
NBIN,Performancetest,fum10091,performancetestfum10091@gmail.com,EN,firm_client_accounts,Performancetest.fum10091,nbcsuper,ProxyH,perftesting93.qa,,ManageAll_V1.17,TRUE,AAAA-9999,"compass_r2,firm_client_accounts,orders_module,orders_upload,soma_servicing,paper_upload_menu,gic_management_menu,statements_menu,tax_documents_menu,trade_confirmations_menu,mf_orders_upload",
NBIN,Performancetest,fum10092,performancetestfum10092@gmail.com,EN,firm_client_accounts,Performancetest.fum10092,nbcsuper,ProxyH,perftesting94.qa,,ManageAll_V1.17,TRUE,AAAA-9999,"compass_r2,firm_client_accounts,orders_module,orders_upload,soma_servicing,paper_upload_menu,gic_management_menu,statements_menu,tax_documents_menu,trade_confirmations_menu,mf_orders_upload",
NBIN,Performancetest,fum10093,performancetestfum10093@gmail.com,EN,firm_client_accounts,Performancetest.fum10093,nbcsuper,ProxyH,perftesting95.qa,,ManageAll_V1.17,TRUE,AAAA-9999,"compass_r2,firm_client_accounts,orders_module,orders_upload,soma_servicing,paper_upload_menu,gic_management_menu,statements_menu,tax_documents_menu,trade_confirmations_menu,mf_orders_upload",
NBIN,Performancetest,fum10094,performancetestfum10094@gmail.com,EN,firm_client_accounts,Performancetest.fum10094,nbcsuper,ProxyH,perftesting96.qa,,ManageAll_V1.17,TRUE,AAAA-9999,"compass_r2,firm_client_accounts,orders_module,orders_upload,soma_servicing,paper_upload_menu,gic_management_menu,statements_menu,tax_documents_menu,trade_confirmations_menu,mf_orders_upload",
NBIN,Performancetest,fum10095,performancetestfum10095@gmail.com,EN,firm_client_accounts,Performancetest.fum10095,nbcsuper,ProxyH,perftesting97.qa,,ManageAll_V1.17,TRUE,AAAA-9999,"compass_r2,firm_client_accounts,orders_module,orders_upload,soma_servicing,paper_upload_menu,gic_management_menu,statements_menu,tax_documents_menu,trade_confirmations_menu,mf_orders_upload",
NBIN,Performancetest,fum10096,performancetestfum10096@gmail.com,EN,firm_client_accounts,Performancetest.fum10096,nbcsuper,ProxyH,perftesting98.qa,,ManageAll_V1.17,TRUE,AAAA-9999,"compass_r2,firm_client_accounts,orders_module,orders_upload,soma_servicing,paper_upload_menu,gic_management_menu,statements_menu,tax_documents_menu,trade_confirmations_menu,mf_orders_upload",
NBIN,Performancetest,fum10097,performancetestfum10097@gmail.com,EN,firm_client_accounts,Performancetest.fum10097,nbcsuper,ProxyH,perftesting99.qa,,ManageAll_V1.17,TRUE,AAAA-9999,"compass_r2,firm_client_accounts,orders_module,orders_upload,soma_servicing,paper_upload_menu,gic_management_menu,statements_menu,tax_documents_menu,trade_confirmations_menu,mf_orders_upload",
NBIN,Performancetest,fum10098,performancetestfum10098@gmail.com,EN,firm_client_accounts,Performancetest.fum10098,nbcsuper,ProxyH,perftesting100.qa,,ManageAll_V1.17,TRUE,AAAA-9999,"compass_r2,firm_client_accounts,orders_module,orders_upload,soma_servicing,paper_upload_menu,gic_management_menu,statements_menu,tax_documents_menu,trade_confirmations_menu,mf_orders_upload",
NBIN,Performancetest,fum10099,performancetestfum10099@gmail.com,EN,firm_client_accounts,Performancetest.fum10099,nbcsuper,ProxyH,perftesting101.qa,,ManageAll_V1.17,TRUE,AAAA-9999,"compass_r2,firm_client_accounts,orders_module,orders_upload,soma_servicing,paper_upload_menu,gic_management_menu,statements_menu,tax_documents_menu,trade_confirmations_menu,mf_orders_upload",
NBIN,Performancetest,fum10100,performancetestfum10100@gmail.com,EN,firm_client_accounts,Performancetest.fum10100,nbcsuper,ProxyH,test.perf100,,ManageAll_V1.17,TRUE,AAAA-9999,"compass_r2,firm_client_accounts,orders_module,orders_upload,soma_servicing,paper_upload_menu,gic_management_menu,statements_menu,tax_documents_menu,trade_confirmations_menu,mf_orders_upload",
NBIN,Performancetest,fum10101,performancetestfum10101@gmail.com,EN,firm_client_accounts,Performancetest.fum10101,nbcsuper,ProxyH,test.perf101,,ManageAll_V1.17,TRUE,AAAA-9999,"compass_r2,firm_client_accounts,orders_module,orders_upload,soma_servicing,paper_upload_menu,gic_management_menu,statements_menu,tax_documents_menu,trade_confirmations_menu,mf_orders_upload",
NBIN,Performancetest,fum10102,performancetestfum10102@gmail.com,EN,firm_client_accounts,Performancetest.fum10102,nbcsuper,ProxyH,perftesting102.qa,,ManageAll_V1.17,TRUE,AAAA-9999,"compass_r2,firm_client_accounts,orders_module,orders_upload,soma_servicing,paper_upload_menu,gic_management_menu,statements_menu,tax_documents_menu,trade_confirmations_menu,mf_orders_upload",
NBIN,Performancetest,fum10103,performancetestfum10103@gmail.com,EN,firm_client_accounts,Performancetest.fum10103,nbcsuper,ProxyH,perftesting103.qa,,ManageAll_V1.17,TRUE,AAAA-9999,"compass_r2,firm_client_accounts,orders_module,orders_upload,soma_servicing,paper_upload_menu,gic_management_menu,statements_menu,tax_documents_menu,trade_confirmations_menu,mf_orders_upload",
NBIN,Performancetest,fum10104,performancetestfum10104@gmail.com,EN,firm_client_accounts,Performancetest.fum10104,nbcsuper,ProxyH,perftesting104.qa,,ManageAll_V1.17,TRUE,AAAA-9999,"compass_r2,firm_client_accounts,orders_module,orders_upload,soma_servicing,paper_upload_menu,gic_management_menu,statements_menu,tax_documents_menu,trade_confirmations_menu,mf_orders_upload",
NBIN,Performancetest,fum10105,performancetestfum10105@gmail.com,EN,firm_client_accounts,Performancetest.fum10105,nbcsuper,ProxyH,perftesting105.qa,,ManageAll_V1.17,TRUE,AAAA-9999,"compass_r2,firm_client_accounts,orders_module,orders_upload,soma_servicing,paper_upload_menu,gic_management_menu,statements_menu,tax_documents_menu,trade_confirmations_menu,mf_orders_upload",
NBIN,Performancetest,fum10106,performancetestfum10106@gmail.com,EN,firm_client_accounts,Performancetest.fum10106,nbcsuper,ProxyH,perftesting106.qa,,ManageAll_V1.17,TRUE,AAAA-9999,"compass_r2,firm_client_accounts,orders_module,orders_upload,soma_servicing,paper_upload_menu,gic_management_menu,statements_menu,tax_documents_menu,trade_confirmations_menu,mf_orders_upload",
NBIN,Performancetest,fum10107,performancetestfum10107@gmail.com,EN,firm_client_accounts,Performancetest.fum10107,nbcsuper,ProxyH,perftesting107.qa,,ManageAll_V1.17,TRUE,AAAA-9999,"compass_r2,firm_client_accounts,orders_module,orders_upload,soma_servicing,paper_upload_menu,gic_management_menu,statements_menu,tax_documents_menu,trade_confirmations_menu,mf_orders_upload",
NBIN,Performancetest,fum10108,performancetestfum10108@gmail.com,EN,firm_client_accounts,Performancetest.fum10108,nbcsuper,ProxyH,perftesting108.qa,,ManageAll_V1.17,TRUE,AAAA-9999,"compass_r2,firm_client_accounts,orders_module,orders_upload,soma_servicing,paper_upload_menu,gic_management_menu,statements_menu,tax_documents_menu,trade_confirmations_menu,mf_orders_upload",
NBIN,Performancetest,fum10109,performancetestfum10109@gmail.com,EN,firm_client_accounts,Performancetest.fum10109,nbcsuper,ProxyH,perftesting109.qa,,ManageAll_V1.17,TRUE,AAAA-9999,"compass_r2,firm_client_accounts,orders_module,orders_upload,soma_servicing,paper_upload_menu,gic_management_menu,statements_menu,tax_documents_menu,trade_confirmations_menu,mf_orders_upload",
NBIN,Performancetest,fum10110,performancetestfum10110@gmail.com,EN,firm_client_accounts,Performancetest.fum10110,nbcsuper,ProxyH,perftesting110.qa,,ManageAll_V1.17,TRUE,AAAA-9999,"compass_r2,firm_client_accounts,orders_module,orders_upload,soma_servicing,paper_upload_menu,gic_management_menu,statements_menu,tax_documents_menu,trade_confirmations_menu,mf_orders_upload",
NBIN,Performancetest,fum10111,performancetestfum10111@gmail.com,EN,firm_client_accounts,Performancetest.fum10111,nbcsuper,ProxyH,perftesting112.qa,,ManageAll_V1.17,TRUE,AAAA-9999,"compass_r2,firm_client_accounts,orders_module,orders_upload,soma_servicing,paper_upload_menu,gic_management_menu,statements_menu,tax_documents_menu,trade_confirmations_menu,mf_orders_upload",
NBIN,Performancetest,fum10112,performancetestfum10112@gmail.com,EN,firm_client_accounts,Performancetest.fum10112,nbcsuper,ProxyH,perftesting113.qa,,ManageAll_V1.17,TRUE,AAAA-9999,"compass_r2,firm_client_accounts,orders_module,orders_upload,soma_servicing,paper_upload_menu,gic_management_menu,statements_menu,tax_documents_menu,trade_confirmations_menu,mf_orders_upload",
NBIN,Performancetest,fum10113,performancetestfum10113@gmail.com,EN,firm_client_accounts,Performancetest.fum10113,nbcsuper,ProxyH,perftesting114.qa,,ManageAll_V1.17,TRUE,AAAA-9999,"compass_r2,firm_client_accounts,orders_module,orders_upload,soma_servicing,paper_upload_menu,gic_management_menu,statements_menu,tax_documents_menu,trade_confirmations_menu,mf_orders_upload",
NBIN,Performancetest,fum10114,performancetestfum10114@gmail.com,EN,firm_client_accounts,Performancetest.fum10114,nbcsuper,ProxyH,perftesting115.qa,,ManageAll_V1.17,TRUE,AAAA-9999,"compass_r2,firm_client_accounts,orders_module,orders_upload,soma_servicing,paper_upload_menu,gic_management_menu,statements_menu,tax_documents_menu,trade_confirmations_menu,mf_orders_upload",
NBIN,Performancetest,fum10115,performancetestfum10115@gmail.com,EN,firm_client_accounts,Performancetest.fum10115,nbcsuper,ProxyH,perftesting117.qa,,ManageAll_V1.17,TRUE,AAAA-9999,"compass_r2,firm_client_accounts,orders_module,orders_upload,soma_servicing,paper_upload_menu,gic_management_menu,statements_menu,tax_documents_menu,trade_confirmations_menu,mf_orders_upload",
NBIN,Performancetest,fum10116,performancetestfum10116@gmail.com,EN,firm_client_accounts,Performancetest.fum10116,nbcsuper,ProxyH,perftesting118.qa,,ManageAll_V1.17,TRUE,AAAA-9999,"compass_r2,firm_client_accounts,orders_module,orders_upload,soma_servicing,paper_upload_menu,gic_management_menu,statements_menu,tax_documents_menu,trade_confirmations_menu,mf_orders_upload",
NBIN,Performancetest,fum10117,performancetestfum10117@gmail.com,EN,firm_client_accounts,Performancetest.fum10117,nbcsuper,ProxyH,perftesting119.qa,,ManageAll_V1.17,TRUE,AAAA-9999,"compass_r2,firm_client_accounts,orders_module,orders_upload,soma_servicing,paper_upload_menu,gic_management_menu,statements_menu,tax_documents_menu,trade_confirmations_menu,mf_orders_upload",
NBIN,Performancetest,fum10119,performancetestfum10119@gmail.com,EN,firm_client_accounts,Performancetest.fum10119,nbcsuper,ProxyH,test.perf119,,ManageAll_V1.17,TRUE,AAAA-9999,"compass_r2,firm_client_accounts,orders_module,orders_upload,soma_servicing,paper_upload_menu,gic_management_menu,statements_menu,tax_documents_menu,trade_confirmations_menu,mf_orders_upload",
NBIN,Performancetest,fum10120,performancetestfum10120@gmail.com,EN,firm_client_accounts,Performancetest.fum10120,nbcsuper,ProxyH,perftesting120.qa,,ManageAll_V1.17,TRUE,AAAA-9999,"compass_r2,firm_client_accounts,orders_module,orders_upload,soma_servicing,paper_upload_menu,gic_management_menu,statements_menu,tax_documents_menu,trade_confirmations_menu,mf_orders_upload",
NBIN,Performancetest,fum10121,performancetestfum10121@gmail.com,EN,firm_client_accounts,Performancetest.fum10121,nbcsuper,ProxyH,perftesting121.qa,,ManageAll_V1.17,TRUE,AAAA-9999,"compass_r2,firm_client_accounts,orders_module,orders_upload,soma_servicing,paper_upload_menu,gic_management_menu,statements_menu,tax_documents_menu,trade_confirmations_menu,mf_orders_upload",
NBIN,Performancetest,fum10122,performancetestfum10122@gmail.com,EN,firm_client_accounts,Performancetest.fum10122,nbcsuper,ProxyH,perftesting122.qa,,ManageAll_V1.17,TRUE,AAAA-9999,"compass_r2,firm_client_accounts,orders_module,orders_upload,soma_servicing,paper_upload_menu,gic_management_menu,statements_menu,tax_documents_menu,trade_confirmations_menu,mf_orders_upload",
NBIN,Performancetest,fum10123,performancetestfum10123@gmail.com,EN,firm_client_accounts,Performancetest.fum10123,nbcsuper,ProxyH,perftesting123.qa,,ManageAll_V1.17,TRUE,AAAA-9999,"compass_r2,firm_client_accounts,orders_module,orders_upload,soma_servicing,paper_upload_menu,gic_management_menu,statements_menu,tax_documents_menu,trade_confirmations_menu,mf_orders_upload",
NBIN,Performancetest,fum10124,performancetestfum10124@gmail.com,EN,firm_client_accounts,Performancetest.fum10124,nbcsuper,ProxyH,perftesting124.qa,,ManageAll_V1.17,TRUE,AAAA-9999,"compass_r2,firm_client_accounts,orders_module,orders_upload,soma_servicing,paper_upload_menu,gic_management_menu,statements_menu,tax_documents_menu,trade_confirmations_menu,mf_orders_upload",
NBIN,Performancetest,fum10125,performancetestfum10125@gmail.com,EN,firm_client_accounts,Performancetest.fum10125,nbcsuper,ProxyH,perftesting125.qa,,ManageAll_V1.17,TRUE,AAAA-9999,"compass_r2,firm_client_accounts,orders_module,orders_upload,soma_servicing,paper_upload_menu,gic_management_menu,statements_menu,tax_documents_menu,trade_confirmations_menu,mf_orders_upload",
NBIN,Performancetest,fum10126,performancetestfum10126@gmail.com,EN,firm_client_accounts,Performancetest.fum10126,nbcsuper,ProxyH,perftesting126.qa,,ManageAll_V1.17,TRUE,AAAA-9999,"compass_r2,firm_client_accounts,orders_module,orders_upload,soma_servicing,paper_upload_menu,gic_management_menu,statements_menu,tax_documents_menu,trade_confirmations_menu,mf_orders_upload",
NBIN,Performancetest,fum10127,performancetestfum10127@gmail.com,EN,firm_client_accounts,Performancetest.fum10127,nbcsuper,ProxyH,perftesting127.qa,,ManageAll_V1.17,TRUE,AAAA-9999,"compass_r2,firm_client_accounts,orders_module,orders_upload,soma_servicing,paper_upload_menu,gic_management_menu,statements_menu,tax_documents_menu,trade_confirmations_menu,mf_orders_upload",
NBIN,Performancetest,fum10128,performancetestfum10128@gmail.com,EN,firm_client_accounts,Performancetest.fum10128,nbcsuper,ProxyH,test.perf128,,ManageAll_V1.17,TRUE,AAAA-9999,"compass_r2,firm_client_accounts,orders_module,orders_upload,soma_servicing,paper_upload_menu,gic_management_menu,statements_menu,tax_documents_menu,trade_confirmations_menu,mf_orders_upload",
NBIN,Performancetest,fum10129,performancetestfum10129@gmail.com,EN,firm_client_accounts,Performancetest.fum10129,nbcsuper,ProxyH,perftesting128.qa,,ManageAll_V1.17,TRUE,AAAA-9999,"compass_r2,firm_client_accounts,orders_module,orders_upload,soma_servicing,paper_upload_menu,gic_management_menu,statements_menu,tax_documents_menu,trade_confirmations_menu,mf_orders_upload",
NBIN,Performancetest,fum10130,performancetestfum10130@gmail.com,EN,firm_client_accounts,Performancetest.fum10130,nbcsuper,ProxyH,perftesting129.qa,,ManageAll_V1.17,TRUE,AAAA-9999,"compass_r2,firm_client_accounts,orders_module,orders_upload,soma_servicing,paper_upload_menu,gic_management_menu,statements_menu,tax_documents_menu,trade_confirmations_menu,mf_orders_upload",
NBIN,Performancetest,fum10131,performancetestfum10131@gmail.com,EN,firm_client_accounts,Performancetest.fum10131,nbcsuper,ProxyH,perftesting130.qa,,ManageAll_V1.17,TRUE,AAAA-9999,"compass_r2,firm_client_accounts,orders_module,orders_upload,soma_servicing,paper_upload_menu,gic_management_menu,statements_menu,tax_documents_menu,trade_confirmations_menu,mf_orders_upload",
NBIN,Performancetest,fum10132,performancetestfum10132@gmail.com,EN,firm_client_accounts,Performancetest.fum10132,nbcsuper,ProxyH,perftesting131.qa,,ManageAll_V1.17,TRUE,AAAA-9999,"compass_r2,firm_client_accounts,orders_module,orders_upload,soma_servicing,paper_upload_menu,gic_management_menu,statements_menu,tax_documents_menu,trade_confirmations_menu,mf_orders_upload",
NBIN,Performancetest,fum10133,performancetestfum10133@gmail.com,EN,firm_client_accounts,Performancetest.fum10133,nbcsuper,ProxyH,perftesting132.qa,,ManageAll_V1.17,TRUE,AAAA-9999,"compass_r2,firm_client_accounts,orders_module,orders_upload,soma_servicing,paper_upload_menu,gic_management_menu,statements_menu,tax_documents_menu,trade_confirmations_menu,mf_orders_upload",
NBIN,Performancetest,fum10134,performancetestfum10134@gmail.com,EN,firm_client_accounts,Performancetest.fum10134,nbcsuper,ProxyH,perftesting133.qa,,ManageAll_V1.17,TRUE,AAAA-9999,"compass_r2,firm_client_accounts,orders_module,orders_upload,soma_servicing,paper_upload_menu,gic_management_menu,statements_menu,tax_documents_menu,trade_confirmations_menu,mf_orders_upload",
NBIN,Performancetest,fum10135,performancetestfum10135@gmail.com,EN,firm_client_accounts,Performancetest.fum10135,nbcsuper,ProxyH,perftesting134.qa,,ManageAll_V1.17,TRUE,AAAA-9999,"compass_r2,firm_client_accounts,orders_module,orders_upload,soma_servicing,paper_upload_menu,gic_management_menu,statements_menu,tax_documents_menu,trade_confirmations_menu,mf_orders_upload",
NBIN,Performancetest,fum10136,performancetestfum10136@gmail.com,EN,firm_client_accounts,Performancetest.fum10136,nbcsuper,ProxyH,perftesting135.qa,,ManageAll_V1.17,TRUE,AAAA-9999,"compass_r2,firm_client_accounts,orders_module,orders_upload,soma_servicing,paper_upload_menu,gic_management_menu,statements_menu,tax_documents_menu,trade_confirmations_menu,mf_orders_upload",
NBIN,Performancetest,fum10137,performancetestfum10137@gmail.com,EN,firm_client_accounts,Performancetest.fum10137,nbcsuper,ProxyH,perftesting136.qa,,ManageAll_V1.17,TRUE,AAAA-9999,"compass_r2,firm_client_accounts,orders_module,orders_upload,soma_servicing,paper_upload_menu,gic_management_menu,statements_menu,tax_documents_menu,trade_confirmations_menu,mf_orders_upload",
NBIN,Performancetest,fum10138,performancetestfum10138@gmail.com,EN,firm_client_accounts,Performancetest.fum10138,nbcsuper,ProxyH,perftesting137.qa,,ManageAll_V1.17,TRUE,AAAA-9999,"compass_r2,firm_client_accounts,orders_module,orders_upload,soma_servicing,paper_upload_menu,gic_management_menu,statements_menu,tax_documents_menu,trade_confirmations_menu,mf_orders_upload",
NBIN,Performancetest,fum10139,performancetestfum10139@gmail.com,EN,firm_client_accounts,Performancetest.fum10139,nbcsuper,ProxyH,perftesting138.qa,,ManageAll_V1.17,TRUE,AAAA-9999,"compass_r2,firm_client_accounts,orders_module,orders_upload,soma_servicing,paper_upload_menu,gic_management_menu,statements_menu,tax_documents_menu,trade_confirmations_menu,mf_orders_upload",
NBIN,Performancetest,fum10140,performancetestfum10140@gmail.com,EN,firm_client_accounts,Performancetest.fum10140,nbcsuper,ProxyH,perftesting139.qa,,ManageAll_V1.17,TRUE,AAAA-9999,"compass_r2,firm_client_accounts,orders_module,orders_upload,soma_servicing,paper_upload_menu,gic_management_menu,statements_menu,tax_documents_menu,trade_confirmations_menu,mf_orders_upload",
NBIN,Performancetest,fum10141,performancetestfum10141@gmail.com,EN,firm_client_accounts,Performancetest.fum10141,nbcsuper,ProxyH,perftesting140.qa,,ManageAll_V1.17,TRUE,AAAA-9999,"compass_r2,firm_client_accounts,orders_module,orders_upload,soma_servicing,paper_upload_menu,gic_management_menu,statements_menu,tax_documents_menu,trade_confirmations_menu,mf_orders_upload",
NBIN,Performancetest,fum10142,performancetestfum10142@gmail.com,EN,firm_client_accounts,Performancetest.fum10142,nbcsuper,ProxyH,perftesting141.qa,,ManageAll_V1.17,TRUE,AAAA-9999,"compass_r2,firm_client_accounts,orders_module,orders_upload,soma_servicing,paper_upload_menu,gic_management_menu,statements_menu,tax_documents_menu,trade_confirmations_menu,mf_orders_upload",
NBIN,Performancetest,fum10143,performancetestfum10143@gmail.com,EN,firm_client_accounts,Performancetest.fum10143,nbcsuper,ProxyH,perftesting142.qa,,ManageAll_V1.17,TRUE,AAAA-9999,"compass_r2,firm_client_accounts,orders_module,orders_upload,soma_servicing,paper_upload_menu,gic_management_menu,statements_menu,tax_documents_menu,trade_confirmations_menu,mf_orders_upload",
NBIN,Performancetest,fum10144,performancetestfum10144@gmail.com,EN,firm_client_accounts,Performancetest.fum10144,nbcsuper,ProxyH,perftesting143.qa,,ManageAll_V1.17,TRUE,AAAA-9999,"compass_r2,firm_client_accounts,orders_module,orders_upload,soma_servicing,paper_upload_menu,gic_management_menu,statements_menu,tax_documents_menu,trade_confirmations_menu,mf_orders_upload",
NBIN,Performancetest,fum10145,performancetestfum10145@gmail.com,EN,firm_client_accounts,Performancetest.fum10145,nbcsuper,ProxyH,perftesting144.qa,,ManageAll_V1.17,TRUE,AAAA-9999,"compass_r2,firm_client_accounts,orders_module,orders_upload,soma_servicing,paper_upload_menu,gic_management_menu,statements_menu,tax_documents_menu,trade_confirmations_menu,mf_orders_upload",
NBIN,Performancetest,fum10146,performancetestfum10146@gmail.com,EN,firm_client_accounts,Performancetest.fum10146,nbcsuper,ProxyH,perftesting145.qa,,ManageAll_V1.17,TRUE,AAAA-9999,"compass_r2,firm_client_accounts,orders_module,orders_upload,soma_servicing,paper_upload_menu,gic_management_menu,statements_menu,tax_documents_menu,trade_confirmations_menu,mf_orders_upload",
NBIN,Performancetest,fum10147,performancetestfum10147@gmail.com,EN,firm_client_accounts,Performancetest.fum10147,nbcsuper,ProxyH,perftesting146.qa,,ManageAll_V1.17,TRUE,AAAA-9999,"compass_r2,firm_client_accounts,orders_module,orders_upload,soma_servicing,paper_upload_menu,gic_management_menu,statements_menu,tax_documents_menu,trade_confirmations_menu,mf_orders_upload",
NBIN,Performancetest,fum10148,performancetestfum10148@gmail.com,EN,firm_client_accounts,Performancetest.fum10148,nbcsuper,ProxyH,perftesting147.qa,,ManageAll_V1.17,TRUE,AAAA-9999,"compass_r2,firm_client_accounts,orders_module,orders_upload,soma_servicing,paper_upload_menu,gic_management_menu,statements_menu,tax_documents_menu,trade_confirmations_menu,mf_orders_upload",
NBIN,Performancetest,fum10149,performancetestfum10149@gmail.com,EN,firm_client_accounts,Performancetest.fum10149,nbcsuper,ProxyH,perftesting148.qa,,ManageAll_V1.17,TRUE,AAAA-9999,"compass_r2,firm_client_accounts,orders_module,orders_upload,soma_servicing,paper_upload_menu,gic_management_menu,statements_menu,tax_documents_menu,trade_confirmations_menu,mf_orders_upload",
NBIN,Performancetest,fum10150,performancetestfum10150@gmail.com,EN,firm_client_accounts,Performancetest.fum10150,nbcsuper,ProxyH,perftesting149.qa,,ManageAll_V1.17,TRUE,AAAA-9999,"compass_r2,firm_client_accounts,orders_module,orders_upload,soma_servicing,paper_upload_menu,gic_management_menu,statements_menu,tax_documents_menu,trade_confirmations_menu,mf_orders_upload",
NBIN,Performancetest,fum10151,performancetestfum10151@gmail.com,EN,firm_client_accounts,Performancetest.fum10151,nbcsuper,ProxyH,perftesting150.qa,,ManageAll_V1.17,TRUE,AAAA-9999,"compass_r2,firm_client_accounts,orders_module,orders_upload,soma_servicing,paper_upload_menu,gic_management_menu,statements_menu,tax_documents_menu,trade_confirmations_menu,mf_orders_upload",
NBIN,Performancetest,fum10152,performancetestfum10152@gmail.com,EN,firm_client_accounts,Performancetest.fum10152,nbcsuper,ProxyH,perftesting151.qa,,ManageAll_V1.17,TRUE,AAAA-9999,"compass_r2,firm_client_accounts,orders_module,orders_upload,soma_servicing,paper_upload_menu,gic_management_menu,statements_menu,tax_documents_menu,trade_confirmations_menu,mf_orders_upload",
NBIN,Performancetest,fum10153,performancetestfum10153@gmail.com,EN,firm_client_accounts,Performancetest.fum10153,nbcsuper,ProxyH,perftesting152.qa,,ManageAll_V1.17,TRUE,AAAA-9999,"compass_r2,firm_client_accounts,orders_module,orders_upload,soma_servicing,paper_upload_menu,gic_management_menu,statements_menu,tax_documents_menu,trade_confirmations_menu,mf_orders_upload",
NBIN,Performancetest,fum10154,performancetestfum10154@gmail.com,EN,firm_client_accounts,Performancetest.fum10154,nbcsuper,ProxyH,perftesting153.qa,,ManageAll_V1.17,TRUE,AAAA-9999,"compass_r2,firm_client_accounts,orders_module,orders_upload,soma_servicing,paper_upload_menu,gic_management_menu,statements_menu,tax_documents_menu,trade_confirmations_menu,mf_orders_upload",
NBIN,Performancetest,fum10155,performancetestfum10155@gmail.com,EN,firm_client_accounts,Performancetest.fum10155,nbcsuper,ProxyH,perftesting154.qa,,ManageAll_V1.17,TRUE,AAAA-9999,"compass_r2,firm_client_accounts,orders_module,orders_upload,soma_servicing,paper_upload_menu,gic_management_menu,statements_menu,tax_documents_menu,trade_confirmations_menu,mf_orders_upload",
NBIN,Performancetest,fum10156,performancetestfum10156@gmail.com,EN,firm_client_accounts,Performancetest.fum10156,nbcsuper,ProxyH,perftesting155.qa,,ManageAll_V1.17,TRUE,AAAA-9999,"compass_r2,firm_client_accounts,orders_module,orders_upload,soma_servicing,paper_upload_menu,gic_management_menu,statements_menu,tax_documents_menu,trade_confirmations_menu,mf_orders_upload",
NBIN,Performancetest,fum10157,performancetestfum10157@gmail.com,EN,firm_client_accounts,Performancetest.fum10157,nbcsuper,ProxyH,perftesting157.qa,,ManageAll_V1.17,TRUE,AAAA-9999,"compass_r2,firm_client_accounts,orders_module,orders_upload,soma_servicing,paper_upload_menu,gic_management_menu,statements_menu,tax_documents_menu,trade_confirmations_menu,mf_orders_upload",
NBIN,Performancetest,fum10158,performancetestfum10158@gmail.com,EN,firm_client_accounts,Performancetest.fum10158,nbcsuper,ProxyH,perftesting158.qa,,ManageAll_V1.17,TRUE,AAAA-9999,"compass_r2,firm_client_accounts,orders_module,orders_upload,soma_servicing,paper_upload_menu,gic_management_menu,statements_menu,tax_documents_menu,trade_confirmations_menu,mf_orders_upload",
NBIN,Performancetest,fum10159,performancetestfum10159@gmail.com,EN,firm_client_accounts,Performancetest.fum10159,nbcsuper,ProxyH,perftesting159.qa,,ManageAll_V1.17,TRUE,AAAA-9999,"compass_r2,firm_client_accounts,orders_module,orders_upload,soma_servicing,paper_upload_menu,gic_management_menu,statements_menu,tax_documents_menu,trade_confirmations_menu,mf_orders_upload",
NBIN,Performancetest,fum10160,performancetestfum10160@gmail.com,EN,firm_client_accounts,Performancetest.fum10160,nbcsuper,ProxyH,perftesting160.qa,,ManageAll_V1.17,TRUE,AAAA-9999,"compass_r2,firm_client_accounts,orders_module,orders_upload,soma_servicing,paper_upload_menu,gic_management_menu,statements_menu,tax_documents_menu,trade_confirmations_menu,mf_orders_upload",
NBIN,Performancetest,fum10161,performancetestfum10161@gmail.com,EN,firm_client_accounts,Performancetest.fum10161,nbcsuper,ProxyH,perftesting161.qa,,ManageAll_V1.17,TRUE,AAAA-9999,"compass_r2,firm_client_accounts,orders_module,orders_upload,soma_servicing,paper_upload_menu,gic_management_menu,statements_menu,tax_documents_menu,trade_confirmations_menu,mf_orders_upload",
NBIN,Performancetest,fum10162,performancetestfum10162@gmail.com,EN,firm_client_accounts,Performancetest.fum10162,nbcsuper,ProxyH,perftesting162.qa,,ManageAll_V1.17,TRUE,AAAA-9999,"compass_r2,firm_client_accounts,orders_module,orders_upload,soma_servicing,paper_upload_menu,gic_management_menu,statements_menu,tax_documents_menu,trade_confirmations_menu,mf_orders_upload",
NBIN,Performancetest,fum10163,performancetestfum10163@gmail.com,EN,firm_client_accounts,Performancetest.fum10163,nbcsuper,ProxyH,perftesting163.qa,,ManageAll_V1.17,TRUE,AAAA-9999,"compass_r2,firm_client_accounts,orders_module,orders_upload,soma_servicing,paper_upload_menu,gic_management_menu,statements_menu,tax_documents_menu,trade_confirmations_menu,mf_orders_upload",
NBIN,Performancetest,fum10164,performancetestfum10164@gmail.com,EN,firm_client_accounts,Performancetest.fum10164,nbcsuper,ProxyH,perftesting164.qa,,ManageAll_V1.17,TRUE,AAAA-9999,"compass_r2,firm_client_accounts,orders_module,orders_upload,soma_servicing,paper_upload_menu,gic_management_menu,statements_menu,tax_documents_menu,trade_confirmations_menu,mf_orders_upload",
NBIN,Performancetest,fum10165,performancetestfum10165@gmail.com,EN,firm_client_accounts,Performancetest.fum10165,nbcsuper,ProxyH,perftesting165.qa,,ManageAll_V1.17,TRUE,AAAA-9999,"compass_r2,firm_client_accounts,orders_module,orders_upload,soma_servicing,paper_upload_menu,gic_management_menu,statements_menu,tax_documents_menu,trade_confirmations_menu,mf_orders_upload",
NBIN,Performancetest,fum10166,performancetestfum10166@gmail.com,EN,firm_client_accounts,Performancetest.fum10166,nbcsuper,ProxyH,perftesting166.qa,,ManageAll_V1.17,TRUE,AAAA-9999,"compass_r2,firm_client_accounts,orders_module,orders_upload,soma_servicing,paper_upload_menu,gic_management_menu,statements_menu,tax_documents_menu,trade_confirmations_menu,mf_orders_upload",
NBIN,Performancetest,fum10167,performancetestfum10167@gmail.com,EN,firm_client_accounts,Performancetest.fum10167,nbcsuper,ProxyH,perftesting167.qa,,ManageAll_V1.17,TRUE,AAAA-9999,"compass_r2,firm_client_accounts,orders_module,orders_upload,soma_servicing,paper_upload_menu,gic_management_menu,statements_menu,tax_documents_menu,trade_confirmations_menu,mf_orders_upload",
NBIN,Performancetest,fum10168,performancetestfum10168@gmail.com,EN,firm_client_accounts,Performancetest.fum10168,nbcsuper,ProxyH,perftesting168.qa,,ManageAll_V1.17,TRUE,AAAA-9999,"compass_r2,firm_client_accounts,orders_module,orders_upload,soma_servicing,paper_upload_menu,gic_management_menu,statements_menu,tax_documents_menu,trade_confirmations_menu,mf_orders_upload",
NBIN,Performancetest,fum10169,performancetestfum10169@gmail.com,EN,firm_client_accounts,Performancetest.fum10169,nbcsuper,ProxyH,perftesting169.qa,,ManageAll_V1.17,TRUE,AAAA-9999,"compass_r2,firm_client_accounts,orders_module,orders_upload,soma_servicing,paper_upload_menu,gic_management_menu,statements_menu,tax_documents_menu,trade_confirmations_menu,mf_orders_upload",
NBIN,Performancetest,fum10170,performancetestfum10170@gmail.com,EN,firm_client_accounts,Performancetest.fum10170,nbcsuper,ProxyH,perftesting170.qa,,ManageAll_V1.17,TRUE,AAAA-9999,"compass_r2,firm_client_accounts,orders_module,orders_upload,soma_servicing,paper_upload_menu,gic_management_menu,statements_menu,tax_documents_menu,trade_confirmations_menu,mf_orders_upload",
NBIN,Performancetest,fum10171,performancetestfum10171@gmail.com,EN,firm_client_accounts,Performancetest.fum10171,nbcsuper,ProxyH,perftesting171.qa,,ManageAll_V1.17,TRUE,AAAA-9999,"compass_r2,firm_client_accounts,orders_module,orders_upload,soma_servicing,paper_upload_menu,gic_management_menu,statements_menu,tax_documents_menu,trade_confirmations_menu,mf_orders_upload",
NBIN,Performancetest,fum10172,performancetestfum10172@gmail.com,EN,firm_client_accounts,Performancetest.fum10172,nbcsuper,ProxyH,perftesting172.qa,,ManageAll_V1.17,TRUE,AAAA-9999,"compass_r2,firm_client_accounts,orders_module,orders_upload,soma_servicing,paper_upload_menu,gic_management_menu,statements_menu,tax_documents_menu,trade_confirmations_menu,mf_orders_upload",
NBIN,Performancetest,fum10173,performancetestfum10173@gmail.com,EN,firm_client_accounts,Performancetest.fum10173,nbcsuper,ProxyH,perftesting173.qa,,ManageAll_V1.17,TRUE,AAAA-9999,"compass_r2,firm_client_accounts,orders_module,orders_upload,soma_servicing,paper_upload_menu,gic_management_menu,statements_menu,tax_documents_menu,trade_confirmations_menu,mf_orders_upload",
NBIN,Performancetest,fum10174,performancetestfum10174@gmail.com,EN,firm_client_accounts,Performancetest.fum10174,nbcsuper,ProxyH,perftesting174.qa,,ManageAll_V1.17,TRUE,AAAA-9999,"compass_r2,firm_client_accounts,orders_module,orders_upload,soma_servicing,paper_upload_menu,gic_management_menu,statements_menu,tax_documents_menu,trade_confirmations_menu,mf_orders_upload",
NBIN,Performancetest,fum10175,performancetestfum10175@gmail.com,EN,firm_client_accounts,Performancetest.fum10175,nbcsuper,ProxyH,perftesting175.qa,,ManageAll_V1.17,TRUE,AAAA-9999,"compass_r2,firm_client_accounts,orders_module,orders_upload,soma_servicing,paper_upload_menu,gic_management_menu,statements_menu,tax_documents_menu,trade_confirmations_menu,mf_orders_upload",
NBIN,Performancetest,fum10176,performancetestfum10176@gmail.com,EN,firm_client_accounts,Performancetest.fum10176,nbcsuper,ProxyH,perftesting176.qa,,ManageAll_V1.17,TRUE,AAAA-9999,"compass_r2,firm_client_accounts,orders_module,orders_upload,soma_servicing,paper_upload_menu,gic_management_menu,statements_menu,tax_documents_menu,trade_confirmations_menu,mf_orders_upload",
NBIN,Performancetest,fum10177,performancetestfum10177@gmail.com,EN,firm_client_accounts,Performancetest.fum10177,nbcsuper,ProxyH,perftesting178.qa,,ManageAll_V1.17,TRUE,AAAA-9999,"compass_r2,firm_client_accounts,orders_module,orders_upload,soma_servicing,paper_upload_menu,gic_management_menu,statements_menu,tax_documents_menu,trade_confirmations_menu,mf_orders_upload",
NBIN,Performancetest,fum10178,performancetestfum10178@gmail.com,EN,firm_client_accounts,Performancetest.fum10178,nbcsuper,ProxyH,perftesting179.qa,,ManageAll_V1.17,TRUE,AAAA-9999,"compass_r2,firm_client_accounts,orders_module,orders_upload,soma_servicing,paper_upload_menu,gic_management_menu,statements_menu,tax_documents_menu,trade_confirmations_menu,mf_orders_upload",
NBIN,Performancetest,fum10179,performancetestfum10179@gmail.com,EN,firm_client_accounts,Performancetest.fum10179,nbcsuper,ProxyH,perftesting180.qa,,ManageAll_V1.17,TRUE,AAAA-9999,"compass_r2,firm_client_accounts,orders_module,orders_upload,soma_servicing,paper_upload_menu,gic_management_menu,statements_menu,tax_documents_menu,trade_confirmations_menu,mf_orders_upload",
NBIN,Performancetest,fum10180,performancetestfum10180@gmail.com,EN,firm_client_accounts,Performancetest.fum10180,nbcsuper,ProxyH,perftesting181.qa,,ManageAll_V1.17,TRUE,AAAA-9999,"compass_r2,firm_client_accounts,orders_module,orders_upload,soma_servicing,paper_upload_menu,gic_management_menu,statements_menu,tax_documents_menu,trade_confirmations_menu,mf_orders_upload",
NBIN,Performancetest,fum10181,performancetestfum10181@gmail.com,EN,firm_client_accounts,Performancetest.fum10181,nbcsuper,ProxyH,perftesting182.qa,,ManageAll_V1.17,TRUE,AAAA-9999,"compass_r2,firm_client_accounts,orders_module,orders_upload,soma_servicing,paper_upload_menu,gic_management_menu,statements_menu,tax_documents_menu,trade_confirmations_menu,mf_orders_upload",
NBIN,Performancetest,fum10182,performancetestfum10182@gmail.com,EN,firm_client_accounts,Performancetest.fum10182,nbcsuper,ProxyH,perftesting183.qa,,ManageAll_V1.17,TRUE,AAAA-9999,"compass_r2,firm_client_accounts,orders_module,orders_upload,soma_servicing,paper_upload_menu,gic_management_menu,statements_menu,tax_documents_menu,trade_confirmations_menu,mf_orders_upload",
NBIN,Performancetest,fum10183,performancetestfum10183@gmail.com,EN,firm_client_accounts,Performancetest.fum10183,nbcsuper,ProxyH,perftesting184.qa,,ManageAll_V1.17,TRUE,AAAA-9999,"compass_r2,firm_client_accounts,orders_module,orders_upload,soma_servicing,paper_upload_menu,gic_management_menu,statements_menu,tax_documents_menu,trade_confirmations_menu,mf_orders_upload",
NBIN,Performancetest,fum10184,performancetestfum10184@gmail.com,EN,firm_client_accounts,Performancetest.fum10184,nbcsuper,ProxyH,perftesting185.qa,,ManageAll_V1.17,TRUE,AAAA-9999,"compass_r2,firm_client_accounts,orders_module,orders_upload,soma_servicing,paper_upload_menu,gic_management_menu,statements_menu,tax_documents_menu,trade_confirmations_menu,mf_orders_upload",
NBIN,Performancetest,fum10185,performancetestfum10185@gmail.com,EN,firm_client_accounts,Performancetest.fum10185,nbcsuper,ProxyH,perftesting186.qa,,ManageAll_V1.17,TRUE,AAAA-9999,"compass_r2,firm_client_accounts,orders_module,orders_upload,soma_servicing,paper_upload_menu,gic_management_menu,statements_menu,tax_documents_menu,trade_confirmations_menu,mf_orders_upload",
NBIN,Performancetest,fum10186,performancetestfum10186@gmail.com,EN,firm_client_accounts,Performancetest.fum10186,nbcsuper,ProxyH,perftesting187.qa,,ManageAll_V1.17,TRUE,AAAA-9999,"compass_r2,firm_client_accounts,orders_module,orders_upload,soma_servicing,paper_upload_menu,gic_management_menu,statements_menu,tax_documents_menu,trade_confirmations_menu,mf_orders_upload",
NBIN,Performancetest,fum10187,performancetestfum10187@gmail.com,EN,firm_client_accounts,Performancetest.fum10187,nbcsuper,ProxyH,perftesting188.qa,,ManageAll_V1.17,TRUE,AAAA-9999,"compass_r2,firm_client_accounts,orders_module,orders_upload,soma_servicing,paper_upload_menu,gic_management_menu,statements_menu,tax_documents_menu,trade_confirmations_menu,mf_orders_upload",
NBIN,Performancetest,fum10188,performancetestfum10188@gmail.com,EN,firm_client_accounts,Performancetest.fum10188,nbcsuper,ProxyH,perftesting189.qa,,ManageAll_V1.17,TRUE,AAAA-9999,"compass_r2,firm_client_accounts,orders_module,orders_upload,soma_servicing,paper_upload_menu,gic_management_menu,statements_menu,tax_documents_menu,trade_confirmations_menu,mf_orders_upload",
NBIN,Performancetest,fum10189,performancetestfum10189@gmail.com,EN,firm_client_accounts,Performancetest.fum10189,nbcsuper,ProxyH,perftesting190.qa,,ManageAll_V1.17,TRUE,AAAA-9999,"compass_r2,firm_client_accounts,orders_module,orders_upload,soma_servicing,paper_upload_menu,gic_management_menu,statements_menu,tax_documents_menu,trade_confirmations_menu,mf_orders_upload",
NBIN,Performancetest,fum10190,performancetestfum10190@gmail.com,EN,firm_client_accounts,Performancetest.fum10190,nbcsuper,ProxyH,perftesting191.qa,,ManageAll_V1.17,TRUE,AAAA-9999,"compass_r2,firm_client_accounts,orders_module,orders_upload,soma_servicing,paper_upload_menu,gic_management_menu,statements_menu,tax_documents_menu,trade_confirmations_menu,mf_orders_upload",
NBIN,Performancetest,fum10191,performancetestfum10191@gmail.com,EN,firm_client_accounts,Performancetest.fum10191,nbcsuper,ProxyH,,,ManageAll_V1.17,TRUE,AAAA-9999,"compass_r2,firm_client_accounts,orders_module,orders_upload,soma_servicing,paper_upload_menu,gic_management_menu,statements_menu,tax_documents_menu,trade_confirmations_menu,mf_orders_upload",
NBIN,Performancetest,fum10192,performancetestfum10192@gmail.com,EN,firm_client_accounts,Performancetest.fum10192,nbcsuper,ProxyH,perftesting192.qa,,ManageAll_V1.17,TRUE,AAAA-9999,"compass_r2,firm_client_accounts,orders_module,orders_upload,soma_servicing,paper_upload_menu,gic_management_menu,statements_menu,tax_documents_menu,trade_confirmations_menu,mf_orders_upload",
NBIN,Performancetest,fum10193,performancetestfum10193@gmail.com,EN,firm_client_accounts,Performancetest.fum10193,nbcsuper,ProxyH,perftesting193.qa,,ManageAll_V1.17,TRUE,AAAA-9999,"compass_r2,firm_client_accounts,orders_module,orders_upload,soma_servicing,paper_upload_menu,gic_management_menu,statements_menu,tax_documents_menu,trade_confirmations_menu,mf_orders_upload",
NBIN,Performancetest,fum10194,performancetestfum10194@gmail.com,EN,firm_client_accounts,Performancetest.fum10194,nbcsuper,ProxyH,perftesting194.qa,,ManageAll_V1.17,TRUE,AAAA-9999,"compass_r2,firm_client_accounts,orders_module,orders_upload,soma_servicing,paper_upload_menu,gic_management_menu,statements_menu,tax_documents_menu,trade_confirmations_menu,mf_orders_upload",
NBIN,Performancetest,fum10195,performancetestfum10195@gmail.com,EN,firm_client_accounts,Performancetest.fum10195,nbcsuper,ProxyH,perftesting195.qa,,ManageAll_V1.17,TRUE,AAAA-9999,"compass_r2,firm_client_accounts,orders_module,orders_upload,soma_servicing,paper_upload_menu,gic_management_menu,statements_menu,tax_documents_menu,trade_confirmations_menu,mf_orders_upload",
NBIN,Performancetest,fum10196,performancetestfum10196@gmail.com,EN,firm_client_accounts,Performancetest.fum10196,nbcsuper,ProxyH,perftesting196.qa,,ManageAll_V1.17,TRUE,AAAA-9999,"compass_r2,firm_client_accounts,orders_module,orders_upload,soma_servicing,paper_upload_menu,gic_management_menu,statements_menu,tax_documents_menu,trade_confirmations_menu,mf_orders_upload",
NBIN,Performancetest,fum10197,performancetestfum10197@gmail.com,EN,firm_client_accounts,Performancetest.fum10197,nbcsuper,ProxyH,perftesting197.qa,,ManageAll_V1.17,TRUE,AAAA-9999,"compass_r2,firm_client_accounts,orders_module,orders_upload,soma_servicing,paper_upload_menu,gic_management_menu,statements_menu,tax_documents_menu,trade_confirmations_menu,mf_orders_upload",
NBIN,Performancetest,fum10198,performancetestfum10198@gmail.com,EN,firm_client_accounts,Performancetest.fum10198,nbcsuper,ProxyH,perftesting198.qa,,ManageAll_V1.17,TRUE,AAAA-9999,"compass_r2,firm_client_accounts,orders_module,orders_upload,soma_servicing,paper_upload_menu,gic_management_menu,statements_menu,tax_documents_menu,trade_confirmations_menu,mf_orders_upload",
NBIN,Performancetest,fum10199,performancetestfum10199@gmail.com,EN,firm_client_accounts,Performancetest.fum10199,nbcsuper,ProxyH,perftesting199.qa,,ManageAll_V1.17,TRUE,AAAA-9999,"compass_r2,firm_client_accounts,orders_module,orders_upload,soma_servicing,paper_upload_menu,gic_management_menu,statements_menu,tax_documents_menu,trade_confirmations_menu,mf_orders_upload",
NBIN,Performancetest,fum10200,performancetestfum10200@gmail.com,EN,firm_client_accounts,Performancetest.fum10200,nbcsuper,ProxyH,perftesting200.qa,,ManageAll_V1.17,TRUE,AAAA-9999,"compass_r2,firm_client_accounts,orders_module,orders_upload,soma_servicing,paper_upload_menu,gic_management_menu,statements_menu,tax_documents_menu,trade_confirmations_menu,mf_orders_upload",
NBIN,Performancetest,fum10201,performancetestfum10201@gmail.com,EN,firm_client_accounts,Performancetest.fum10201,nbcsuper,ProxyH,perftesting201.qa,,ManageAll_V1.17,TRUE,AAAA-9999,"compass_r2,firm_client_accounts,orders_module,orders_upload,soma_servicing,paper_upload_menu,gic_management_menu,statements_menu,tax_documents_menu,trade_confirmations_menu,mf_orders_upload",
NBIN,Performancetest,fum10202,performancetestfum10202@gmail.com,EN,firm_client_accounts,Performancetest.fum10202,nbcsuper,ProxyH,perftesting202.qa,,ManageAll_V1.17,TRUE,AAAA-9999,"compass_r2,firm_client_accounts,orders_module,orders_upload,soma_servicing,paper_upload_menu,gic_management_menu,statements_menu,tax_documents_menu,trade_confirmations_menu,mf_orders_upload",
NBIN,Performancetest,fum10203,performancetestfum10203@gmail.com,EN,firm_client_accounts,Performancetest.fum10203,nbcsuper,ProxyH,perftesting204.qa,,ManageAll_V1.17,TRUE,AAAA-9999,"compass_r2,firm_client_accounts,orders_module,orders_upload,soma_servicing,paper_upload_menu,gic_management_menu,statements_menu,tax_documents_menu,trade_confirmations_menu,mf_orders_upload",
NBIN,Performancetest,fum10204,performancetestfum10204@gmail.com,EN,firm_client_accounts,Performancetest.fum10204,nbcsuper,ProxyH,perftesting205.qa,,ManageAll_V1.17,TRUE,AAAA-9999,"compass_r2,firm_client_accounts,orders_module,orders_upload,soma_servicing,paper_upload_menu,gic_management_menu,statements_menu,tax_documents_menu,trade_confirmations_menu,mf_orders_upload",
NBIN,Performancetest,fum10205,performancetestfum10205@gmail.com,EN,firm_client_accounts,Performancetest.fum10205,nbcsuper,ProxyH,perftesting206.qa,,ManageAll_V1.17,TRUE,AAAA-9999,"compass_r2,firm_client_accounts,orders_module,orders_upload,soma_servicing,paper_upload_menu,gic_management_menu,statements_menu,tax_documents_menu,trade_confirmations_menu,mf_orders_upload",
NBIN,Performancetest,fum10206,performancetestfum10206@gmail.com,EN,firm_client_accounts,Performancetest.fum10206,nbcsuper,ProxyH,perftesting207.qa,,ManageAll_V1.17,TRUE,AAAA-9999,"compass_r2,firm_client_accounts,orders_module,orders_upload,soma_servicing,paper_upload_menu,gic_management_menu,statements_menu,tax_documents_menu,trade_confirmations_menu,mf_orders_upload",
NBIN,Performancetest,fum10207,performancetestfum10207@gmail.com,EN,firm_client_accounts,Performancetest.fum10207,nbcsuper,ProxyH,perftesting208.qa,,ManageAll_V1.17,TRUE,AAAA-9999,"compass_r2,firm_client_accounts,orders_module,orders_upload,soma_servicing,paper_upload_menu,gic_management_menu,statements_menu,tax_documents_menu,trade_confirmations_menu,mf_orders_upload",
NBIN,Performancetest,fum10208,performancetestfum10208@gmail.com,EN,firm_client_accounts,Performancetest.fum10208,nbcsuper,ProxyH,perftesting209.qa,,ManageAll_V1.17,TRUE,AAAA-9999,"compass_r2,firm_client_accounts,orders_module,orders_upload,soma_servicing,paper_upload_menu,gic_management_menu,statements_menu,tax_documents_menu,trade_confirmations_menu,mf_orders_upload",
NBIN,Performancetest,fum10209,performancetestfum10209@gmail.com,EN,firm_client_accounts,Performancetest.fum10209,nbcsuper,ProxyH,perftesting210.qa,,ManageAll_V1.17,TRUE,AAAA-9999,"compass_r2,firm_client_accounts,orders_module,orders_upload,soma_servicing,paper_upload_menu,gic_management_menu,statements_menu,tax_documents_menu,trade_confirmations_menu,mf_orders_upload",
NBIN,Performancetest,fum10210,performancetestfum10210@gmail.com,EN,firm_client_accounts,Performancetest.fum10210,nbcsuper,ProxyH,perftesting211.qa,,ManageAll_V1.17,TRUE,AAAA-9999,"compass_r2,firm_client_accounts,orders_module,orders_upload,soma_servicing,paper_upload_menu,gic_management_menu,statements_menu,tax_documents_menu,trade_confirmations_menu,mf_orders_upload",
NBIN,Performancetest,fum10211,performancetestfum10211@gmail.com,EN,firm_client_accounts,Performancetest.fum10211,nbcsuper,ProxyH,perftesting212.qa,,ManageAll_V1.17,TRUE,AAAA-9999,"compass_r2,firm_client_accounts,orders_module,orders_upload,soma_servicing,paper_upload_menu,gic_management_menu,statements_menu,tax_documents_menu,trade_confirmations_menu,mf_orders_upload",
NBIN,Performancetest,fum10212,performancetestfum10212@gmail.com,EN,firm_client_accounts,Performancetest.fum10212,nbcsuper,ProxyH,perftesting213.qa,,ManageAll_V1.17,TRUE,AAAA-9999,"compass_r2,firm_client_accounts,orders_module,orders_upload,soma_servicing,paper_upload_menu,gic_management_menu,statements_menu,tax_documents_menu,trade_confirmations_menu,mf_orders_upload",
NBIN,Performancetest,fum10213,performancetestfum10213@gmail.com,EN,firm_client_accounts,Performancetest.fum10213,nbcsuper,ProxyH,perftesting214.qa,,ManageAll_V1.17,TRUE,AAAA-9999,"compass_r2,firm_client_accounts,orders_module,orders_upload,soma_servicing,paper_upload_menu,gic_management_menu,statements_menu,tax_documents_menu,trade_confirmations_menu,mf_orders_upload",
NBIN,Performancetest,fum10214,performancetestfum10214@gmail.com,EN,firm_client_accounts,Performancetest.fum10214,nbcsuper,ProxyH,perftesting215.qa,,ManageAll_V1.17,TRUE,AAAA-9999,"compass_r2,firm_client_accounts,orders_module,orders_upload,soma_servicing,paper_upload_menu,gic_management_menu,statements_menu,tax_documents_menu,trade_confirmations_menu,mf_orders_upload",
NBIN,Performancetest,fum10215,performancetestfum10215@gmail.com,EN,firm_client_accounts,Performancetest.fum10215,nbcsuper,ProxyH,perftesting217.qa,,ManageAll_V1.17,TRUE,AAAA-9999,"compass_r2,firm_client_accounts,orders_module,orders_upload,soma_servicing,paper_upload_menu,gic_management_menu,statements_menu,tax_documents_menu,trade_confirmations_menu,mf_orders_upload",
NBIN,Performancetest,fum10216,performancetestfum10216@gmail.com,EN,firm_client_accounts,Performancetest.fum10216,nbcsuper,ProxyH,perftesting218.qa,,ManageAll_V1.17,TRUE,AAAA-9999,"compass_r2,firm_client_accounts,orders_module,orders_upload,soma_servicing,paper_upload_menu,gic_management_menu,statements_menu,tax_documents_menu,trade_confirmations_menu,mf_orders_upload",
NBIN,Performancetest,fum10217,performancetestfum10217@gmail.com,EN,firm_client_accounts,Performancetest.fum10217,nbcsuper,ProxyH,perftesting219.qa,,ManageAll_V1.17,TRUE,AAAA-9999,"compass_r2,firm_client_accounts,orders_module,orders_upload,soma_servicing,paper_upload_menu,gic_management_menu,statements_menu,tax_documents_menu,trade_confirmations_menu,mf_orders_upload",
NBIN,Performancetest,fum10218,performancetestfum10218@gmail.com,EN,firm_client_accounts,Performancetest.fum10218,nbcsuper,ProxyH,perftesting220.qa,,ManageAll_V1.17,TRUE,AAAA-9999,"compass_r2,firm_client_accounts,orders_module,orders_upload,soma_servicing,paper_upload_menu,gic_management_menu,statements_menu,tax_documents_menu,trade_confirmations_menu,mf_orders_upload",
NBIN,Performancetest,fum10219,performancetestfum10219@gmail.com,EN,firm_client_accounts,Performancetest.fum10219,nbcsuper,ProxyH,perftesting221.qa,,ManageAll_V1.17,TRUE,AAAA-9999,"compass_r2,firm_client_accounts,orders_module,orders_upload,soma_servicing,paper_upload_menu,gic_management_menu,statements_menu,tax_documents_menu,trade_confirmations_menu,mf_orders_upload",
NBIN,Performancetest,fum10220,performancetestfum10220@gmail.com,EN,firm_client_accounts,Performancetest.fum10220,nbcsuper,ProxyH,perftesting222.qa,,ManageAll_V1.17,TRUE,AAAA-9999,"compass_r2,firm_client_accounts,orders_module,orders_upload,soma_servicing,paper_upload_menu,gic_management_menu,statements_menu,tax_documents_menu,trade_confirmations_menu,mf_orders_upload",
NBIN,Performancetest,fum10221,performancetestfum10221@gmail.com,EN,firm_client_accounts,Performancetest.fum10221,nbcsuper,ProxyH,perftesting223.qa,,ManageAll_V1.17,TRUE,AAAA-9999,"compass_r2,firm_client_accounts,orders_module,orders_upload,soma_servicing,paper_upload_menu,gic_management_menu,statements_menu,tax_documents_menu,trade_confirmations_menu,mf_orders_upload",
NBIN,Performancetest,fum10222,performancetestfum10222@gmail.com,EN,firm_client_accounts,Performancetest.fum10222,nbcsuper,ProxyH,perftesting224.qa,,ManageAll_V1.17,TRUE,AAAA-9999,"compass_r2,firm_client_accounts,orders_module,orders_upload,soma_servicing,paper_upload_menu,gic_management_menu,statements_menu,tax_documents_menu,trade_confirmations_menu,mf_orders_upload",
NBIN,Performancetest,fum10223,performancetestfum10223@gmail.com,EN,firm_client_accounts,Performancetest.fum10223,nbcsuper,ProxyH,perftesting225.qa,,ManageAll_V1.17,TRUE,AAAA-9999,"compass_r2,firm_client_accounts,orders_module,orders_upload,soma_servicing,paper_upload_menu,gic_management_menu,statements_menu,tax_documents_menu,trade_confirmations_menu,mf_orders_upload",
NBIN,Performancetest,fum10224,performancetestfum10224@gmail.com,EN,firm_client_accounts,Performancetest.fum10224,nbcsuper,ProxyH,perftesting226.qa,,ManageAll_V1.17,TRUE,AAAA-9999,"compass_r2,firm_client_accounts,orders_module,orders_upload,soma_servicing,paper_upload_menu,gic_management_menu,statements_menu,tax_documents_menu,trade_confirmations_menu,mf_orders_upload",
NBIN,Performancetest,fum10225,performancetestfum10225@gmail.com,EN,firm_client_accounts,Performancetest.fum10225,nbcsuper,ProxyH,perftesting227.qa,,ManageAll_V1.17,TRUE,AAAA-9999,"compass_r2,firm_client_accounts,orders_module,orders_upload,soma_servicing,paper_upload_menu,gic_management_menu,statements_menu,tax_documents_menu,trade_confirmations_menu,mf_orders_upload",
NBIN,Performancetest,fum10226,performancetestfum10226@gmail.com,EN,firm_client_accounts,Performancetest.fum10226,nbcsuper,ProxyH,perftesting228.qa,,ManageAll_V1.17,TRUE,AAAA-9999,"compass_r2,firm_client_accounts,orders_module,orders_upload,soma_servicing,paper_upload_menu,gic_management_menu,statements_menu,tax_documents_menu,trade_confirmations_menu,mf_orders_upload",
NBIN,Performancetest,fum10227,performancetestfum10227@gmail.com,EN,firm_client_accounts,Performancetest.fum10227,nbcsuper,ProxyH,perftesting229.qa,,ManageAll_V1.17,TRUE,AAAA-9999,"compass_r2,firm_client_accounts,orders_module,orders_upload,soma_servicing,paper_upload_menu,gic_management_menu,statements_menu,tax_documents_menu,trade_confirmations_menu,mf_orders_upload",
NBIN,Performancetest,fum10228,performancetestfum10228@gmail.com,EN,firm_client_accounts,Performancetest.fum10228,nbcsuper,ProxyH,perftesting230.qa,,ManageAll_V1.17,TRUE,AAAA-9999,"compass_r2,firm_client_accounts,orders_module,orders_upload,soma_servicing,paper_upload_menu,gic_management_menu,statements_menu,tax_documents_menu,trade_confirmations_menu,mf_orders_upload",
NBIN,Performancetest,fum10229,performancetestfum10229@gmail.com,EN,firm_client_accounts,Performancetest.fum10229,nbcsuper,ProxyH,perftesting231.qa,,ManageAll_V1.17,TRUE,AAAA-9999,"compass_r2,firm_client_accounts,orders_module,orders_upload,soma_servicing,paper_upload_menu,gic_management_menu,statements_menu,tax_documents_menu,trade_confirmations_menu,mf_orders_upload",
NBIN,Performancetest,fum10230,performancetestfum10230@gmail.com,EN,firm_client_accounts,Performancetest.fum10230,nbcsuper,ProxyH,perftesting232.qa,,ManageAll_V1.17,TRUE,AAAA-9999,"compass_r2,firm_client_accounts,orders_module,orders_upload,soma_servicing,paper_upload_menu,gic_management_menu,statements_menu,tax_documents_menu,trade_confirmations_menu,mf_orders_upload",
NBIN,Performancetest,fum10231,performancetestfum10231@gmail.com,EN,firm_client_accounts,Performancetest.fum10231,nbcsuper,ProxyH,perftesting233.qa,,ManageAll_V1.17,TRUE,AAAA-9999,"compass_r2,firm_client_accounts,orders_module,orders_upload,soma_servicing,paper_upload_menu,gic_management_menu,statements_menu,tax_documents_menu,trade_confirmations_menu,mf_orders_upload",
NBIN,Performancetest,fum10232,performancetestfum10232@gmail.com,EN,firm_client_accounts,Performancetest.fum10232,nbcsuper,ProxyH,perftesting234.qa,,ManageAll_V1.17,TRUE,AAAA-9999,"compass_r2,firm_client_accounts,orders_module,orders_upload,soma_servicing,paper_upload_menu,gic_management_menu,statements_menu,tax_documents_menu,trade_confirmations_menu,mf_orders_upload",
NBIN,Performancetest,fum10233,performancetestfum10233@gmail.com,EN,firm_client_accounts,Performancetest.fum10233,nbcsuper,ProxyH,perftesting235.qa,,ManageAll_V1.17,TRUE,AAAA-9999,"compass_r2,firm_client_accounts,orders_module,orders_upload,soma_servicing,paper_upload_menu,gic_management_menu,statements_menu,tax_documents_menu,trade_confirmations_menu,mf_orders_upload",
NBIN,Performancetest,fum10234,performancetestfum10234@gmail.com,EN,firm_client_accounts,Performancetest.fum10234,nbcsuper,ProxyH,perftesting236.qa,,ManageAll_V1.17,TRUE,AAAA-9999,"compass_r2,firm_client_accounts,orders_module,orders_upload,soma_servicing,paper_upload_menu,gic_management_menu,statements_menu,tax_documents_menu,trade_confirmations_menu,mf_orders_upload",
NBIN,Performancetest,fum10235,performancetestfum10235@gmail.com,EN,firm_client_accounts,Performancetest.fum10235,nbcsuper,ProxyH,perftesting237.qa,,ManageAll_V1.17,TRUE,AAAA-9999,"compass_r2,firm_client_accounts,orders_module,orders_upload,soma_servicing,paper_upload_menu,gic_management_menu,statements_menu,tax_documents_menu,trade_confirmations_menu,mf_orders_upload",
NBIN,Performancetest,fum10236,performancetestfum10236@gmail.com,EN,firm_client_accounts,Performancetest.fum10236,nbcsuper,ProxyH,perftesting238.qa,,ManageAll_V1.17,TRUE,AAAA-9999,"compass_r2,firm_client_accounts,orders_module,orders_upload,soma_servicing,paper_upload_menu,gic_management_menu,statements_menu,tax_documents_menu,trade_confirmations_menu,mf_orders_upload",
NBIN,Performancetest,fum10237,performancetestfum10237@gmail.com,EN,firm_client_accounts,Performancetest.fum10237,nbcsuper,ProxyH,perftesting239.qa,,ManageAll_V1.17,TRUE,AAAA-9999,"compass_r2,firm_client_accounts,orders_module,orders_upload,soma_servicing,paper_upload_menu,gic_management_menu,statements_menu,tax_documents_menu,trade_confirmations_menu,mf_orders_upload",
NBIN,Performancetest,fum10238,performancetestfum10238@gmail.com,EN,firm_client_accounts,Performancetest.fum10238,nbcsuper,ProxyH,perftesting240.qa,,ManageAll_V1.17,TRUE,AAAA-9999,"compass_r2,firm_client_accounts,orders_module,orders_upload,soma_servicing,paper_upload_menu,gic_management_menu,statements_menu,tax_documents_menu,trade_confirmations_menu,mf_orders_upload",
NBIN,Performancetest,fum10239,performancetestfum10239@gmail.com,EN,firm_client_accounts,Performancetest.fum10239,nbcsuper,ProxyH,perftesting241.qa,,ManageAll_V1.17,TRUE,AAAA-9999,"compass_r2,firm_client_accounts,orders_module,orders_upload,soma_servicing,paper_upload_menu,gic_management_menu,statements_menu,tax_documents_menu,trade_confirmations_menu,mf_orders_upload",
NBIN,Performancetest,fum10240,performancetestfum10240@gmail.com,EN,firm_client_accounts,Performancetest.fum10240,nbcsuper,ProxyH,perftesting242.qa,,ManageAll_V1.17,TRUE,AAAA-9999,"compass_r2,firm_client_accounts,orders_module,orders_upload,soma_servicing,paper_upload_menu,gic_management_menu,statements_menu,tax_documents_menu,trade_confirmations_menu,mf_orders_upload",
NBIN,Performancetest,fum10241,performancetestfum10241@gmail.com,EN,firm_client_accounts,Performancetest.fum10241,nbcsuper,ProxyH,perftesting243.qa,,ManageAll_V1.17,TRUE,AAAA-9999,"compass_r2,firm_client_accounts,orders_module,orders_upload,soma_servicing,paper_upload_menu,gic_management_menu,statements_menu,tax_documents_menu,trade_confirmations_menu,mf_orders_upload",
NBIN,Performancetest,fum10242,performancetestfum10242@gmail.com,EN,firm_client_accounts,Performancetest.fum10242,nbcsuper,ProxyH,perftesting244.qa,,ManageAll_V1.17,TRUE,AAAA-9999,"compass_r2,firm_client_accounts,orders_module,orders_upload,soma_servicing,paper_upload_menu,gic_management_menu,statements_menu,tax_documents_menu,trade_confirmations_menu,mf_orders_upload",
NBIN,Performancetest,fum10243,performancetestfum10243@gmail.com,EN,firm_client_accounts,Performancetest.fum10243,nbcsuper,ProxyH,perftesting245.qa,,ManageAll_V1.17,TRUE,AAAA-9999,"compass_r2,firm_client_accounts,orders_module,orders_upload,soma_servicing,paper_upload_menu,gic_management_menu,statements_menu,tax_documents_menu,trade_confirmations_menu,mf_orders_upload",
NBIN,Performancetest,fum10244,performancetestfum10244@gmail.com,EN,firm_client_accounts,Performancetest.fum10244,nbcsuper,ProxyH,perftesting246.qa,,ManageAll_V1.17,TRUE,AAAA-9999,"compass_r2,firm_client_accounts,orders_module,orders_upload,soma_servicing,paper_upload_menu,gic_management_menu,statements_menu,tax_documents_menu,trade_confirmations_menu,mf_orders_upload",
NBIN,Performancetest,fum10245,performancetestfum10245@gmail.com,EN,firm_client_accounts,Performancetest.fum10245,nbcsuper,ProxyH,perftesting247.qa,,ManageAll_V1.17,TRUE,AAAA-9999,"compass_r2,firm_client_accounts,orders_module,orders_upload,soma_servicing,paper_upload_menu,gic_management_menu,statements_menu,tax_documents_menu,trade_confirmations_menu,mf_orders_upload",
NBIN,Performancetest,fum10246,performancetestfum10246@gmail.com,EN,firm_client_accounts,Performancetest.fum10246,nbcsuper,ProxyH,perftesting248.qa,,ManageAll_V1.17,TRUE,AAAA-9999,"compass_r2,firm_client_accounts,orders_module,orders_upload,soma_servicing,paper_upload_menu,gic_management_menu,statements_menu,tax_documents_menu,trade_confirmations_menu,mf_orders_upload",
NBIN,Performancetest,fum10247,performancetestfum10247@gmail.com,EN,firm_client_accounts,Performancetest.fum10247,nbcsuper,ProxyH,perftesting249.qa,,ManageAll_V1.17,TRUE,AAAA-9999,"compass_r2,firm_client_accounts,orders_module,orders_upload,soma_servicing,paper_upload_menu,gic_management_menu,statements_menu,tax_documents_menu,trade_confirmations_menu,mf_orders_upload",
NBIN,Performancetest,fum10248,performancetestfum10248@gmail.com,EN,firm_client_accounts,Performancetest.fum10248,nbcsuper,ProxyH,perftesting250.qa,,ManageAll_V1.17,TRUE,AAAA-9999,"compass_r2,firm_client_accounts,orders_module,orders_upload,soma_servicing,paper_upload_menu,gic_management_menu,statements_menu,tax_documents_menu,trade_confirmations_menu,mf_orders_upload",
NBIN,Performancetest,fum10249,performancetestfum10249@gmail.com,EN,firm_client_accounts,Performancetest.fum10249,nbcsuper,ProxyH,perftesting251.qa,,ManageAll_V1.17,TRUE,AAAA-9999,"compass_r2,firm_client_accounts,orders_module,orders_upload,soma_servicing,paper_upload_menu,gic_management_menu,statements_menu,tax_documents_menu,trade_confirmations_menu,mf_orders_upload",
NBIN,Performancetest,fum10250,performancetestfum10250@gmail.com,EN,firm_client_accounts,Performancetest.fum10250,nbcsuper,ProxyH,perftesting252.qa,,ManageAll_V1.17,TRUE,AAAA-9999,"compass_r2,firm_client_accounts,orders_module,orders_upload,soma_servicing,paper_upload_menu,gic_management_menu,statements_menu,tax_documents_menu,trade_confirmations_menu,mf_orders_upload",
NBIN,Performancetest,fum10251,performancetestfum10251@gmail.com,EN,firm_client_accounts,Performancetest.fum10251,nbcsuper,ProxyH,perftesting259.qa,,ManageAll_V1.17,TRUE,AAAA-9999,"compass_r2,firm_client_accounts,orders_module,orders_upload,soma_servicing,paper_upload_menu,gic_management_menu,statements_menu,tax_documents_menu,trade_confirmations_menu,mf_orders_upload",
NBIN,Performancetest,fum10252,performancetestfum10252@gmail.com,EN,firm_client_accounts,Performancetest.fum10252,nbcsuper,ProxyH,perftesting260.qa,,ManageAll_V1.17,TRUE,AAAA-9999,"compass_r2,firm_client_accounts,orders_module,orders_upload,soma_servicing,paper_upload_menu,gic_management_menu,statements_menu,tax_documents_menu,trade_confirmations_menu,mf_orders_upload",
NBIN,Performancetest,fum10253,performancetestfum10253@gmail.com,EN,firm_client_accounts,Performancetest.fum10253,nbcsuper,ProxyH,perftesting253.qa,,ManageAll_V1.17,TRUE,AAAA-9999,"compass_r2,firm_client_accounts,orders_module,orders_upload,soma_servicing,paper_upload_menu,gic_management_menu,statements_menu,tax_documents_menu,trade_confirmations_menu,mf_orders_upload",
NBIN,Performancetest,fum10254,performancetestfum10254@gmail.com,EN,firm_client_accounts,Performancetest.fum10254,nbcsuper,ProxyH,perftesting254.qa,,ManageAll_V1.17,TRUE,AAAA-9999,"compass_r2,firm_client_accounts,orders_module,orders_upload,soma_servicing,paper_upload_menu,gic_management_menu,statements_menu,tax_documents_menu,trade_confirmations_menu,mf_orders_upload",
NBIN,Performancetest,fum10255,performancetestfum10255@gmail.com,EN,firm_client_accounts,Performancetest.fum10255,nbcsuper,ProxyH,perftesting256.qa,,ManageAll_V1.17,TRUE,AAAA-9999,"compass_r2,firm_client_accounts,orders_module,orders_upload,soma_servicing,paper_upload_menu,gic_management_menu,statements_menu,tax_documents_menu,trade_confirmations_menu,mf_orders_upload",
NBIN,Performancetest,fum10256,performancetestfum10256@gmail.com,EN,firm_client_accounts,Performancetest.fum10256,nbcsuper,ProxyH,perftesting257.qa,,ManageAll_V1.17,TRUE,AAAA-9999,"compass_r2,firm_client_accounts,orders_module,orders_upload,soma_servicing,paper_upload_menu,gic_management_menu,statements_menu,tax_documents_menu,trade_confirmations_menu,mf_orders_upload",
NBIN,Performancetest,fum10257,performancetestfum10257@gmail.com,EN,firm_client_accounts,Performancetest.fum10257,nbcsuper,ProxyH,perftesting258.qa,,ManageAll_V1.17,TRUE,AAAA-9999,"compass_r2,firm_client_accounts,orders_module,orders_upload,soma_servicing,paper_upload_menu,gic_management_menu,statements_menu,tax_documents_menu,trade_confirmations_menu,mf_orders_upload",
NBIN,Performancetest,fum10258,performancetestfum10258@gmail.com,EN,firm_client_accounts,Performancetest.fum10258,nbcsuper,ProxyH,perftesting261.qa,,ManageAll_V1.17,TRUE,AAAA-9999,"compass_r2,firm_client_accounts,orders_module,orders_upload,soma_servicing,paper_upload_menu,gic_management_menu,statements_menu,tax_documents_menu,trade_confirmations_menu,mf_orders_upload",
NBIN,Performancetest,fum10259,performancetestfum10259@gmail.com,EN,firm_client_accounts,Performancetest.fum10259,nbcsuper,ProxyH,perftesting262.qa,,ManageAll_V1.17,TRUE,AAAA-9999,"compass_r2,firm_client_accounts,orders_module,orders_upload,soma_servicing,paper_upload_menu,gic_management_menu,statements_menu,tax_documents_menu,trade_confirmations_menu,mf_orders_upload",
NBIN,Performancetest,fum10260,performancetestfum10260@gmail.com,EN,firm_client_accounts,Performancetest.fum10260,nbcsuper,ProxyH,,,ManageAll_V1.17,TRUE,AAAA-9999,"compass_r2,firm_client_accounts,orders_module,orders_upload,soma_servicing,paper_upload_menu,gic_management_menu,statements_menu,tax_documents_menu,trade_confirmations_menu,mf_orders_upload",
NBIN,Performancetest,fum10261,performancetestfum10261@gmail.com,EN,firm_client_accounts,Performancetest.fum10261,nbcsuper,ProxyH,,,ManageAll_V1.17,TRUE,AAAA-9999,"compass_r2,firm_client_accounts,orders_module,orders_upload,soma_servicing,paper_upload_menu,gic_management_menu,statements_menu,tax_documents_menu,trade_confirmations_menu,mf_orders_upload",
NBIN,Performancetest,fum10262,performancetestfum10262@gmail.com,EN,firm_client_accounts,Performancetest.fum10262,nbcsuper,ProxyH,,,ManageAll_V1.17,TRUE,AAAA-9999,"compass_r2,firm_client_accounts,orders_module,orders_upload,soma_servicing,paper_upload_menu,gic_management_menu,statements_menu,tax_documents_menu,trade_confirmations_menu,mf_orders_upload",
NBIN,Performancetest,fum10263,performancetestfum10263@gmail.com,EN,firm_client_accounts,Performancetest.fum10263,nbcsuper,ProxyH,,,ManageAll_V1.17,TRUE,AAAA-9999,"compass_r2,firm_client_accounts,orders_module,orders_upload,soma_servicing,paper_upload_menu,gic_management_menu,statements_menu,tax_documents_menu,trade_confirmations_menu,mf_orders_upload",
NBIN,persis,manageorder,persis.newton@nbc.ca,EN,firm_client_accounts,persis.manageorder.uat,,ProxyH,,,ManageOrders_V1.17,FALSE,,"gic_management_menu,statements_menu,tax_documents_menu,trade_confirmations_menu,mf_orders_upload",
NBIN,Persis,Newton,persis.newton@nbc.ca,EN,firm_client_accounts,persis.newton.uat,NBINIA,ProxyH,FUM2024613143111.TEST,,GlobalAdmin,TRUE,AAAA-9999,,"mf_product,equity_product,options_product"
NBIN,peter,testing,8e0309ab.cbncnbccs.onmicrosoft.com@ca.teams.ms,EN,firm_client_accounts,peter.testing.uat,NBINIA,ProxyH,,,ViewOnlyNonConfidentialProfile,TRUE,AAAA-9999,,
NBIN,Peter,Jackson,peter.jackson.uat@nbc.ca,EN,firm_client_accounts,peter.jackson.uat,SOC,,peter.jackson,,ManageAll_V1.17,TRUE,AAAA-9999,"paper_upload_menu,gic_management_menu,statements_menu,tax_documents_menu,trade_confirmations_menu,mf_orders_upload",
NBIN,Pier-Luc,Whissell,pierluc.whissell@bnc.ca,EN,firm_client_accounts,pierluc.whissell.uat,NBINIA,ProxyH,,,AdminAll_V1.17,TRUE,AAAA-9999,,
NBIN,Pierre-Olivier,McConnell,pierreolivier.mcconnell@bnc.ca,EN,firm_client_accounts,pierreolivier.mcconnell.uat,NBINIA,ProxyH,,,ManageOrders_V1.17,TRUE,AAAA-9999,mf_orders_upload,"mf_product,equity_product"
NBIN,Pranavi,damaraju,pranavi.damaraju@nbc.ca,EN,firm_client_accounts,pranavi.damaraju.uat,NBINIA,ProxyH,,,ManageFirmAndUser_V1.17,TRUE,AAAA-9999,,
NBIN,Priyanka,Damaraju,pranavi.damaraju@nbc.ca,EN,firm_client_accounts,priyanka.damaraju,,ProxyH,,,ViewOnlyConfidentialProfile_V1.17,TRUE,AAAA-9999,"paper_upload_menu,statements_menu,tax_documents_menu,trade_confirmations_menu",
NBIN,prodsupport.uat2.uat,prodsupport.uat2.uat,prodsupport.uat2.uat@nbc.ca,EN,firm_client_accounts,prodsupport.uat2.uat,prodsupport.uat2,ProxyH,prodsupport.uat2,,Legacy-ManageFirmAndUser,TRUE,AAAA-9999,"firm_client_accounts,orders_module,soma_servicing,questionnaire_applications",
NBIN,ProductSupport,Advisor,kat.astrologo@nbc.ca,EN,firm_client_accounts,productsupport.advisor,saxenaav,ProxyH,,,ViewOnlyConfidentialProfile_V1.17,TRUE,AAAA-9999,"paper_upload_menu,statements_menu,tax_documents_menu,trade_confirmations_menu",
NBIN,ProductSupport,Assistant,katrina.astrrologo@nbc.ca,EN,firm_client_accounts,productsupport.assistant,,ProxyH,kwok001,,ViewOnlyConfidentialProfile_V1.17,TRUE,AAAA-9999,"paper_upload_menu,statements_menu,tax_documents_menu,trade_confirmations_menu",
NBIN,ProductSupport,BranchManager,kat.astro@nbc.ca,EN,firm_client_accounts,productsupport.branchmanager,,ProxyH,,,ViewOnlyConfidentialProfile_V1.17,TRUE,AAAA-9999,"paper_upload_menu,statements_menu,tax_documents_menu,trade_confirmations_menu",
NBIN,ProductSupport,HeadOfficeCompliance,katrina@nbc.ca,EN,firm_client_accounts,productsupport.headofficecompliance,,ProxyH,,,ViewOnlyConfidentialProfile_V1.17,TRUE,AAAA-9999,"paper_upload_menu,statements_menu,tax_documents_menu,trade_confirmations_menu",
NBIN,ProductSupport,Operations,katrina.asto@nbc.ca,EN,firm_client_accounts,productsupport.operations,,ProxyH,,,ViewOnlyConfidentialProfile_V1.17,TRUE,AAAA-9999,"paper_upload_menu,statements_menu,tax_documents_menu,trade_confirmations_menu",
NBIN,ProductSupport,Trader,katrina.astrol@nbc.ca,EN,firm_client_accounts,productsupport.trader,,ProxyH,,,ViewOnlyConfidentialProfile_V1.17,TRUE,AAAA-9999,"paper_upload_menu,statements_menu,tax_documents_menu,trade_confirmations_menu",
NBIN,Qiuxia,Guo,qiuxia.guo@nbc.ca,EN,firm_client_accounts,qiuxia.guo.uat,,,,,ConfigurePlatformV1.17,FALSE,AAAA-9999,,
NBIN,Qiuxia2,Guo,qiuxia.guo@nbc.ca,EN,firm_client_accounts,qiuxia2.guo.uat,SOMAGD1,ProxyH,,,ManageAllButNotTrade_v1.16,TRUE,AAAA-9999,"paper_upload_menu,statements_menu,tax_documents_menu,trade_confirmations_menu",
NBIN,Quinto,Carlos,carlos.quinto@nbc.ca,EN,firm_client_accounts,quinto.carlos.uat,,CXTESTZ,,,AdminOrders_V1.17,FALSE,AAAA-9999,"compass_r2,orders_upload,questionnaire_applications,soma_servicing,infinite_applications,tools_menu,paper_upload_menu,trade_allocations_menu,trade_allocations_approvals_menu,trade_allocations_processor_menu,gic_management_menu,statements_menu,tax_documents_menu,trade_confirmations_menu,mf_orders_upload","mf_product,equity_product"
NBIN,Radhika,SecuritySteward,radhika.sharma@nbc.ca,EN,firm_client_accounts,radhika.securitysteward,"sharmara,SOMAGDI4",ProxyH,sharmara,,GlobalAdmin,TRUE,AAAA-9999,,"view_system_events,mf_product,equity_product,options_product,feature_conf"
NBIN,Raffi,Melkon,raffi.melkon@nbc.ca,EN,firm_client_accounts,raffi.melkon.uat,"NBINIA,nbcsuper,SOMAGDI4",ProxyH,,,ManageFirmAndUser_V1.17,FALSE,AAAA-9999,,"view_system_events,feature_conf"
NBIN,Rahman,Rahmansharmin,rahmansharmin.rahman@nbc.ca,EN,firm_client_accounts,rahman.rahmansharmin,,ProxyH,,,ViewOnlyConfidentialProfile_V1.17,TRUE,AAAA-9999,"paper_upload_menu,statements_menu,tax_documents_menu,trade_confirmations_menu",
NBIN,Rahman,Sharmin,sharmin.rahman@bnc.ca,EN,firm_client_accounts,rahman.sharmin,,ProxyH,,,ViewOnlyConfidentialProfile_V1.17,TRUE,AAAA-9999,"paper_upload_menu,statements_menu,tax_documents_menu,trade_confirmations_menu",
NBIN,Rahmil Adam,Mustafa,rahmiladam.mustafa@nbc.ca,EN,firm_client_accounts,rahmiladam.mustafa,,ProxyH,,,ViewOnlyConfidentialProfile_V1.17,TRUE,AAAA-9999,"paper_upload_menu,statements_menu,tax_documents_menu,trade_confirmations_menu",
NBIN,Ravikumar,Patel1,ravikumar.patel2@nbc.ca,EN,firm_client_accounts,ravikumar.patel1.uat,11111,ProxyH,ravikumar.patel,,ViewOnlyConfidentialProfile_V1.17,TRUE,AAAA-9999,"paper_upload_menu,statements_menu,tax_documents_menu,trade_confirmations_menu",
NBIN,regression,uat1,kamali.arunamanivannan@nbc.ca,EN,firm_client_accounts,regression.uat1.uat,NBINIA,ProxyH,,,AdminAll_V1.17,TRUE,AAAA-9999,mf_orders_upload,
NBIN,Regression,user3128,kamali.arunamanivannan@nbc.ca,FR,firm_client_accounts,regression.user3128.uat,NBINIA,,,,ViewOnlyConfidentialProfile_V1.17,FALSE,,"orders_module,questionnaire_applications,form_applications",
NBIN,Regression,user4128,kamali.arunamanivannan@nbc.ca,FR,firm_client_accounts,regression.user4128.uat,NBINIA,,,,ViewOnlyConfidentialProfile_V1.17,FALSE,,"orders_module,questionnaire_applications,form_applications",
NBIN,Regression,user6128,kamali.arunamanivannan@nbc.ca,FR,firm_client_accounts,regression.user6128.uat,NBINIA,,,,ViewOnlyConfidentialProfile_V1.17,FALSE,,"orders_module,questionnaire_applications,form_applications",
NBIN,Regression211,user2,kamali.arunamanivannan@nbc.ca,FR,firm_client_accounts,regression211.user2.uat,NBINIA,,,,ViewOnlyConfidentialProfile_V1.17,FALSE,SFA2-SFA3,"orders_module,questionnaire_applications,form_applications",
NBIN,regressionemp,user1,kamali.arunamanivannan@nbc.ca,EN,firm_client_accounts,regressionemp.user1.uat,NBINIA,ProxyH,,,GlobalAdmin,FALSE,AAAA-AAAA,,
NBIN,reg.test,user,reg.test.user@nbc.ca,EN,firm_client_accounts,reg.test.user.uat,,null,sanity.test2,,ViewOnlyConfidentialProfile_V1.17,TRUE,AAAA-9999,"paper_upload_menu,statements_menu,tax_documents_menu,trade_confirmations_menu",
NBIN,Renato,Miksan Uhrovcik,renato.miksianuhrovcik@nbc.ca,EN,firm_client_accounts,renato.miksanuhrovcik,NBINIA,ProxyH,MIKR002,,ManageServiceRequests_V1.17,TRUE,AAAA-9999,"paper_upload_menu,statements_menu,tax_documents_menu,trade_confirmations_menu",
NBIN,Report,retrievalUser,aradhya.kalva@bnc.ca,EN,firm_client_accounts,report.retrievaluser.uat,,,,,AdminAll_V1.17,TRUE,AAAA-9999,"gic_management_menu,statements_menu,tax_documents_menu,trade_confirmations_menu,mf_orders_upload",
NBIN,Rishi,Pathak,rishi.dharmendra.pathak@nbc.ca,EN,firm_client_accounts,rishi.pathak.uat,,,,,ManageAccountsAndProfiles_V1.17,TRUE,AAAA-9999,"paper_upload_menu,statements_menu,tax_documents_menu,trade_confirmations_menu",
NBIN,Rochdi,Daoud,rochdi.daoud@bnc.ca,FR,firm_client_accounts,rochdi.daoud.uat,NBINIA,ProxyH,,,AdminAll_V1.17,TRUE,AAAA-9999,,
NBIN,Roland,Nathaniel,roland.nathaniel@bnc.ca,EN,firm_client_accounts,roland.nathaniel1,saxenaav,ProxyH,Roland.NathanielUAT,,ManageFirmAndUser_V1.17,TRUE,AAAA-9999,"paper_upload_menu,feature_menu,statements_menu,tax_documents_menu,trade_confirmations_menu",
NBIN,Ronald,Noel,ronaldnoel@nbc.ca,EN,firm_client_accounts,ronald.noel.uat,NBINIA,ProxyH,,,ViewOnlyConfidentialProfile_V1.17,TRUE,AAAA-9999,"paper_upload_menu,statements_menu,tax_documents_menu,trade_confirmations_menu",
NBIN,Sahil,Sharma,sahil.sharma@nbc.ca,EN,firm_client_accounts,sahil.sharma.uat,,,,,ManageFirmAndUser_V1.17,TRUE,AAAA-9999,"paper_upload_menu,feature_menu,statements_menu,tax_documents_menu,trade_confirmations_menu",
NBIN,Sahil,Sharma,sahil.sharma@bnc.ca,EN,firm_client_accounts,sahil.sharma1.uat,,,,,ProcessAccounts_V1.17,TRUE,AAAA-9999,"orders_module,soma_servicing,infinite_applications,statements_menu,tax_documents_menu,trade_confirmations_menu",
NBIN,Said,Eladdadi,said.eladdadi@bnc.ca,EN,firm_client_accounts,said.eladdadi.uat,NBINIA,ProxyH,,,AdminAll_V1.17,TRUE,AAAA-9999,,
NBIN,SAID,ELADDADI,said.eladdadi@bnc.ca,EN,firm_client_accounts,said.eladdadi1.uat,NBINIA,ProxyH,,,AdminAll_V1.17,TRUE,AAAA-9999,,"mf_product,equity_product,options_product"
NBIN,Saliou,Diop,saliou.diop@nbc.ca,EN,firm_client_accounts,saliou.diop.uat,NBINIA,ProxyH,,,AdminAll_V1.17,TRUE,AAAA-9999,,
NBIN,Sam,Doe,sam.doe.uat@nbin.ca,EN,firm_client_accounts,sam.doe.uat,SOC,compxtr,Sam.Doe2,,ManageFirmAndUser_V1.17,TRUE,AAAA-9999,"paper_upload_menu,feature_menu,statements_menu,tax_documents_menu,trade_confirmations_menu",
NBIN,Sam,Smith,sam.smith.testing@nbc.ca,EN,firm_client_accounts,sam.smith.uat,TEHRANG,compxtr,ciam.donotdelete,,ManageAll_V1.17,TRUE,AAAA-9999,"paper_upload_menu,gic_management_menu,statements_menu,tax_documents_menu,trade_confirmations_menu,mf_orders_upload",
NBIN,Sam,Smith,sam.smith.uat@nbc.ca,EN,firm_client_accounts,sam.smith1.uat,,compxtr,,,ManageAll_V1.17,FALSE,,"paper_upload_menu,gic_management_menu,statements_menu,tax_documents_menu,trade_confirmations_menu,mf_orders_upload",
NBIN,Sammer,Salama,sammer.salama@nbc.ca,EN,firm_client_accounts,sammer.salama.uat,,CXTESTZ,,,AdminOrders_V1.17,FALSE,AAAA-9999,"compass_r2,orders_upload,questionnaire_applications,soma_servicing,infinite_applications,tools_menu,paper_upload_menu,trade_allocations_menu,trade_allocations_approvals_menu,trade_allocations_processor_menu,gic_management_menu,statements_menu,tax_documents_menu,trade_confirmations_menu,mf_orders_upload","mf_product,equity_product"
NBIN,Samridhi,Manchanda,samridhi.manchanda@nbc.ca,EN,firm_client_accounts,samridhi.manchanda.uat,NBINIA,ProxyH,,,AdminAll_V1.17,TRUE,AAAA-9999,mf_orders_upload,"mf_product,equity_product"
NBIN,Sandun,Abeyweera,sandun.abeyweera@bnc.ca,EN,firm_client_accounts,sandun.abeyweera.uat,,,Sandun.Abeyweera,,ManageServiceRequests_V1.17,TRUE,AAAA-9999,"paper_upload_menu,statements_menu,tax_documents_menu,trade_confirmations_menu",
NBIN,Sarah,Joel,sarah.joel@nbc.ca,EN,firm_client_accounts,sarah.joel.uat,SOC,compxtr,,,Wealth.CompassX.Assistant,FALSE,AAAA-9999,,
NBIN,Sarah,Kelvin,sarah.kelvin@nbc.ca,FR,firm_client_accounts,sarah.kelvin.uat,SOC,,,,ManageAll_V1.17,TRUE,AAAA-9999,"paper_upload_menu,gic_management_menu,statements_menu,tax_documents_menu,trade_confirmations_menu,mf_orders_upload",
NBIN,Sarah,Smith,sarah.smithuat@nbc.ca,EN,firm_client_accounts,sarah.smith.uat,SOC,compxtr,test.pm2,,ManageAll_V1.17,TRUE,AAAA-9999,"paper_upload_menu,gic_management_menu,statements_menu,tax_documents_menu,trade_confirmations_menu,mf_orders_upload",
NBIN,Sarina,Chawla,sarina.chawla@nbc.ca,EN,firm_client_accounts,sarina.chawla.uat,SOMAGDI4,null,accesscontrol73.qa,,ManageFirmAndUser_V1.17,TRUE,AAAA-9999,"paper_upload_menu,feature_menu,statements_menu,tax_documents_menu,trade_confirmations_menu",
NBIN,Sash,viewonly,abc@bmail.com,EN,firm_client_accounts,sash.viewonly.uat,,,,,ViewOnlyConfidentialProfile_V1.17,TRUE,AAAA-9999,"compass_r2,firm_client_accounts,orders_module,questionnaire_applications,soma_servicing,form_applications,infinite_applications,paper_upload_menu,statements_menu,tax_documents_menu,trade_confirmations_menu",
NBIN,Secure,Zone,mahdi.elmasaoudi@bnc.ca,EN,firm_client_accounts,secure.zone.uat,elma0001,,pvt1.pvt1,,ManageServiceRequests_V1.17,TRUE,AAAA-9999,"paper_upload_menu,statements_menu,tax_documents_menu,trade_confirmations_menu",
NBIN,Security,Steward,security.steward@nbc.ca,EN,firm_client_accounts,security.steward.uat,security.steward,ProxyH,IPC.TEST2,,ViewOnlyConfidentialProfile_V1.17,TRUE,AAAA-9999,"paper_upload_menu,statements_menu,tax_documents_menu,trade_confirmations_menu",
NBIN,Senthil Kumaran,Kunjithapatham Ravi,senthilkumaran.kunjithapatham@nbc.ca,EN,firm_client_accounts,senthilkumaran.kunjithapathamravi,TESTA1,ProxyH,,,ViewOnlyConfidentialProfile_V1.17,TRUE,AAAA-9999,"paper_upload_menu,statements_menu,tax_documents_menu,trade_confirmations_menu",
NBIN,Sheila,Herrera,sheila.herrera@bnc.ca,EN,firm_client_accounts,sheila.herrera,nbcsuper,ProxyH,Kaw.Leonard,,AdminAll_V1.17,TRUE,AAAA-9999,"paper_upload_menu,gic_management_menu,statements_menu,tax_documents_menu,trade_confirmations_menu,mf_orders_upload",
NBIN,Shirley,Bilow,shirley.bilow@nbc.ca,EN,firm_client_accounts,shirley.bilow,,ProxyH,,,ViewOnlyConfidentialProfile_V1.17,TRUE,AAAA-9999,"paper_upload_menu,statements_menu,tax_documents_menu,trade_confirmations_menu",
NBIN,Shobhit,Singh,shobhit.singh@nbc.ca,EN,firm_client_accounts,shobhit.singh.uat,SISH001,,,,AdminServiceRequests_V1.17,TRUE,AAAA-9999,"infinite_applications,orders_module,statements_menu,tax_documents_menu,trade_confirmations_menu",
NBIN,Simon,Hartley,simon.hartley@bnc.ca,EN,firm_client_accounts,simon.hartley.uat,,null,Simon.Hartley2,,ViewOnlyConfidentialProfile_V1.17,TRUE,AAAA-9999,"paper_upload_menu,statements_menu,tax_documents_menu,trade_confirmations_menu",
NBIN,Sinan,Yorulmaz,aaron.yorulmaz@nbc.ca,EN,firm_client_accounts,sinan.yorulmaz.uat,"NBINIA,SOMAGDI4, WUZH0001",ProxyH,,,ManageFirmAndUser_V1.17,TRUE,AAAA-9999,,"view_system_events,feature_conf"
NBIN,Sonika,Mandal,sonika.mandal@nbc.ca,EN,firm_client_accounts,sonika.mandal.uat,,,,,ConfigurePlatformV1.17,FALSE,AAAA-9999,,
NBIN,Sophie,Lacasse,sophie.lacasse@bnc.ca,EN,firm_client_accounts,sophie.lacasse.uat,NBINIA,ProxyH,,,AdminAll_V1.17,TRUE,AAAA-9999,,"mf_product,equity_product,options_product"
NBIN,SOPHIE,LACASSE,sophie.lacasse@bnc.ca,EN,firm_client_accounts,sophie.lacasse1.uat,NBINIA,ProxyH,,,AdminAll_V1.17,TRUE,AAAA-9999,,"mf_product,equity_product,options_product"
NBIN,Sowjanya,Kakumani,sowjanya.kakumani@nbc.ca,EN,firm_client_accounts,sowjanya.kakumani.uat,NBINIA,ProxyH,,,AdminAll_V1.17,TRUE,AAAA-9999,,
NBIN,Srasvorlak,Phourng,srasvorlak.phourng@nbc.ca,EN,firm_client_accounts,srasvorlak.phourng.uat,,ProxyH,,,ManageFirmAndUser_V1.17,TRUE,AAAA-9999,,
NBIN,ssouat,reg1,ssouat.reg1@nbc.ca,EN,firm_client_accounts,ssouat.reg1.uat,NBINIA,ProxyH,sso.uat1,,ManageFirmAndUser_V1.17,TRUE,AAAA-9999,"paper_upload_menu,feature_menu,statements_menu,tax_documents_menu,trade_confirmations_menu",
NBIN,Stanley,Kwong,stanley.kwong@nbc.ca,EN,firm_client_accounts,stanley.kwong,KWST0002,ProxyH,perftesting474.uat,,AdminAll_V1.17,TRUE,AAAA-9999,,"mf_product,equity_product"
NBIN,Stanley,Kwong1,stanley.kwong@nbc.ca,EN,firm_client_accounts,stanley.kwong11.uat,,,,,AdminAllButNotTrade_V1.17,TRUE,AAAA-9999,"orders_module,statements_menu,tax_documents_menu,trade_confirmations_menu",
NBIN,Stefano,Bonofiglio,stefano.bonofiglio@bnc.ca,EN,firm_client_accounts,stefano.bonofiglio,,ProxyH,,,ViewOnlyConfidentialProfile_V1.17,TRUE,AAAA-9999,"paper_upload_menu,statements_menu,tax_documents_menu,trade_confirmations_menu",
NBIN,Steve,apple,steve.apple1@nbc.ca,EN,firm_client_accounts,steve.apple,steve.apple,ProxyH,,,ViewOnlyConfidentialProfile_V1.17,TRUE,AAAA-9999,"paper_upload_menu,statements_menu,tax_documents_menu,trade_confirmations_menu",
NBIN,Steven,Li,steven.li@nbc.ca,EN,firm_client_accounts,steven.li.uat,,,,,ViewOnlyConfidentialProfile_V1.17,TRUE,AAAA-9999,,
NBIN,Stewart,Everson,stewart.everson@bnc.ca,EN,firm_client_accounts,stewart.everson1,saxenaav,ProxyH,,,ViewOnlyConfidentialProfile_V1.17,TRUE,AAAA-9999,"paper_upload_menu,statements_menu,tax_documents_menu,trade_confirmations_menu",
NBIN,Susan,Smith,susan.smith.uat@nbc.ca,EN,firm_client_accounts,susan.smith.uat,SOC,compxtr,test.pm3,,ManageAll_V1.17,TRUE,AAAA-9999,"paper_upload_menu,gic_management_menu,statements_menu,tax_documents_menu,trade_confirmations_menu,mf_orders_upload",
NBIN,Susanne,BM UAT,susanne.clifford1@bnc.ca,EN,firm_client_accounts,susanne.bmuat,,ProxyH,,,ViewOnlyConfidentialProfile_V1.17,TRUE,AAAA-9999,"paper_upload_menu,statements_menu,tax_documents_menu,trade_confirmations_menu",
NBIN,Susanne,Clifford,susanneclifford1@nbc.ca,EN,firm_client_accounts,susanne.clifford4,,ProxyH,,,ViewOnlyConfidentialProfile_V1.17,TRUE,AAAA-9999,"paper_upload_menu,statements_menu,tax_documents_menu,trade_confirmations_menu",
NBIN,Susanne,Clifford,susanne.clifford@nbc.ca,EN,firm_client_accounts,susanne.clifford5.uat,,null,accesscontrol29.qa,,ManageFirmAndUser_V1.17,TRUE,AAAA-9999,feature_menu,
NBIN,Susanne,Clifford Advisor,susanneclifford@rogers.com,EN,firm_client_accounts,susanne.cliffordadvisor,,ProxyH,,,ManageAll_V1.17,TRUE,AAAA-9999,"orders_upload,questionnaire_applications,trade_allocations_menu,trade_allocations_approvals_menu,trade_allocations_processor_menu,gic_management_menu,statements_menu,tax_documents_menu,trade_confirmations_menu,mf_orders_upload","mf_product,equity_product"
NBIN,Susanne,CliffordBM,susanne@nbc.ca,EN,firm_client_accounts,susanne.cliffordbm,,ProxyH,,,ViewOnlyConfidentialProfile_V1.17,TRUE,AAAA-9999,"paper_upload_menu,statements_menu,tax_documents_menu,trade_confirmations_menu",
NBIN,Sylvain-Yves,Cliche,sylvainyves.cliche@bnc.ca,FR,firm_client_accounts,sylvainyves.cliche.uat,NBINIA,ProxyH,,,AdminAll_V1.17,TRUE,AAAA-9999,,
NBIN,ta,adminall,lakshmi.arumugam@bnc.ca,EN,firm_client_accounts,ta.adminall.uat,,ProxyH,,,AdminAll_V1.17,TRUE,AAAA-9999,"gic_management_menu,statements_menu,tax_documents_menu,trade_confirmations_menu,mf_orders_upload",
NBIN,ta,manageall,persis.newton@nbc.ca,EN,firm_client_accounts,ta.manageall.uat,,ProxyH,,,ViewOnlyNonConfidentialProfile,FALSE,,,
NBIN,ta,managefirmanduser,persis.newton@nbc.ca,EN,firm_client_accounts,ta.managefirmanduser.uat,,ProxyH,,,ManageFirmAndUser_V1.17,FALSE,,"feature_menu,statements_menu,tax_documents_menu,trade_confirmations_menu",
NBIN,ta,manageorder,stanley.kwong@nbc.ca,EN,firm_client_accounts,ta.manageorder.uat,rofr0002,ProxyH,,,ManageOrders_V1.17,TRUE,AAAA-9999,"statements_menu,tax_documents_menu,trade_confirmations_menu,mf_orders_upload",view_system_events
NBIN,ta,manageposttrade,persis.newton@nbc.ca,EN,firm_client_accounts,ta.manageposttrade.uat,,ProxyH,,,ManagePostTrade_V1.17,FALSE,,"statements_menu,tax_documents_menu,trade_confirmations_menu",
NBIN,ta,viewonlyconfidential,persis.newton@nbc.ca,EN,firm_client_accounts,ta.viewonlyconfidential.uat,,ProxyH,,,ViewOnlyConfidentialProfile_V1.17,FALSE,,"statements_menu,tax_documents_menu,trade_confirmations_menu",
NBIN,Taksh,Shah,taksh.shah@nbc.ca,EN,firm_client_accounts,taksh.shah.uat,SOMAGDI4,ProxyH,Taksh.Shah,,ManageFirmAndUser_V1.17,TRUE,AAAA-9999,orders_module,"view_system_events,feature_conf"
NBIN,TA R2,Test User,joseph.kim@nbc.ca,EN,firm_client_accounts,tar2.testuser.uat,,,,,AdminOrders_V1.17,TRUE,AAAA-9999,"compass_r2,firm_client_accounts,orders_module,orders_upload,questionnaire_applications,soma_servicing,infinite_applications,tools_menu,paper_upload_menu,trade_allocations_approvals_menu,trade_allocations_processor_menu,gic_management_menu,statements_menu,tax_documents_menu,trade_confirmations_menu,mf_orders_upload",
NBIN,terst,tests,etsttest@nbc.ca,EN,firm_client_accounts,terst.tests.uat,nbcsuper,ProxyH,FUM2024618193631.TEST,,AdminOrders,TRUE,AAAA-9999,,
NBIN,Terzieva,Tatiana,tatiana.terzieva@bnc.ca,EN,firm_client_accounts,terzieva.tatiana.uat,teta0003,,,,ManageFirmAndUser,FALSE,,,
NBIN,test,aligned4,abcx@nbc.ca,EN,firm_client_accounts,test.aligned4,1234,ProxyH,,,ViewOnlyConfidentialProfile_V1.17,TRUE,AAAA-9999,"paper_upload_menu,statements_menu,tax_documents_menu,trade_confirmations_menu",
NBIN,test,aligned99,test99@nbc.ca,EN,firm_client_accounts,test.aligned99,1234,ProxyH,,,ViewOnlyConfidentialProfile_V1.17,TRUE,AAAA-9999,"paper_upload_menu,statements_menu,tax_documents_menu,trade_confirmations_menu",
NBIN,test,last1,hemangi.patel@nbc.ca,EN,firm_client_accounts,test.last1.uat,,,,,ViewOnlyNonConfidentialProfile,FALSE,AAAA-9999,,
NBIN,test,may30,testmay30@gmail.com,EN,firm_client_accounts,test.may30,Test123,ProxyH,,,ViewOnlyConfidentialProfile_V1.17,TRUE,AAAA-9999,"paper_upload_menu,statements_menu,tax_documents_menu,trade_confirmations_menu",
NBIN,test,operations,opsusgroup@nbc.ca,EN,firm_client_accounts,test.operations,,ProxyH,,,ViewOnlyConfidentialProfile_V1.17,TRUE,AAAA-9999,"paper_upload_menu,statements_menu,tax_documents_menu,trade_confirmations_menu",
NBIN,test,recoveryquestion,test.recoverquestion@nbc.ca,EN,firm_client_accounts,test.recoveryquestion1.uat,NBINIA,,,,AdminAll_V1.17,FALSE,,"gic_management_menu,statements_menu,tax_documents_menu,trade_confirmations_menu,mf_orders_upload",
NBIN,test,report,ankitkumar.patel@nbc.ca,EN,firm_client_accounts,test.report.uat,,,,,Legacy-AdminAll,TRUE,AAAA-9999,,
NBIN,test,resetUnlock,paul.guevarra@nbc.ca,EN,firm_client_accounts,test.resetunlock.uat,,,,,ManagePostTrade_V1.17,FALSE,,"statements_menu,tax_documents_menu,trade_confirmations_menu",
NBIN,test,test,test456@nbc.com,EN,firm_client_accounts,test.test68.uat,,null,accesscontrol7.qa2,,AdminAll_V1.17,TRUE,AAAA-9999,"paper_upload_menu,gic_management_menu,statements_menu,tax_documents_menu,trade_confirmations_menu,mf_orders_upload",
NBIN,test,test,test55@nbc.com,EN,firm_client_accounts,test.test69.uat,NBINIA,proxyh,TestFum73356.QA73356,,ViewOnlyConfidentialProfile_V1.17,TRUE,AAAA-9999,"paper_upload_menu,statements_menu,tax_documents_menu,trade_confirmations_menu",
NBIN,test,test,test2024082901@gmail.com,EN,firm_client_accounts,test.test70.uat,,ProxyH,TestFUMQA51601.51601QA,,Wealth.CompassX.HoBranchManager,FALSE,AAAA-9999,,
NBIN,test,test1234,test20240903@gmail.com,EN,firm_client_accounts,test.test1234.uat,,ProxyH,,,Legacy-AdminAll,TRUE,AAAA-9999,,
NBIN,test,tst,test.otfirm@bnc.ca,EN,firm_client_accounts,test.tst.uat,,,,,ManageFirmAndUser,TRUE,AAAA-9999,,
NBIN,Test,March0403,testmarch0403@gmail.com,EN,firm_client_accounts,test.march0403,Test123,ProxyH,,,ViewOnlyConfidentialProfile_V1.17,TRUE,AAAA-9999,"paper_upload_menu,statements_menu,tax_documents_menu,trade_confirmations_menu",
NBIN,Test,Oss,atesh123@nbc.ca,EN,firm_client_accounts,test.oss,,ProxyH,,,ViewOnlyConfidentialProfile_V1.17,TRUE,AAAA-9999,"paper_upload_menu,statements_menu,tax_documents_menu,trade_confirmations_menu",
NBIN,Test,Recoveryquestion,test.recoveryquestion@nbc.ca,EN,firm_client_accounts,test.recoveryquestion.uat,NBINIA,,,,AdminAll_V1.17,FALSE,,"gic_management_menu,statements_menu,tax_documents_menu,trade_confirmations_menu,mf_orders_upload",
NBIN,Test,Test4,testing12345678@nbc.ca,EN,firm_client_accounts,test.test4,,ProxyH,,,ViewOnlyConfidentialProfile_V1.17,TRUE,AAAA-9999,"paper_upload_menu,statements_menu,tax_documents_menu,trade_confirmations_menu",
NBIN,TEST,FUMUSERCREATION20001,fumusercreation20001@gmail.com,EN,firm_client_accounts,test.fumusercreation20001.uat,,,TestFum501064.QA501064,,ManageFirmAndUser,TRUE,AAAA-9999,,
NBIN,test1,default,hemangi.patel@nbc.ca,EN,users_module,test.default.uat,,,,,ManageAll_V1.17,FALSE,AAAA-9999,"trade_allocations_menu,trade_allocations_approvals_menu,statements_menu,tax_documents_menu,trade_confirmations_menu,mf_orders_upload","mf_product,equity_product"
NBIN,test1,dsaf,asdf@sdf.com,EN,firm_client_accounts,test1.dsaf.uat,,,,,ManageFirmAndUser_V1.17,TRUE,AAAA-9999,"paper_upload_menu,feature_menu,statements_menu,tax_documents_menu,trade_confirmations_menu",
NBIN,test1,test1,test1.test2@test.ca,FR,users_module,test.test1235.uat,NBINIA,ProxyH,,,ManageFirmAndUser_V1.17,TRUE,AAAA-9999,"firm_client_accounts,orders_module,feature_menu,statements_menu,tax_documents_menu,trade_confirmations_menu",
NBIN,test2,dsf,asdf@afsd.com,EN,firm_client_accounts,test2.dsf.uat,,,,,ManageFirmAndUser_V1.17,TRUE,AAAA-9999,"paper_upload_menu,feature_menu,statements_menu,tax_documents_menu,trade_confirmations_menu",
NBIN,testfumqa,usercreation101,testfumqausercreation101@gmail.com,EN,firm_client_accounts,testfumqa.usercreation101.uat,,,TestFum573977.QA573977,,ManageFirmAndUser,TRUE,AAAA-9999,,
NBIN,Testing,fumqa1001,testngfum45179@gmail.com,EN,firm_client_accounts,testing.fumqa1001.uat,,,,,ManageFirmAndUser_V1.17,TRUE,AAAA-9999,"paper_upload_menu,feature_menu,statements_menu,tax_documents_menu,trade_confirmations_menu",
NBIN,test manage,user,manage.user123@gmail.com,EN,firm_client_accounts,testmanage.user.uat,,,,,ManageFirmAndUser_V1.17,FALSE,,"feature_menu,statements_menu,tax_documents_menu,trade_confirmations_menu",
NBIN,testq,test,ankitkumar.patel@nbc.ca,EN,firm_client_accounts,testq.test.uat,,,,,Legacy-AdminAll,TRUE,AAAA-9999,,
NBIN,test.r2,soca,soca@nbin.ca,EN,firm_client_accounts,test.r2.soca.uat,,null,sanity.test3,,ViewOnlyConfidentialProfile_V1.17,TRUE,AAAA-9999,"paper_upload_menu,statements_menu,tax_documents_menu,trade_confirmations_menu",
NBIN,Testsso,FUMUSERCREATION1001,testssofum1001@gmail.com,EN,firm_client_accounts,testsso.fumusercreation1001.uat,,,TestFum513524.QA513524,,ManageFirmAndUser_V1.17,TRUE,AAAA-9999,"paper_upload_menu,feature_menu,statements_menu,tax_documents_menu,trade_confirmations_menu",
NBIN,testtext,user205,testext205@nbc.ca,EN,firm_client_accounts,testtext.user205.uat,NBINIA,ProxyH,"aceess.test100 ",,ViewOnlyNonConfidentialProfile,TRUE,AAAA-9999,,
NBIN,TestTraining,Demo,testtraining.uat@nbc.ca,EN,firm_client_accounts,testtraining.demo.uat,SOMAGDI4,compxtr,,,ManageAccountsAndProfiles_V1.17,TRUE,AAAA-9999,"statements_menu,tax_documents_menu,trade_confirmations_menu",
NBIN,TestUserCPX001,TestUserCPX001,testusercpx001.testusercpx001@nbc.ca,EN,firm_client_accounts,testusercpx001.testusercpx001,ABCD,ProxyH,,,ViewOnlyConfidentialProfile_V1.17,TRUE,AAAA-9999,"paper_upload_menu,statements_menu,tax_documents_menu,trade_confirmations_menu",
NBIN,testw,testw,ankitkumar.patel@nbc.ca,EN,firm_client_accounts,testw.testw.uat,NBINIA,,test,,Legacy-AdminAll,TRUE,AAAA-9999,,
NBIN,testx,test,ankitkumar.patelx@nbc.ca,FR,firm_client_accounts,testx.test.uat,,,,,Legacy-AdminAll,FALSE,,,
NBIN,tiberiu,barath,tiberiu.barath@bnc.ca,EN,firm_client_accounts,tiberiu.barath.uat,bati0002,,,,ManageFirmAndUser,FALSE,,,
NBIN,Tom,Smith,andrew.halsall@nbc.ca,EN,firm_client_accounts,tom.smith.uat,,,,,ManageAll_V1.17,FALSE,,"orders_module,orders_upload,trade_allocations_menu,trade_allocations_approvals_menu,trade_allocations_processor_menu,gic_management_menu,statements_menu,tax_documents_menu,trade_confirmations_menu,mf_orders_upload",
NBIN,Tomasz,Hosiawa,tomasz.hosiawa@nbc.ca,EN,firm_client_accounts,tomasz.hosiawa.uat,,HOSIAWT,TestFum46212.QA46212,,ManageAll_V1.17,TRUE,AAAA-9999,"gic_management_menu,statements_menu,tax_documents_menu,trade_confirmations_menu,mf_orders_upload",
NBIN,trade,allocation,persis.newton@nbc.ca,EN,firm_client_accounts,trade.allocation.uat,,ProxyH,,,ManageFirmAndUser_V1.17,TRUE,AAAA-9999,"feature_menu,statements_menu,tax_documents_menu,trade_confirmations_menu",view_system_events
NBIN,traderinternal,nbin,nbininternal.nbin@nbc.ca,EN,firm_client_accounts,traderinternal.nbin,liumi,ProxyH,,,ViewOnlyConfidentialProfile_V1.17,TRUE,AAAA-9999,"paper_upload_menu,statements_menu,tax_documents_menu,trade_confirmations_menu",
NBIN,traderuat,nbin,traderuat.nbin@nbc.ca,EN,firm_client_accounts,traderuat.nbin,,ProxyH,,,ViewOnlyConfidentialProfile_V1.17,TRUE,AAAA-9999,"paper_upload_menu,statements_menu,tax_documents_menu,trade_confirmations_menu",
NBIN,Training,Demo,nbintraining.uat@nbc.ca,EN,firm_client_accounts,training.demo.uat,SOMAGDI4,compxtr,,,ManageServiceRequests_V1.17,TRUE,AAAA-9999,"paper_upload_menu,statements_menu,tax_documents_menu,trade_confirmations_menu",
NBIN,tst,test,asdsad@nbc.ca,EN,firm_client_accounts,tst.test.uat,,,,,ManageAllButNotTrade_v1.16,TRUE,AAAA-9999,"paper_upload_menu,statements_menu,tax_documents_menu,trade_confirmations_menu",
NBIN,uat,test151,uat.test152@nbc.ca,EN,firm_client_accounts,uat.test151.uat,NBINIA,ProxyH,uat.test151,,ManageFirmAndUser_V1.17,TRUE,AAAA-9999,"paper_upload_menu,feature_menu,statements_menu,tax_documents_menu,trade_confirmations_menu",
NBIN,uatempreg,user508,kamali.arunamanivannan@nbc.ca,EN,firm_client_accounts,uatempreg.user508.uat,NBINIA,,,,ManageFirmAndUser_V1.17,TRUE,AAAA-9999,"orders_module,questionnaire_applications",
NBIN,ug,test1,ug.test1@nbc.ca,EN,firm_client_accounts,ug.test1.uat,,ProxyH,ug.test1,,ConfigurePlatformV1.17,FALSE,AAAA-9999,,
NBIN,Véronique,Véronique,uyuyuyuy@gmail.com,EN,firm_client_accounts,veronique.veronique.uat,,,,,Legacy-ManageAccountsAndProfiles,TRUE,AAAA-9999,,
NBIN,Veryan,adminall,veryan.goodship@nbc.ca,EN,firm_client_accounts,veryan.adminall.uat,NBINIA,ProxyH,,,AdminAll_V1.17,TRUE,AAAA-9999,,"mf_product,equity_product,options_product"
NBIN,Veryan,Goodship,veryan.goodship@nbc.ca,EN,firm_client_accounts,veryan.goodship.uat,NBINIA,ProxyH,,,ManageFirmAndUser_V1.17,TRUE,AAAA-9999,,
NBIN,Vishwas,Subramanya,vishwas.subramanya@nbc.ca,EN,firm_client_accounts,vishwas.subramanya.uat,karatske,,,,ManageServiceRequests_V1.17,TRUE,AAAA-9999,"orders_module,questionnaire_applications,paper_upload_menu,statements_menu,tax_documents_menu,trade_confirmations_menu",
NBIN,Vraj,Shah,vraj.shah@nbc.ca,EN,firm_client_accounts,vraj.shah.uat,,,,,ConfigurePlatformV1.17,FALSE,AAAA-9999,,
NBIN,Vraj,Shah,vraj.shah@nbc.ca,EN,firm_client_accounts,vraj.shah1.uat,SOMAGDI1,ProxyH,,,ManageAllButNotTrade_v1.16,TRUE,AAAA-9999,"paper_upload_menu,statements_menu,tax_documents_menu,trade_confirmations_menu",
NBIN,Wanhee,nbinuat,wanheenbin@nbc.ca,EN,firm_client_accounts,wanhee.nbinuat,NBINIA,ProxyH,accesscontrol86.uat,,Legacy-AdminAll,TRUE,AAAA-9999,,
NBIN,Wayne,D'Souza,wayne.dsouza@nbc.ca,EN,firm_client_accounts,wayne.dsouza.uat,,,,,ViewOnlyConfidentialProfile_V1.17,TRUE,AAAA-9999,,
NBIN,Wilson,Batista,wilson.batista@nbc.ca,EN,firm_client_accounts,wilson.batista,,ProxyH,,,ViewOnlyConfidentialProfile_V1.17,TRUE,AAAA-9999,"paper_upload_menu,statements_menu,tax_documents_menu,trade_confirmations_menu",
NBIN,Yannick,Bernier,yannickb.bernier@bnc.ca,EN,firm_client_accounts,yannick.bernier.uat,,,,,ViewOnlyNonConfidentialProfile,TRUE,AAAA-9999,,
NBIN,Yash,Londhe,yash.londhe@nbc.ca,EN,firm_client_accounts,yash.londhe.uat,somagdi4,ProxyH,Yash.Londhe,,ManageOrders_V1.17,TRUE,AAAA-9999,"orders_module,orders_upload,statements_menu,tax_documents_menu,trade_confirmations_menu,mf_orders_upload",view_system_events
NBIN,Youssef,Chihani,youssef.chihani@bnc.ca,EN,firm_client_accounts,youssef.chihani,NBINIA,ProxyH,h488zwf,,ManageServiceRequests_V1.17,TRUE,AAAA-9999,"paper_upload_menu,statements_menu,tax_documents_menu,trade_confirmations_menu",
NBIN,Zahar,Mekharbeche,zahar.mekharbeche@bnc.ca,EN,firm_client_accounts,zahar.mekharbeche.uat,nbinia,ProxyH,,,AdminAll_V1.17,TRUE,AAAA-9999,,
NBIN,Zheng,Wu,zheng.wu@nbc.ca,EN,firm_client_accounts,zheng.wu2.uat,wuzh0002,,,,AdminAll_V1.17,FALSE,"ADCB-ADCB, ADIM-ADIM, ADRD-ADRD, ADVA-ADVA, CTBM-CTBM",mf_orders_upload,"mf_product,equity_product"
NBIN,Zheng,Wu1,zheng.wu@nbc.ca,EN,firm_client_accounts,zheng.wu1.uat,WUZH0001,CXTESTZ,,,GlobalAdmin,TRUE,AAAA-9999,,"mf_product,equity_product,options_product"
NBIN,Zheng,WuFX,zheng.wu@nbc.ca,EN,firm_client_accounts,zheng.wufx.uat,,ProxyH,,,ManagePostTrade_V1.17,TRUE,AAAA-9999,"compass_r2,orders_module,questionnaire_applications,soma_servicing,infinite_applications,tools_menu,paper_upload_menu,statements_menu,tax_documents_menu,trade_confirmations_menu",
NBIN,Zheng,WuTS,zheng.wu@nbc.ca,EN,firm_client_accounts,zheng.wuts.uat,,ProxyH,,,ManageOrders_V1.17,TRUE,AAAA-9999,"compass_r2,questionnaire_applications,soma_servicing,infinite_applications,tools_menu,paper_upload_menu,statements_menu,tax_documents_menu,trade_confirmations_menu,mf_orders_upload",
NICOL,advisor,nicola,advisor.nicol.liu@bnc.ca,EN,firm_client_accounts,advisor.nicola.uat,dsdsds,ProxyX,TestFum87691.QA87691,,Legacy-ManageOrders,FALSE,,,
NICOL,advisor,uatis,advisor@nbc.ca,EN,firm_client_accounts,advisor.uatis,SOMAGDI4,ProxyH,,,AdminAll_V1.17,TRUE,"KLNC-KLNC, QBAA-QB99","paper_upload_menu,gic_management_menu,statements_menu,tax_documents_menu,trade_confirmations_menu,mf_orders_upload",
NICOL,Anand,Raveendran.trader1,anand.raveendran-trader@bnc.ca,EN,firm_client_accounts,anand.raveendran.trader,,ProxyH,,,ViewOnlyConfidentialProfile_V1.17,TRUE,"KLNC-KLNC, QBAA-QB99","paper_upload_menu,statements_menu,tax_documents_menu,trade_confirmations_menu",
NICOL,assistant,is,assitant@nbc.ca,EN,firm_client_accounts,assistant.is,,ProxyH,assistant.uat,,Legacy-ManageAllButNotTrade,TRUE,"KLNC-KLNC, QBAA-QB99",,
NICOL,assistant,uatis,assistant@nbc.ca,EN,firm_client_accounts,assistant.uatis,NBINIA,ProxyH,altaf.ahmed,,ManageAllButNotTrade_v1.16,TRUE,"KLNC-KLNC, QBAA-QB99","paper_upload_menu,statements_menu,tax_documents_menu,trade_confirmations_menu",
NICOL,avijit,uat,avijit@nbc.ca,EN,firm_client_accounts,avijit.uat,NBINIA,ProxyH,,,ViewOnlyConfidentialProfile_V1.17,TRUE,"KLNC-KLNC, QBAA-QB99","paper_upload_menu,statements_menu,tax_documents_menu,trade_confirmations_menu",
NICOL,branchmanager,caroline,branchmanagercaroline@nestwealth.com,EN,firm_client_accounts,branchmanager.caroline,aaaa,ProxyH,,,ViewOnlyConfidentialProfile_V1.17,TRUE,"KLNC-KLNC, QBAA-QB99","paper_upload_menu,statements_menu,tax_documents_menu,trade_confirmations_menu",
NICOL,Candi,Nicola,candi.nicola1@nicola.ca,EN,firm_client_accounts,candi.nicola,SOC,ProxyK,test.thorn,,ViewOnlyConfidentialProfile_V1.17,TRUE,"KLNC-KLNC, QBAA-QB99","paper_upload_menu,statements_menu,tax_documents_menu,trade_confirmations_menu",
NICOL,Candi,Nicola1,thisisaverylongemailaddressathereforthere@nicola.ca,EN,firm_client_accounts,candi.nicola1,,ProxyH,,,ViewOnlyConfidentialProfile_V1.17,TRUE,"KLNC-KLNC, QBAA-QB99","paper_upload_menu,statements_menu,tax_documents_menu,trade_confirmations_menu",
NICOL,Candi october,14 fifteen,cand.so@nbc.ca,EN,firm_client_accounts,candi.141,SOC,ProxyH,test.nicol,,AdminAllButNotTrade_V1.17,TRUE,"KLNC-KLNC, QBAA-QB99","firm_client_accounts,questionnaire_applications,form_applications,paper_upload_menu,statements_menu,tax_documents_menu,trade_confirmations_menu",
NICOL,Caroline,TestUAT,caroline.hare@nbc.ca,EN,firm_client_accounts,caroline.testuat,er,ProxyH,,,ViewOnlyConfidentialProfile_V1.17,TRUE,"KLNC-KLNC, QBAA-QB99","paper_upload_menu,statements_menu,tax_documents_menu,trade_confirmations_menu",
NICOL,check,managefirmanduser,paul.guevarra@nbc.ca,EN,firm_client_accounts,check.managefirmanduser.uat,NBINIA,ProxyH,,,ManageFirmAndUser_V1.17,FALSE,,,
NICOL,eqtestpm1,eq.uat,hemangi.patel@nbc.ca,EN,firm_client_accounts,eqtestpm1.eq.uat,,ProxyX,,,AdminAll_V1.17,TRUE,"KLNC-KLNC, QBAA-QB99",mf_orders_upload,"mf_product,equity_product"
NICOL,firmadvisor,is,firmadvisor32@nbc.ca,EN,firm_client_accounts,firmadvisor.is,ACTSVMAN,ProxyH,firmAdvisor.uat,,Legacy-ManageServiceRequests,TRUE,"KLNC-KLNC, QBAA-QB99",,
NICOL,firmassistant,is,firmassistant43@nbc.ca,EN,firm_client_accounts,firmassistant.is,NBINIA,ProxyH,firmAssistant.uat,,Legacy-ManageAllButNotTrade,TRUE,"KLNC-KLNC, QBAA-QB99",,
NICOL,firmuser,nicola,firmuser.nocola.liu@bnc.ca,EN,firm_client_accounts,firmuser.nicola.uat,wewewew,ProxyX,testuserarmq,,Legacy-ManageOrders,TRUE,"KLNC-KLNC, QBAA-QB99",,
NICOL,Glenn Mark,Malayao,glenn.mark@nbc.ca,EN,firm_client_accounts,glennmark.malayao,,ProxyH,,,ViewOnlyConfidentialProfile_V1.17,TRUE,"KLNC-KLNC, QBAA-QB99","paper_upload_menu,statements_menu,tax_documents_menu,trade_confirmations_menu",
NICOL,Hamid,Moulaei.Uat,hamid.moulaei@nbc.com,EN,firm_client_accounts,hamid.moulaei.uat,,PROXYH,Hamidreza.Moulaei,,Legacy-ManageOrders,TRUE,"KLNC-KLNC, QBAA-QB99",,
NICOL,HMoulaei,Re,hamid.reza@nbc.ca,EN,firm_client_accounts,hmoulaei.re.uat,,ProxyH,testing13.uat,,Legacy-ManageOrders,FALSE,QBAA-QBAA,,
NICOL,hobmanager,uatis,hobmanager@nbc.ca,EN,firm_client_accounts,hobmanager.uatis,"NBINIA,nbcsuper,SOC",ProxyH,,,AdminServiceRequests_V1.17,TRUE,"KLNC-KLNC, QBAA-QB99","paper_upload_menu,statements_menu,tax_documents_menu,trade_confirmations_menu",
NICOL,hocompliance,uatis,hocompliance@nbc.ca,EN,firm_client_accounts,hocompliance.uatis,"SOMAGDI1,nbcsuper,SOMAGDI4",ProxyH,,,AdminServiceRequests_V1.17,TRUE,"KLNC-KLNC, QBAA-QB99","paper_upload_menu,statements_menu,tax_documents_menu,trade_confirmations_menu",
NICOL,Jason,Cheng,jason.cheng@nbc.ca,EN,firm_client_accounts,jason.cheng.uat,,ProxyH,,,ViewOnlyConfidentialProfile_V1.17,TRUE,"KLNC-KLNC, QBAA-QB99","paper_upload_menu,statements_menu,tax_documents_menu,trade_confirmations_menu",
NICOL,jean,smith,jean.smith@test.ca,EN,firm_client_accounts,jean.smith1.uat,"NBINIA,nbcsuper",ProxyH,jay.lee,,ManageServiceRequests_V1.17,TRUE,"KLNC-KLNC, QBAA-QB99","paper_upload_menu,statements_menu,tax_documents_menu,trade_confirmations_menu",
NICOL,Jessica,Tallarico,jessica.tallarico@nbc.ca,EN,firm_client_accounts,jessica.tallarico,saxenaav,ProxyH,jessica.tallarico,,ManageAll_V1.17,TRUE,"KLNC-KLNC, QBAA-QB99","paper_upload_menu,gic_management_menu,statements_menu,tax_documents_menu,trade_confirmations_menu,mf_orders_upload",
NICOL,Jim,Kim,jim.kim@nbc.ca,EN,firm_client_accounts,jim.kim,jim.kim,ProxyH,,,ViewOnlyConfidentialProfile_V1.17,TRUE,"KLNC-KLNC, QBAA-QB99","paper_upload_menu,statements_menu,tax_documents_menu,trade_confirmations_menu",
NICOL,john,doe,joe.doe@nbc.ca,EN,firm_client_accounts,john.doe.uat,NBINIA,ProxyH,Jason.Mepsted1,,ManageServiceRequests_V1.17,TRUE,"KLNC-KLNC, QBAA-QB99","paper_upload_menu,statements_menu,tax_documents_menu,trade_confirmations_menu",
NICOL,Joseph,Kim,joseph.kim@nbc.ca,EN,firm_client_accounts,joseph.kim,,ProxyH,test.test,,Legacy-ManageOrders,TRUE,"KLNC-KLNC, QBAA-QB99",,
NICOL,kal,leel,kal@nbc.ca,EN,firm_client_accounts,kal.leel,NBINIA,ProxyH,,,ViewOnlyConfidentialProfile_V1.17,TRUE,"KLNC-KLNC, QBAA-QB99","paper_upload_menu,statements_menu,tax_documents_menu,trade_confirmations_menu",
NICOL,klarida,hibraj,klarida.hibraj1@nbc.ca,EN,firm_client_accounts,klarida.hibraj1,,ProxyH,,,ViewOnlyConfidentialProfile_V1.17,TRUE,"KLNC-KLNC, QBAA-QB99","paper_upload_menu,statements_menu,tax_documents_menu,trade_confirmations_menu",
NICOL,Klarida,Hibraj,klarida.hibraj@nbc.ca,EN,firm_client_accounts,klarida.hibraj,,ProxyH,,,ViewOnlyConfidentialProfile_V1.17,TRUE,"KLNC-KLNC, QBAA-QB99","paper_upload_menu,statements_menu,tax_documents_menu,trade_confirmations_menu",
NICOL,Miyuki,Ikuse,miyuki.ikuse@nbc.ca,EN,firm_client_accounts,miyuki.ikuse,saxenaav,ProxyM,test.Nicolatest,,ManageAll_V1.17,TRUE,"KLNC-KLNC, QBAA-QB99","paper_upload_menu,gic_management_menu,statements_menu,tax_documents_menu,trade_confirmations_menu,mf_orders_upload",
NICOL,nicola,firmadvisor,nicola.firmadvisor@gmail.com,EN,firm_client_accounts,nicola.firmadvisor,JONESMA,ProxyH,,,ViewOnlyConfidentialProfile_V1.17,TRUE,"KLNC-KLNC, QBAA-QB99","paper_upload_menu,statements_menu,tax_documents_menu,trade_confirmations_menu",
NICOL,nicola,firmassistant,nicola.firmassistant@gmail.com,EN,firm_client_accounts,nicola.firmassistant,JONESMA,ProxyH,,,ViewOnlyConfidentialProfile_V1.17,TRUE,"KLNC-KLNC, QBAA-QB99","paper_upload_menu,statements_menu,tax_documents_menu,trade_confirmations_menu",
NICOL,nicola,firmtrader,nicola.firmtrader@gmail.com,EN,firm_client_accounts,nicola.firmtrader,NBINIA,ProxyH,accesscontrol30.uat,,AdminAllButNotTrade_V1.17,TRUE,"KLNC-KLNC, QBAA-QB99","paper_upload_menu,statements_menu,tax_documents_menu,trade_confirmations_menu",
NICOL,nicola,nbcsstest,kamali.arunamanivannan@nbc.ca,EN,firm_client_accounts,nicola.nbcsstest.uat,NBINIA,ProxyH,,,ManageFirmAndUser_V1.17,TRUE,"KLNC-KLNC, QBAA-QB99","feature_menu,statements_menu,tax_documents_menu,trade_confirmations_menu",
NICOL,nicola,nbcsstest1,parto.karimi@nbc.ca,EN,firm_client_accounts,nicola.nbcsstest1.uat,NBINIA,ProxyH,,,AdminOrders_V1.17,TRUE,"KLNC-KLNC, QBAA-QB99","gic_management_menu,statements_menu,tax_documents_menu,trade_confirmations_menu,mf_orders_upload",
NICOL,Nicola,Manage Accounts and Profiles,sanchiwdwt1@nbc.ca,EN,firm_client_accounts,nicola.manageaccountsandprofiles.uat,NBINIA,ProxyH,accesscontrol37.qa,,ManageAccountsAndProfiles_V1.17,TRUE,"KLNC-KLNC, QBAA-QB99","paper_upload_menu,statements_menu,tax_documents_menu,trade_confirmations_menu",
NICOL,Nicola,Manage Service Requests,sanchjhit@nbc.ca,EN,firm_client_accounts,nicola.manageservicerequests.uat,NBINIA,ProxyH,accesscontrol7.qa,,ManageServiceRequests_V1.17,TRUE,"KLNC-KLNC, QBAA-QB99","paper_upload_menu,statements_menu,tax_documents_menu,trade_confirmations_menu",
NICOL,Nicola,Testuat,aaron.yorulmaz@nbc.ca,EN,firm_client_accounts,nicola.testuat,NBINIA,ProxyH,accesscontrol31.uat,,ManageOrders_V1.17,TRUE,"KLNC-KLNC, QBAA-QB99","paper_upload_menu,gic_management_menu,statements_menu,tax_documents_menu,trade_confirmations_menu,mf_orders_upload",
NICOL,Nicola,ViewOnlyConfidentialProfile,sanchsdsit@nbc.ca,EN,firm_client_accounts,nicola.viewonlyconfidentialprofile.uat,NBINIA,ProxyH,accesscontrol2.qa,,ViewOnlyConfidentialProfile_V1.17,TRUE,"KLNC-KLNC, QBAA-QB99","paper_upload_menu,statements_menu,tax_documents_menu,trade_confirmations_menu",
NICOL,Nicola,ViewOnlyNonConfidentialProfile,enable@nbc.ca,EN,firm_client_accounts,nicola.viewonlynonconfidentialprofile.uat,NBINIA,ProxyH,accesscontrol19.uat,,ViewOnlyNonConfidentialProfile,TRUE,"KLNC-KLNC, QBAA-QB99",,
NICOL,NICOLA,Admin All,saasenchit@nbc.ca,EN,firm_client_accounts,nicola.adminall.uat,NBINIA,ProxyH,accesscontrol46.qa,,AdminAll_V1.17,TRUE,"KLNC-KLNC, QBAA-QB99","paper_upload_menu,gic_management_menu,statements_menu,tax_documents_menu,trade_confirmations_menu,mf_orders_upload",
NICOL,NICOLA,Admin Orders,sanchssjit@nbc.ca,EN,firm_client_accounts,nicola.adminorders.uat,NBINIA,ProxyH,accesscontrol63.qa,,AdminOrders_V1.17,TRUE,"KLNC-KLNC, QBAA-QB99","paper_upload_menu,gic_management_menu,statements_menu,tax_documents_menu,trade_confirmations_menu,mf_orders_upload",
NICOL,NICOLA,Manage Account Assets,sanssschit@nbc.ca,EN,firm_client_accounts,nicola.manageaccountassets.uat,NBINIA,ProxyH,accesscontrol43.qa,,ManageServicingAndTrades,TRUE,"KLNC-KLNC, QBAA-QB99","paper_upload_menu,statements_menu,tax_documents_menu,trade_confirmations_menu",
NICOL,NICOLA,Manage All but not trade,sasdsdnchit@nbc.ca,EN,firm_client_accounts,nicola.manageallbutnottrade.uat,NBINIA,ProxyH,accesscontrol11.qa,,ManageAllButNotTrade_v1.16,TRUE,"KLNC-KLNC, QBAA-QB99","paper_upload_menu,statements_menu,tax_documents_menu,trade_confirmations_menu",
NICOL,NICOLA,Manage Firm and User,sanchi4gt@nbc.ca,EN,firm_client_accounts,nicola.managefirmanduser.uat,NBINIA,ProxyH,accesscontrol57.qa,,ManageFirmAndUser_V1.17,TRUE,"KLNC-KLNC, QBAA-QB99","paper_upload_menu,feature_menu,statements_menu,tax_documents_menu,trade_confirmations_menu",
NICOL,NICOLA,Manage Post Trade,sanaaachit@nbc.ca,EN,firm_client_accounts,nicola.manageposttrade.uat,NBINIA,ProxyH,accesscontrol9.qa,,ManagePostTrade_V1.17,FALSE,"QBA1-QBA1, QBAA-QB99","paper_upload_menu,statements_menu,tax_documents_menu,trade_confirmations_menu",
NICOL,NICOLA2,Configure Platform2,nicola2.configureplatform2@nbc.ca,EN,firm_client_accounts,nicola.configureplatform.uat,NBINIA,ProxyH,accesscontrol47.qa,,ConfigurePlatformV1.17,FALSE,QBAA-QB99,,
NICOL,operations,uatis,operations@nbc.ca,EN,firm_client_accounts,operations.uatis,SOMAGDI1,ProxyH,operations.uatis,,AdminAll_V1.17,TRUE,"KLNC-KLNC, QBAA-QB99","paper_upload_menu,gic_management_menu,statements_menu,tax_documents_menu,trade_confirmations_menu,mf_orders_upload",
NICOL,opstraderuat,test,opstraderuat@nbc.ca,EN,firm_client_accounts,opstraderuat.test,SOMAGDI1,ProxyH,opstrader.testuat,,Legacy-ManageServiceRequests,TRUE,"KLNC-KLNC, QBAA-QB99",,
NICOL,Pentest2,UATv1.8,pentest2.uatv1.8@nbc.ca,EN,firm_client_accounts,pentest2.uatv1.8,pentest.uatv1.8,ProxyH,,,ViewOnlyConfidentialProfile_V1.17,TRUE,"KLNC-KLNC, QBAA-QB99","paper_upload_menu,statements_menu,tax_documents_menu,trade_confirmations_menu",
NICOL,Pentest3,UATv1.8,pentest3.uatv1.8@nbc.ca,EN,firm_client_accounts,pentest3.uatv1.8,pentest3.uatv1.8,ProxyH,,,ViewOnlyConfidentialProfile_V1.17,TRUE,"KLNC-KLNC, QBAA-QB99","paper_upload_menu,statements_menu,tax_documents_menu,trade_confirmations_menu",
NICOL,performance1,performance1,performance1@nbc.ca,EN,firm_client_accounts,performance1,nbcsuper,ProxyH,,,ManageOrders_V1.17,TRUE,"KLNC-KLNC, QBAA-QB99","compass_r2,firm_client_accounts,orders_module,orders_upload,questionnaire_applications,soma_servicing,paper_upload_menu,gic_management_menu,statements_menu,tax_documents_menu,trade_confirmations_menu,mf_orders_upload",
NICOL,perf.user1,adminorders,perf.user1@nbc.ca,EN,firm_client_accounts,perf.user1,nbcsuper,ProxyH,accesscontrol32.uat,,ManageOrders_V1.17,TRUE,"KLNC-KLNC, QBAA-QB99","compass_r2,firm_client_accounts,orders_module,orders_upload,questionnaire_applications,soma_servicing,paper_upload_menu,gic_management_menu,statements_menu,tax_documents_menu,trade_confirmations_menu,mf_orders_upload",
NICOL,perf.user.1,perf.user.1,perf.user.1@nbc.ca,EN,firm_client_accounts,perf.user.1,nbcsuper,ProxyH,accesscontrol74.uat,,ManageOrders_V1.17,TRUE,"KLNC-KLNC, QBAA-QB99","paper_upload_menu,gic_management_menu,statements_menu,tax_documents_menu,trade_confirmations_menu,mf_orders_upload",
NICOL,perf.user.10,perf.user.10,perf.user.10@nbc.ca,EN,firm_client_accounts,perf.user.10,nbcsuper,ProxyH,,,ManageOrders_V1.17,TRUE,"KLNC-KLNC, QBAA-QB99","compass_r2,firm_client_accounts,orders_module,orders_upload,questionnaire_applications,soma_servicing,paper_upload_menu,gic_management_menu,statements_menu,tax_documents_menu,trade_confirmations_menu,mf_orders_upload",
NICOL,perf.user.100.dev,perf.user.100.dev,perf.user.100.dev@nbc.ca,EN,firm_client_accounts,perf.user.100.dev,nbcsuper,ProxyH,,,ManageOrders_V1.17,TRUE,"KLNC-KLNC, QBAA-QB99","compass_r2,firm_client_accounts,orders_module,orders_upload,questionnaire_applications,soma_servicing,paper_upload_menu,gic_management_menu,statements_menu,tax_documents_menu,trade_confirmations_menu,mf_orders_upload",
NICOL,perf.user.101.dev,perf.user.101.dev,perf.user.101.dev@nbc.ca,EN,firm_client_accounts,perf.user.101.dev,nbcsuper,ProxyH,,,ManageOrders_V1.17,TRUE,"KLNC-KLNC, QBAA-QB99","compass_r2,firm_client_accounts,orders_module,orders_upload,questionnaire_applications,soma_servicing,paper_upload_menu,gic_management_menu,statements_menu,tax_documents_menu,trade_confirmations_menu,mf_orders_upload",
NICOL,perf.user.102.dev,perf.user.102.dev,perf.user.102.dev@nbc.ca,EN,firm_client_accounts,perf.user.102.dev,nbcsuper,ProxyH,,,ManageOrders_V1.17,TRUE,"KLNC-KLNC, QBAA-QB99","compass_r2,firm_client_accounts,orders_module,orders_upload,questionnaire_applications,soma_servicing,paper_upload_menu,gic_management_menu,statements_menu,tax_documents_menu,trade_confirmations_menu,mf_orders_upload",
NICOL,perf.user.103.dev,perf.user.103.dev,perf.user.103.dev@nbc.ca,EN,firm_client_accounts,perf.user.103.dev,nbcsuper,ProxyH,,,ManageOrders_V1.17,TRUE,"KLNC-KLNC, QBAA-QB99","compass_r2,firm_client_accounts,orders_module,orders_upload,questionnaire_applications,soma_servicing,paper_upload_menu,gic_management_menu,statements_menu,tax_documents_menu,trade_confirmations_menu,mf_orders_upload",
NICOL,perf.user.104.dev,perf.user.104.dev,perf.user.104.dev@nbc.ca,EN,firm_client_accounts,perf.user.104.dev,nbcsuper,ProxyH,,,ManageOrders_V1.17,TRUE,"KLNC-KLNC, QBAA-QB99","compass_r2,firm_client_accounts,orders_module,orders_upload,questionnaire_applications,soma_servicing,paper_upload_menu,gic_management_menu,statements_menu,tax_documents_menu,trade_confirmations_menu,mf_orders_upload",
NICOL,perf.user.105.dev,perf.user.105.dev,perf.user.105.dev@nbc.ca,EN,firm_client_accounts,perf.user.105.dev,nbcsuper,ProxyH,,,ManageOrders_V1.17,TRUE,"KLNC-KLNC, QBAA-QB99","compass_r2,firm_client_accounts,orders_module,orders_upload,questionnaire_applications,soma_servicing,paper_upload_menu,gic_management_menu,statements_menu,tax_documents_menu,trade_confirmations_menu,mf_orders_upload",
NICOL,perf.user.106.dev,perf.user.106.dev,perf.user.106.dev@nbc.ca,EN,firm_client_accounts,perf.user.106.dev,nbcsuper,ProxyH,,,ManageOrders_V1.17,TRUE,"KLNC-KLNC, QBAA-QB99","compass_r2,firm_client_accounts,orders_module,orders_upload,questionnaire_applications,soma_servicing,paper_upload_menu,gic_management_menu,statements_menu,tax_documents_menu,trade_confirmations_menu,mf_orders_upload",
NICOL,perf.user.107.dev,perf.user.107.dev,perf.user.107.dev@nbc.ca,EN,firm_client_accounts,perf.user.107.dev,nbcsuper,ProxyH,,,ManageOrders_V1.17,TRUE,"KLNC-KLNC, QBAA-QB99","compass_r2,firm_client_accounts,orders_module,orders_upload,questionnaire_applications,soma_servicing,paper_upload_menu,gic_management_menu,statements_menu,tax_documents_menu,trade_confirmations_menu,mf_orders_upload",
NICOL,perf.user.108.dev,perf.user.108.dev,perf.user.108.dev@nbc.ca,EN,firm_client_accounts,perf.user.108.dev,nbcsuper,ProxyH,,,ManageOrders_V1.17,TRUE,"KLNC-KLNC, QBAA-QB99","compass_r2,firm_client_accounts,orders_module,orders_upload,questionnaire_applications,soma_servicing,paper_upload_menu,gic_management_menu,statements_menu,tax_documents_menu,trade_confirmations_menu,mf_orders_upload",
NICOL,perf.user.109.dev,perf.user.109.dev,perf.user.109.dev@nbc.ca,EN,firm_client_accounts,perf.user.109.dev,nbcsuper,ProxyH,,,ManageOrders_V1.17,TRUE,"KLNC-KLNC, QBAA-QB99","compass_r2,firm_client_accounts,orders_module,orders_upload,questionnaire_applications,soma_servicing,paper_upload_menu,gic_management_menu,statements_menu,tax_documents_menu,trade_confirmations_menu,mf_orders_upload",
NICOL,perf.user.11,perf.user.11,perf.user.11@nbc.ca,EN,firm_client_accounts,perf.user.11,nbcsuper,ProxyH,accesscontrol84.uat,,ManageOrders_V1.17,TRUE,"KLNC-KLNC, QBAA-QB99","compass_r2,firm_client_accounts,orders_module,orders_upload,questionnaire_applications,soma_servicing,paper_upload_menu,gic_management_menu,statements_menu,tax_documents_menu,trade_confirmations_menu,mf_orders_upload",
NICOL,perf.user.110.dev,perf.user.110.dev,perf.user.110.dev@nbc.ca,EN,firm_client_accounts,perf.user.110.dev,nbcsuper,ProxyH,,,ManageOrders_V1.17,TRUE,"KLNC-KLNC, QBAA-QB99","compass_r2,firm_client_accounts,orders_module,orders_upload,questionnaire_applications,soma_servicing,paper_upload_menu,gic_management_menu,statements_menu,tax_documents_menu,trade_confirmations_menu,mf_orders_upload",
NICOL,perf.user.111.dev,perf.user.111.dev,perf.user.111.dev@nbc.ca,EN,firm_client_accounts,perf.user.111.dev,nbcsuper,ProxyH,,,ManageOrders_V1.17,TRUE,"KLNC-KLNC, QBAA-QB99","compass_r2,firm_client_accounts,orders_module,orders_upload,questionnaire_applications,soma_servicing,paper_upload_menu,gic_management_menu,statements_menu,tax_documents_menu,trade_confirmations_menu,mf_orders_upload",
NICOL,perf.user.112.dev,perf.user.112.dev,perf.user.112.dev@nbc.ca,EN,firm_client_accounts,perf.user.112.dev,nbcsuper,ProxyH,,,ManageOrders_V1.17,TRUE,"KLNC-KLNC, QBAA-QB99","compass_r2,firm_client_accounts,orders_module,orders_upload,questionnaire_applications,soma_servicing,paper_upload_menu,gic_management_menu,statements_menu,tax_documents_menu,trade_confirmations_menu,mf_orders_upload",
NICOL,perf.user.113.dev,perf.user.113.dev,perf.user.113.dev@nbc.ca,EN,firm_client_accounts,perf.user.113.dev,nbcsuper,ProxyH,,,ManageOrders_V1.17,TRUE,"KLNC-KLNC, QBAA-QB99","compass_r2,firm_client_accounts,orders_module,orders_upload,questionnaire_applications,soma_servicing,paper_upload_menu,gic_management_menu,statements_menu,tax_documents_menu,trade_confirmations_menu,mf_orders_upload",
NICOL,perf.user.114.dev,perf.user.114.dev,perf.user.114.dev@nbc.ca,EN,firm_client_accounts,perf.user.114.dev,nbcsuper,ProxyH,,,ManageOrders_V1.17,TRUE,"KLNC-KLNC, QBAA-QB99","compass_r2,firm_client_accounts,orders_module,orders_upload,questionnaire_applications,soma_servicing,paper_upload_menu,gic_management_menu,statements_menu,tax_documents_menu,trade_confirmations_menu,mf_orders_upload",
NICOL,perf.user.115.dev,perf.user.115.dev,perf.user.115.dev@nbc.ca,EN,firm_client_accounts,perf.user.115.dev,nbcsuper,ProxyH,,,ManageOrders_V1.17,TRUE,"KLNC-KLNC, QBAA-QB99","compass_r2,firm_client_accounts,orders_module,orders_upload,questionnaire_applications,soma_servicing,paper_upload_menu,gic_management_menu,statements_menu,tax_documents_menu,trade_confirmations_menu,mf_orders_upload",
NICOL,perf.user.116.dev,perf.user.116.dev,perf.user.116.dev@nbc.ca,EN,firm_client_accounts,perf.user.116.dev,nbcsuper,ProxyH,,,ManageOrders_V1.17,TRUE,"KLNC-KLNC, QBAA-QB99","compass_r2,firm_client_accounts,orders_module,orders_upload,questionnaire_applications,soma_servicing,paper_upload_menu,gic_management_menu,statements_menu,tax_documents_menu,trade_confirmations_menu,mf_orders_upload",
NICOL,perf.user.117.dev,perf.user.117.dev,perf.user.117.dev@nbc.ca,EN,firm_client_accounts,perf.user.117.dev,nbcsuper,ProxyH,,,ManageOrders_V1.17,TRUE,"KLNC-KLNC, QBAA-QB99","compass_r2,firm_client_accounts,orders_module,orders_upload,questionnaire_applications,soma_servicing,paper_upload_menu,gic_management_menu,statements_menu,tax_documents_menu,trade_confirmations_menu,mf_orders_upload",
NICOL,perf.user.118.dev,perf.user.118.dev,perf.user.118.dev@nbc.ca,EN,firm_client_accounts,perf.user.118.dev,nbcsuper,ProxyH,,,ManageOrders_V1.17,TRUE,"KLNC-KLNC, QBAA-QB99","compass_r2,firm_client_accounts,orders_module,orders_upload,questionnaire_applications,soma_servicing,paper_upload_menu,gic_management_menu,statements_menu,tax_documents_menu,trade_confirmations_menu,mf_orders_upload",
NICOL,perf.user.119.dev,perf.user.119.dev,perf.user.119.dev@nbc.ca,EN,firm_client_accounts,perf.user.119.dev,nbcsuper,ProxyH,,,ManageOrders_V1.17,TRUE,"KLNC-KLNC, QBAA-QB99","compass_r2,firm_client_accounts,orders_module,orders_upload,questionnaire_applications,soma_servicing,paper_upload_menu,gic_management_menu,statements_menu,tax_documents_menu,trade_confirmations_menu,mf_orders_upload",
NICOL,perf.user.12,perf.user.12,perf.user.12@nbc.ca,EN,firm_client_accounts,perf.user.12,nbcsuper,ProxyH,,,ManageOrders_V1.17,TRUE,"KLNC-KLNC, QBAA-QB99","compass_r2,firm_client_accounts,orders_module,orders_upload,questionnaire_applications,soma_servicing,paper_upload_menu,gic_management_menu,statements_menu,tax_documents_menu,trade_confirmations_menu,mf_orders_upload",
NICOL,perf.user.120.dev,perf.user.120.dev,perf.user.120.dev@nbc.ca,EN,firm_client_accounts,perf.user.120.dev,nbcsuper,ProxyH,,,ManageOrders_V1.17,TRUE,"KLNC-KLNC, QBAA-QB99","compass_r2,firm_client_accounts,orders_module,orders_upload,questionnaire_applications,soma_servicing,paper_upload_menu,gic_management_menu,statements_menu,tax_documents_menu,trade_confirmations_menu,mf_orders_upload",
NICOL,perf.user.121.dev,perf.user.121.dev,perf.user.121.dev@nbc.ca,EN,firm_client_accounts,perf.user.121.dev,nbcsuper,ProxyH,,,ManageOrders_V1.17,TRUE,"KLNC-KLNC, QBAA-QB99","compass_r2,firm_client_accounts,orders_module,orders_upload,questionnaire_applications,soma_servicing,paper_upload_menu,gic_management_menu,statements_menu,tax_documents_menu,trade_confirmations_menu,mf_orders_upload",
NICOL,perf.user.122.dev,perf.user.122.dev,perf.user.122.dev@nbc.ca,EN,firm_client_accounts,perf.user.122.dev,nbcsuper,ProxyH,,,ManageOrders_V1.17,TRUE,"KLNC-KLNC, QBAA-QB99","compass_r2,firm_client_accounts,orders_module,orders_upload,questionnaire_applications,soma_servicing,paper_upload_menu,gic_management_menu,statements_menu,tax_documents_menu,trade_confirmations_menu,mf_orders_upload",
NICOL,perf.user.123.dev,perf.user.123.dev,perf.user.123.dev@nbc.ca,EN,firm_client_accounts,perf.user.123.dev,nbcsuper,ProxyH,,,ManageOrders_V1.17,TRUE,"KLNC-KLNC, QBAA-QB99","compass_r2,firm_client_accounts,orders_module,orders_upload,questionnaire_applications,soma_servicing,paper_upload_menu,gic_management_menu,statements_menu,tax_documents_menu,trade_confirmations_menu,mf_orders_upload",
NICOL,perf.user.124.dev,perf.user.124.dev,perf.user.124.dev@nbc.ca,EN,firm_client_accounts,perf.user.124.dev,nbcsuper,ProxyH,,,ManageOrders_V1.17,TRUE,"KLNC-KLNC, QBAA-QB99","compass_r2,firm_client_accounts,orders_module,orders_upload,questionnaire_applications,soma_servicing,paper_upload_menu,gic_management_menu,statements_menu,tax_documents_menu,trade_confirmations_menu,mf_orders_upload",
NICOL,perf.user.125.dev,perf.user.125.dev,perf.user.125.dev@nbc.ca,EN,firm_client_accounts,perf.user.125.dev,nbcsuper,ProxyH,,,ManageOrders_V1.17,TRUE,"KLNC-KLNC, QBAA-QB99","compass_r2,firm_client_accounts,orders_module,orders_upload,questionnaire_applications,soma_servicing,paper_upload_menu,gic_management_menu,statements_menu,tax_documents_menu,trade_confirmations_menu,mf_orders_upload",
NICOL,perf.user.126.dev,perf.user.126.dev,perf.user.126.dev@nbc.ca,EN,firm_client_accounts,perf.user.126.dev,nbcsuper,ProxyH,,,ManageOrders_V1.17,TRUE,"KLNC-KLNC, QBAA-QB99","compass_r2,firm_client_accounts,orders_module,orders_upload,questionnaire_applications,soma_servicing,paper_upload_menu,gic_management_menu,statements_menu,tax_documents_menu,trade_confirmations_menu,mf_orders_upload",
NICOL,perf.user.127.dev,perf.user.127.dev,perf.user.127.dev@nbc.ca,EN,firm_client_accounts,perf.user.127.dev,nbcsuper,ProxyH,,,ManageOrders_V1.17,TRUE,"KLNC-KLNC, QBAA-QB99","compass_r2,firm_client_accounts,orders_module,orders_upload,questionnaire_applications,soma_servicing,paper_upload_menu,gic_management_menu,statements_menu,tax_documents_menu,trade_confirmations_menu,mf_orders_upload",
NICOL,perf.user.128.dev,perf.user.128.dev,perf.user.128.dev@nbc.ca,EN,firm_client_accounts,perf.user.128.dev,nbcsuper,ProxyH,,,ManageOrders_V1.17,TRUE,"KLNC-KLNC, QBAA-QB99","compass_r2,firm_client_accounts,orders_module,orders_upload,questionnaire_applications,soma_servicing,paper_upload_menu,gic_management_menu,statements_menu,tax_documents_menu,trade_confirmations_menu,mf_orders_upload",
NICOL,perf.user.129.dev,perf.user.129.dev,perf.user.129.dev@nbc.ca,EN,firm_client_accounts,perf.user.129.dev,nbcsuper,ProxyH,,,ManageOrders_V1.17,TRUE,"KLNC-KLNC, QBAA-QB99","compass_r2,firm_client_accounts,orders_module,orders_upload,questionnaire_applications,soma_servicing,paper_upload_menu,gic_management_menu,statements_menu,tax_documents_menu,trade_confirmations_menu,mf_orders_upload",
NICOL,perf.user.13,perf.user.13,perf.user.13@nbc.ca,EN,firm_client_accounts,perf.user.13,nbcsuper,ProxyH,,,ManageOrders_V1.17,TRUE,"KLNC-KLNC, QBAA-QB99","compass_r2,firm_client_accounts,orders_module,orders_upload,questionnaire_applications,soma_servicing,paper_upload_menu,gic_management_menu,statements_menu,tax_documents_menu,trade_confirmations_menu,mf_orders_upload",
NICOL,perf.user.130.dev,perf.user.130.dev,perf.user.130.dev@nbc.ca,EN,firm_client_accounts,perf.user.130.dev,nbcsuper,ProxyH,,,ManageOrders_V1.17,TRUE,"KLNC-KLNC, QBAA-QB99","compass_r2,firm_client_accounts,orders_module,orders_upload,questionnaire_applications,soma_servicing,paper_upload_menu,gic_management_menu,statements_menu,tax_documents_menu,trade_confirmations_menu,mf_orders_upload",
NICOL,perf.user.131.dev,perf.user.131.dev,perf.user.131.dev@nbc.ca,EN,firm_client_accounts,perf.user.131.dev,nbcsuper,ProxyH,,,ManageOrders_V1.17,TRUE,"KLNC-KLNC, QBAA-QB99","compass_r2,firm_client_accounts,orders_module,orders_upload,questionnaire_applications,soma_servicing,paper_upload_menu,gic_management_menu,statements_menu,tax_documents_menu,trade_confirmations_menu,mf_orders_upload",
NICOL,perf.user.132.dev,perf.user.132.dev,perf.user.132.dev@nbc.ca,EN,firm_client_accounts,perf.user.132.dev,nbcsuper,ProxyH,,,ManageOrders_V1.17,TRUE,"KLNC-KLNC, QBAA-QB99","compass_r2,firm_client_accounts,orders_module,orders_upload,questionnaire_applications,soma_servicing,paper_upload_menu,gic_management_menu,statements_menu,tax_documents_menu,trade_confirmations_menu,mf_orders_upload",
NICOL,perf.user.133.dev,perf.user.133.dev,perf.user.133.dev@nbc.ca,EN,firm_client_accounts,perf.user.133.dev,nbcsuper,ProxyH,,,ManageOrders_V1.17,TRUE,"KLNC-KLNC, QBAA-QB99","compass_r2,firm_client_accounts,orders_module,orders_upload,questionnaire_applications,soma_servicing,paper_upload_menu,gic_management_menu,statements_menu,tax_documents_menu,trade_confirmations_menu,mf_orders_upload",
NICOL,perf.user.134.dev,perf.user.134.dev,perf.user.134.dev@nbc.ca,EN,firm_client_accounts,perf.user.134.dev,nbcsuper,ProxyH,,,ManageOrders_V1.17,TRUE,"KLNC-KLNC, QBAA-QB99","compass_r2,firm_client_accounts,orders_module,orders_upload,questionnaire_applications,soma_servicing,paper_upload_menu,gic_management_menu,statements_menu,tax_documents_menu,trade_confirmations_menu,mf_orders_upload",
NICOL,perf.user.135.dev,perf.user.135.dev,perf.user.135.dev@nbc.ca,EN,firm_client_accounts,perf.user.135.dev,nbcsuper,ProxyH,,,ManageOrders_V1.17,TRUE,"KLNC-KLNC, QBAA-QB99","compass_r2,firm_client_accounts,orders_module,orders_upload,questionnaire_applications,soma_servicing,paper_upload_menu,gic_management_menu,statements_menu,tax_documents_menu,trade_confirmations_menu,mf_orders_upload",
NICOL,perf.user.136.dev,perf.user.136.dev,perf.user.136.dev@nbc.ca,EN,firm_client_accounts,perf.user.136.dev,nbcsuper,ProxyH,,,ManageOrders_V1.17,TRUE,"KLNC-KLNC, QBAA-QB99","compass_r2,firm_client_accounts,orders_module,orders_upload,questionnaire_applications,soma_servicing,paper_upload_menu,gic_management_menu,statements_menu,tax_documents_menu,trade_confirmations_menu,mf_orders_upload",
NICOL,perf.user.137.dev,perf.user.137.dev,perf.user.137.dev@nbc.ca,EN,firm_client_accounts,perf.user.137.dev,nbcsuper,ProxyH,,,ManageOrders_V1.17,TRUE,"KLNC-KLNC, QBAA-QB99","compass_r2,firm_client_accounts,orders_module,orders_upload,questionnaire_applications,soma_servicing,paper_upload_menu,gic_management_menu,statements_menu,tax_documents_menu,trade_confirmations_menu,mf_orders_upload",
NICOL,perf.user.138.dev,perf.user.138.dev,perf.user.138.dev@nbc.ca,EN,firm_client_accounts,perf.user.138.dev,nbcsuper,ProxyH,,,ManageOrders_V1.17,TRUE,"KLNC-KLNC, QBAA-QB99","compass_r2,firm_client_accounts,orders_module,orders_upload,questionnaire_applications,soma_servicing,paper_upload_menu,gic_management_menu,statements_menu,tax_documents_menu,trade_confirmations_menu,mf_orders_upload",
NICOL,perf.user.139.dev,perf.user.139.dev,perf.user.139.dev@nbc.ca,EN,firm_client_accounts,perf.user.139.dev,nbcsuper,ProxyH,,,ManageOrders_V1.17,TRUE,"KLNC-KLNC, QBAA-QB99","compass_r2,firm_client_accounts,orders_module,orders_upload,questionnaire_applications,soma_servicing,paper_upload_menu,gic_management_menu,statements_menu,tax_documents_menu,trade_confirmations_menu,mf_orders_upload",
NICOL,perf.user.14,perf.user.14,perf.user.14@nbc.ca,EN,firm_client_accounts,perf.user.14,nbcsuper,ProxyH,,,ManageOrders_V1.17,TRUE,"KLNC-KLNC, QBAA-QB99","compass_r2,firm_client_accounts,orders_module,orders_upload,questionnaire_applications,soma_servicing,paper_upload_menu,gic_management_menu,statements_menu,tax_documents_menu,trade_confirmations_menu,mf_orders_upload",
NICOL,perf.user.140.dev,perf.user.140.dev,perf.user.140.dev@nbc.ca,EN,firm_client_accounts,perf.user.140.dev,nbcsuper,ProxyH,,,ManageOrders_V1.17,TRUE,"KLNC-KLNC, QBAA-QB99","compass_r2,firm_client_accounts,orders_module,orders_upload,questionnaire_applications,soma_servicing,paper_upload_menu,gic_management_menu,statements_menu,tax_documents_menu,trade_confirmations_menu,mf_orders_upload",
NICOL,perf.user.141.dev,perf.user.141.dev,perf.user.141.dev@nbc.ca,EN,firm_client_accounts,perf.user.141.dev,nbcsuper,ProxyH,,,ManageOrders_V1.17,TRUE,"KLNC-KLNC, QBAA-QB99","compass_r2,firm_client_accounts,orders_module,orders_upload,questionnaire_applications,soma_servicing,paper_upload_menu,gic_management_menu,statements_menu,tax_documents_menu,trade_confirmations_menu,mf_orders_upload",
NICOL,perf.user.142.dev,perf.user.142.dev,perf.user.142.dev@nbc.ca,EN,firm_client_accounts,perf.user.142.dev,nbcsuper,ProxyH,,,ManageOrders_V1.17,TRUE,"KLNC-KLNC, QBAA-QB99","compass_r2,firm_client_accounts,orders_module,orders_upload,questionnaire_applications,soma_servicing,paper_upload_menu,gic_management_menu,statements_menu,tax_documents_menu,trade_confirmations_menu,mf_orders_upload",
NICOL,perf.user.143.dev,perf.user.143.dev,perf.user.143.dev@nbc.ca,EN,firm_client_accounts,perf.user.143.dev,nbcsuper,ProxyH,,,ManageOrders_V1.17,TRUE,"KLNC-KLNC, QBAA-QB99","compass_r2,firm_client_accounts,orders_module,orders_upload,questionnaire_applications,soma_servicing,paper_upload_menu,gic_management_menu,statements_menu,tax_documents_menu,trade_confirmations_menu,mf_orders_upload",
NICOL,perf.user.144.dev,perf.user.144.dev,perf.user.144.dev@nbc.ca,EN,firm_client_accounts,perf.user.144.dev,nbcsuper,ProxyH,,,ManageOrders_V1.17,TRUE,"KLNC-KLNC, QBAA-QB99","compass_r2,firm_client_accounts,orders_module,orders_upload,questionnaire_applications,soma_servicing,paper_upload_menu,gic_management_menu,statements_menu,tax_documents_menu,trade_confirmations_menu,mf_orders_upload",
NICOL,perf.user.145.dev,perf.user.145.dev,perf.user.145.dev@nbc.ca,EN,firm_client_accounts,perf.user.145.dev,nbcsuper,ProxyH,,,ManageOrders_V1.17,TRUE,"KLNC-KLNC, QBAA-QB99","compass_r2,firm_client_accounts,orders_module,orders_upload,questionnaire_applications,soma_servicing,paper_upload_menu,gic_management_menu,statements_menu,tax_documents_menu,trade_confirmations_menu,mf_orders_upload",
NICOL,perf.user.146.dev,perf.user.146.dev,perf.user.146.dev@nbc.ca,EN,firm_client_accounts,perf.user.146.dev,nbcsuper,ProxyH,,,ManageOrders_V1.17,TRUE,"KLNC-KLNC, QBAA-QB99","compass_r2,firm_client_accounts,orders_module,orders_upload,questionnaire_applications,soma_servicing,paper_upload_menu,gic_management_menu,statements_menu,tax_documents_menu,trade_confirmations_menu,mf_orders_upload",
NICOL,perf.user.147.dev,perf.user.147.dev,perf.user.147.dev@nbc.ca,EN,firm_client_accounts,perf.user.147.dev,nbcsuper,ProxyH,,,ManageOrders_V1.17,TRUE,"KLNC-KLNC, QBAA-QB99","compass_r2,firm_client_accounts,orders_module,orders_upload,questionnaire_applications,soma_servicing,paper_upload_menu,gic_management_menu,statements_menu,tax_documents_menu,trade_confirmations_menu,mf_orders_upload",
NICOL,perf.user.148.dev,perf.user.148.dev,perf.user.148.dev@nbc.ca,EN,firm_client_accounts,perf.user.148.dev,nbcsuper,ProxyH,,,ManageOrders_V1.17,TRUE,"KLNC-KLNC, QBAA-QB99","compass_r2,firm_client_accounts,orders_module,orders_upload,questionnaire_applications,soma_servicing,paper_upload_menu,gic_management_menu,statements_menu,tax_documents_menu,trade_confirmations_menu,mf_orders_upload",
NICOL,perf.user.149.dev,perf.user.149.dev,perf.user.149.dev@nbc.ca,EN,firm_client_accounts,perf.user.149.dev,nbcsuper,ProxyH,,,ManageOrders_V1.17,TRUE,"KLNC-KLNC, QBAA-QB99","compass_r2,firm_client_accounts,orders_module,orders_upload,questionnaire_applications,soma_servicing,paper_upload_menu,gic_management_menu,statements_menu,tax_documents_menu,trade_confirmations_menu,mf_orders_upload",
NICOL,perf.user.15,perf.user.15,perf.user.15@nbc.ca,EN,firm_client_accounts,perf.user.15,nbcsuper,ProxyH,,,ManageOrders_V1.17,TRUE,"KLNC-KLNC, QBAA-QB99","compass_r2,firm_client_accounts,orders_module,orders_upload,questionnaire_applications,soma_servicing,paper_upload_menu,gic_management_menu,statements_menu,tax_documents_menu,trade_confirmations_menu,mf_orders_upload",
NICOL,perf.user.150.dev,perf.user.150.dev,perf.user.150.dev@nbc.ca,EN,firm_client_accounts,perf.user.150.dev,nbcsuper,ProxyH,,,ManageOrders_V1.17,TRUE,"KLNC-KLNC, QBAA-QB99","compass_r2,firm_client_accounts,orders_module,orders_upload,questionnaire_applications,soma_servicing,paper_upload_menu,gic_management_menu,statements_menu,tax_documents_menu,trade_confirmations_menu,mf_orders_upload",
NICOL,perf.user.151.dev,perf.user.151.dev,perf.user.151.dev@nbc.ca,EN,firm_client_accounts,perf.user.151.dev,nbcsuper,ProxyH,,,ManageOrders_V1.17,TRUE,"KLNC-KLNC, QBAA-QB99","compass_r2,firm_client_accounts,orders_module,orders_upload,questionnaire_applications,soma_servicing,paper_upload_menu,gic_management_menu,statements_menu,tax_documents_menu,trade_confirmations_menu,mf_orders_upload",
NICOL,perf.user.152.dev,perf.user.152.dev,perf.user.152.dev@nbc.ca,EN,firm_client_accounts,perf.user.152.dev,nbcsuper,ProxyH,,,ManageOrders_V1.17,TRUE,"KLNC-KLNC, QBAA-QB99","compass_r2,firm_client_accounts,orders_module,orders_upload,questionnaire_applications,soma_servicing,paper_upload_menu,gic_management_menu,statements_menu,tax_documents_menu,trade_confirmations_menu,mf_orders_upload",
NICOL,perf.user.153.dev,perf.user.153.dev,perf.user.153.dev@nbc.ca,EN,firm_client_accounts,perf.user.153.dev,nbcsuper,ProxyH,,,ManageOrders_V1.17,TRUE,"KLNC-KLNC, QBAA-QB99","compass_r2,firm_client_accounts,orders_module,orders_upload,questionnaire_applications,soma_servicing,paper_upload_menu,gic_management_menu,statements_menu,tax_documents_menu,trade_confirmations_menu,mf_orders_upload",
NICOL,perf.user.154.dev,perf.user.154.dev,perf.user.154.dev@nbc.ca,EN,firm_client_accounts,perf.user.154.dev,nbcsuper,ProxyH,,,ManageOrders_V1.17,TRUE,"KLNC-KLNC, QBAA-QB99","compass_r2,firm_client_accounts,orders_module,orders_upload,questionnaire_applications,soma_servicing,paper_upload_menu,gic_management_menu,statements_menu,tax_documents_menu,trade_confirmations_menu,mf_orders_upload",
NICOL,perf.user.155.dev,perf.user.155.dev,perf.user.155.dev@nbc.ca,EN,firm_client_accounts,perf.user.155.dev,nbcsuper,ProxyH,,,ManageOrders_V1.17,TRUE,"KLNC-KLNC, QBAA-QB99","compass_r2,firm_client_accounts,orders_module,orders_upload,questionnaire_applications,soma_servicing,paper_upload_menu,gic_management_menu,statements_menu,tax_documents_menu,trade_confirmations_menu,mf_orders_upload",
NICOL,perf.user.156.dev,perf.user.156.dev,perf.user.156.dev@nbc.ca,EN,firm_client_accounts,perf.user.156.dev,nbcsuper,ProxyH,,,ManageOrders_V1.17,TRUE,"KLNC-KLNC, QBAA-QB99","compass_r2,firm_client_accounts,orders_module,orders_upload,questionnaire_applications,soma_servicing,paper_upload_menu,gic_management_menu,statements_menu,tax_documents_menu,trade_confirmations_menu,mf_orders_upload",
NICOL,perf.user.157.dev,perf.user.157.dev,perf.user.157.dev@nbc.ca,EN,firm_client_accounts,perf.user.157.dev,nbcsuper,ProxyH,,,ManageOrders_V1.17,TRUE,"KLNC-KLNC, QBAA-QB99","compass_r2,firm_client_accounts,orders_module,orders_upload,questionnaire_applications,soma_servicing,paper_upload_menu,gic_management_menu,statements_menu,tax_documents_menu,trade_confirmations_menu,mf_orders_upload",
NICOL,perf.user.158.dev,perf.user.158.dev,perf.user.158.dev@nbc.ca,EN,firm_client_accounts,perf.user.158.dev,nbcsuper,ProxyH,,,ManageOrders_V1.17,TRUE,"KLNC-KLNC, QBAA-QB99","compass_r2,firm_client_accounts,orders_module,orders_upload,questionnaire_applications,soma_servicing,paper_upload_menu,gic_management_menu,statements_menu,tax_documents_menu,trade_confirmations_menu,mf_orders_upload",
NICOL,perf.user.159.dev,perf.user.159.dev,perf.user.159.dev@nbc.ca,EN,firm_client_accounts,perf.user.159.dev,nbcsuper,ProxyH,,,ManageOrders_V1.17,TRUE,"KLNC-KLNC, QBAA-QB99","compass_r2,firm_client_accounts,orders_module,orders_upload,questionnaire_applications,soma_servicing,paper_upload_menu,gic_management_menu,statements_menu,tax_documents_menu,trade_confirmations_menu,mf_orders_upload",
NICOL,perf.user.16,perf.user.16,perf.user.16@nbc.ca,EN,firm_client_accounts,perf.user.16,nbcsuper,ProxyH,,,ManageOrders_V1.17,TRUE,"KLNC-KLNC, QBAA-QB99","compass_r2,firm_client_accounts,orders_module,orders_upload,questionnaire_applications,soma_servicing,paper_upload_menu,gic_management_menu,statements_menu,tax_documents_menu,trade_confirmations_menu,mf_orders_upload",
NICOL,perf.user.160.dev,perf.user.160.dev,perf.user.160.dev@nbc.ca,EN,firm_client_accounts,perf.user.160.dev,nbcsuper,ProxyH,,,ManageOrders_V1.17,TRUE,"KLNC-KLNC, QBAA-QB99","compass_r2,firm_client_accounts,orders_module,orders_upload,questionnaire_applications,soma_servicing,paper_upload_menu,gic_management_menu,statements_menu,tax_documents_menu,trade_confirmations_menu,mf_orders_upload",
NICOL,perf.user.161.dev,perf.user.161.dev,perf.user.161.dev@nbc.ca,EN,firm_client_accounts,perf.user.161.dev,nbcsuper,ProxyH,,,ManageOrders_V1.17,TRUE,"KLNC-KLNC, QBAA-QB99","compass_r2,firm_client_accounts,orders_module,orders_upload,questionnaire_applications,soma_servicing,paper_upload_menu,gic_management_menu,statements_menu,tax_documents_menu,trade_confirmations_menu,mf_orders_upload",
NICOL,perf.user.162.dev,perf.user.162.dev,perf.user.162.dev@nbc.ca,EN,firm_client_accounts,perf.user.162.dev,nbcsuper,ProxyH,,,ManageOrders_V1.17,TRUE,"KLNC-KLNC, QBAA-QB99","compass_r2,firm_client_accounts,orders_module,orders_upload,questionnaire_applications,soma_servicing,paper_upload_menu,gic_management_menu,statements_menu,tax_documents_menu,trade_confirmations_menu,mf_orders_upload",
NICOL,perf.user.163.dev,perf.user.163.dev,perf.user.163.dev@nbc.ca,EN,firm_client_accounts,perf.user.163.dev,nbcsuper,ProxyH,,,ManageOrders_V1.17,TRUE,"KLNC-KLNC, QBAA-QB99","compass_r2,firm_client_accounts,orders_module,orders_upload,questionnaire_applications,soma_servicing,paper_upload_menu,gic_management_menu,statements_menu,tax_documents_menu,trade_confirmations_menu,mf_orders_upload",
NICOL,perf.user.164.dev,perf.user.164.dev,perf.user.164.dev@nbc.ca,EN,firm_client_accounts,perf.user.164.dev,nbcsuper,ProxyH,,,ManageOrders_V1.17,TRUE,"KLNC-KLNC, QBAA-QB99","compass_r2,firm_client_accounts,orders_module,orders_upload,questionnaire_applications,soma_servicing,paper_upload_menu,gic_management_menu,statements_menu,tax_documents_menu,trade_confirmations_menu,mf_orders_upload",
NICOL,perf.user.165.dev,perf.user.165.dev,perf.user.165.dev@nbc.ca,EN,firm_client_accounts,perf.user.165.dev,nbcsuper,ProxyH,,,ManageOrders_V1.17,TRUE,"KLNC-KLNC, QBAA-QB99","compass_r2,firm_client_accounts,orders_module,orders_upload,questionnaire_applications,soma_servicing,paper_upload_menu,gic_management_menu,statements_menu,tax_documents_menu,trade_confirmations_menu,mf_orders_upload",
NICOL,perf.user.166.dev,perf.user.166.dev,perf.user.166.dev@nbc.ca,EN,firm_client_accounts,perf.user.166.dev,nbcsuper,ProxyH,,,ManageOrders_V1.17,TRUE,"KLNC-KLNC, QBAA-QB99","compass_r2,firm_client_accounts,orders_module,orders_upload,questionnaire_applications,soma_servicing,paper_upload_menu,gic_management_menu,statements_menu,tax_documents_menu,trade_confirmations_menu,mf_orders_upload",
NICOL,perf.user.167.dev,perf.user.167.dev,perf.user.167.dev@nbc.ca,EN,firm_client_accounts,perf.user.167.dev,nbcsuper,ProxyH,,,ManageOrders_V1.17,TRUE,"KLNC-KLNC, QBAA-QB99","compass_r2,firm_client_accounts,orders_module,orders_upload,questionnaire_applications,soma_servicing,paper_upload_menu,gic_management_menu,statements_menu,tax_documents_menu,trade_confirmations_menu,mf_orders_upload",
NICOL,perf.user.168.dev,perf.user.168.dev,perf.user.168.dev@nbc.ca,EN,firm_client_accounts,perf.user.168.dev,nbcsuper,ProxyH,,,ManageOrders_V1.17,TRUE,"KLNC-KLNC, QBAA-QB99","compass_r2,firm_client_accounts,orders_module,orders_upload,questionnaire_applications,soma_servicing,paper_upload_menu,gic_management_menu,statements_menu,tax_documents_menu,trade_confirmations_menu,mf_orders_upload",
NICOL,perf.user.169.dev,perf.user.169.dev,perf.user.169.dev@nbc.ca,EN,firm_client_accounts,perf.user.169.dev,nbcsuper,ProxyH,,,ManageOrders_V1.17,TRUE,"KLNC-KLNC, QBAA-QB99","compass_r2,firm_client_accounts,orders_module,orders_upload,questionnaire_applications,soma_servicing,paper_upload_menu,gic_management_menu,statements_menu,tax_documents_menu,trade_confirmations_menu,mf_orders_upload",
NICOL,perf.user.17,perf.user.17,perf.user.17@nbc.ca,EN,firm_client_accounts,perf.user.17,nbcsuper,ProxyH,,,ManageOrders_V1.17,TRUE,"KLNC-KLNC, QBAA-QB99","compass_r2,firm_client_accounts,orders_module,orders_upload,questionnaire_applications,soma_servicing,paper_upload_menu,gic_management_menu,statements_menu,tax_documents_menu,trade_confirmations_menu,mf_orders_upload",
NICOL,perf.user.170.dev,perf.user.170.dev,perf.user.170.dev@nbc.ca,EN,firm_client_accounts,perf.user.170.dev,nbcsuper,ProxyH,,,ManageOrders_V1.17,TRUE,"KLNC-KLNC, QBAA-QB99","compass_r2,firm_client_accounts,orders_module,orders_upload,questionnaire_applications,soma_servicing,paper_upload_menu,gic_management_menu,statements_menu,tax_documents_menu,trade_confirmations_menu,mf_orders_upload",
NICOL,perf.user.171.dev,perf.user.171.dev,perf.user.171.dev@nbc.ca,EN,firm_client_accounts,perf.user.171.dev,nbcsuper,ProxyH,,,ManageOrders_V1.17,TRUE,"KLNC-KLNC, QBAA-QB99","compass_r2,firm_client_accounts,orders_module,orders_upload,questionnaire_applications,soma_servicing,paper_upload_menu,gic_management_menu,statements_menu,tax_documents_menu,trade_confirmations_menu,mf_orders_upload",
NICOL,perf.user.172.dev,perf.user.172.dev,perf.user.172.dev@nbc.ca,EN,firm_client_accounts,perf.user.172.dev,nbcsuper,ProxyH,,,ManageOrders_V1.17,TRUE,"KLNC-KLNC, QBAA-QB99","compass_r2,firm_client_accounts,orders_module,orders_upload,questionnaire_applications,soma_servicing,paper_upload_menu,gic_management_menu,statements_menu,tax_documents_menu,trade_confirmations_menu,mf_orders_upload",
NICOL,perf.user.173.dev,perf.user.173.dev,perf.user.173.dev@nbc.ca,EN,firm_client_accounts,perf.user.173.dev,nbcsuper,ProxyH,,,ManageOrders_V1.17,TRUE,"KLNC-KLNC, QBAA-QB99","compass_r2,firm_client_accounts,orders_module,orders_upload,questionnaire_applications,soma_servicing,paper_upload_menu,gic_management_menu,statements_menu,tax_documents_menu,trade_confirmations_menu,mf_orders_upload",
NICOL,perf.user.174.dev,perf.user.174.dev,perf.user.174.dev@nbc.ca,EN,firm_client_accounts,perf.user.174.dev,nbcsuper,ProxyH,,,ManageOrders_V1.17,TRUE,"KLNC-KLNC, QBAA-QB99","compass_r2,firm_client_accounts,orders_module,orders_upload,questionnaire_applications,soma_servicing,paper_upload_menu,gic_management_menu,statements_menu,tax_documents_menu,trade_confirmations_menu,mf_orders_upload",
NICOL,perf.user.175.dev,perf.user.175.dev,perf.user.175.dev@nbc.ca,EN,firm_client_accounts,perf.user.175.dev,nbcsuper,ProxyH,,,ManageOrders_V1.17,TRUE,"KLNC-KLNC, QBAA-QB99","compass_r2,firm_client_accounts,orders_module,orders_upload,questionnaire_applications,soma_servicing,paper_upload_menu,gic_management_menu,statements_menu,tax_documents_menu,trade_confirmations_menu,mf_orders_upload",
NICOL,perf.user.176.dev,perf.user.176.dev,perf.user.176.dev@nbc.ca,EN,firm_client_accounts,perf.user.176.dev,nbcsuper,ProxyH,,,ManageOrders_V1.17,TRUE,"KLNC-KLNC, QBAA-QB99","compass_r2,firm_client_accounts,orders_module,orders_upload,questionnaire_applications,soma_servicing,paper_upload_menu,gic_management_menu,statements_menu,tax_documents_menu,trade_confirmations_menu,mf_orders_upload",
NICOL,perf.user.177.dev,perf.user.177.dev,perf.user.177.dev@nbc.ca,EN,firm_client_accounts,perf.user.177.dev,nbcsuper,ProxyH,,,ManageOrders_V1.17,TRUE,"KLNC-KLNC, QBAA-QB99","compass_r2,firm_client_accounts,orders_module,orders_upload,questionnaire_applications,soma_servicing,paper_upload_menu,gic_management_menu,statements_menu,tax_documents_menu,trade_confirmations_menu,mf_orders_upload",
NICOL,perf.user.178.dev,perf.user.178.dev,perf.user.178.dev@nbc.ca,EN,firm_client_accounts,perf.user.178.dev,nbcsuper,ProxyH,,,ManageOrders_V1.17,TRUE,"KLNC-KLNC, QBAA-QB99","compass_r2,firm_client_accounts,orders_module,orders_upload,questionnaire_applications,soma_servicing,paper_upload_menu,gic_management_menu,statements_menu,tax_documents_menu,trade_confirmations_menu,mf_orders_upload",
NICOL,perf.user.179.dev,perf.user.179.dev,perf.user.179.dev@nbc.ca,EN,firm_client_accounts,perf.user.179.dev,nbcsuper,ProxyH,,,ManageOrders_V1.17,TRUE,"KLNC-KLNC, QBAA-QB99","compass_r2,firm_client_accounts,orders_module,orders_upload,questionnaire_applications,soma_servicing,paper_upload_menu,gic_management_menu,statements_menu,tax_documents_menu,trade_confirmations_menu,mf_orders_upload",
NICOL,perf.user.18,perf.user.18,perf.user.18@nbc.ca,EN,firm_client_accounts,perf.user.18,nbcsuper,ProxyH,,,ManageOrders_V1.17,TRUE,"KLNC-KLNC, QBAA-QB99","compass_r2,firm_client_accounts,orders_module,orders_upload,questionnaire_applications,soma_servicing,paper_upload_menu,gic_management_menu,statements_menu,tax_documents_menu,trade_confirmations_menu,mf_orders_upload",
NICOL,perf.user.180.dev,perf.user.180.dev,perf.user.180.dev@nbc.ca,EN,firm_client_accounts,perf.user.180.dev,nbcsuper,ProxyH,,,ManageOrders_V1.17,TRUE,"KLNC-KLNC, QBAA-QB99","compass_r2,firm_client_accounts,orders_module,orders_upload,questionnaire_applications,soma_servicing,paper_upload_menu,gic_management_menu,statements_menu,tax_documents_menu,trade_confirmations_menu,mf_orders_upload",
NICOL,perf.user.181.dev,perf.user.181.dev,perf.user.181.dev@nbc.ca,EN,firm_client_accounts,perf.user.181.dev,nbcsuper,ProxyH,,,ManageOrders_V1.17,TRUE,"KLNC-KLNC, QBAA-QB99","compass_r2,firm_client_accounts,orders_module,orders_upload,questionnaire_applications,soma_servicing,paper_upload_menu,gic_management_menu,statements_menu,tax_documents_menu,trade_confirmations_menu,mf_orders_upload",
NICOL,perf.user.182.dev,perf.user.182.dev,perf.user.182.dev@nbc.ca,EN,firm_client_accounts,perf.user.182.dev,nbcsuper,ProxyH,,,ManageOrders_V1.17,TRUE,"KLNC-KLNC, QBAA-QB99","compass_r2,firm_client_accounts,orders_module,orders_upload,questionnaire_applications,soma_servicing,paper_upload_menu,gic_management_menu,statements_menu,tax_documents_menu,trade_confirmations_menu,mf_orders_upload",
NICOL,perf.user.183.dev,perf.user.183.dev,perf.user.183.dev@nbc.ca,EN,firm_client_accounts,perf.user.183.dev,nbcsuper,ProxyH,,,ManageOrders_V1.17,TRUE,"KLNC-KLNC, QBAA-QB99","compass_r2,firm_client_accounts,orders_module,orders_upload,questionnaire_applications,soma_servicing,paper_upload_menu,gic_management_menu,statements_menu,tax_documents_menu,trade_confirmations_menu,mf_orders_upload",
NICOL,perf.user.184.dev,perf.user.184.dev,perf.user.184.dev@nbc.ca,EN,firm_client_accounts,perf.user.184.dev,nbcsuper,ProxyH,,,ManageOrders_V1.17,TRUE,"KLNC-KLNC, QBAA-QB99","compass_r2,firm_client_accounts,orders_module,orders_upload,questionnaire_applications,soma_servicing,paper_upload_menu,gic_management_menu,statements_menu,tax_documents_menu,trade_confirmations_menu,mf_orders_upload",
NICOL,perf.user.185.dev,perf.user.185.dev,perf.user.185.dev@nbc.ca,EN,firm_client_accounts,perf.user.185.dev,nbcsuper,ProxyH,,,ManageOrders_V1.17,TRUE,"KLNC-KLNC, QBAA-QB99","compass_r2,firm_client_accounts,orders_module,orders_upload,questionnaire_applications,soma_servicing,paper_upload_menu,gic_management_menu,statements_menu,tax_documents_menu,trade_confirmations_menu,mf_orders_upload",
NICOL,perf.user.186.dev,perf.user.186.dev,perf.user.186.dev@nbc.ca,EN,firm_client_accounts,perf.user.186.dev,nbcsuper,ProxyH,,,ManageOrders_V1.17,TRUE,"KLNC-KLNC, QBAA-QB99","compass_r2,firm_client_accounts,orders_module,orders_upload,questionnaire_applications,soma_servicing,paper_upload_menu,gic_management_menu,statements_menu,tax_documents_menu,trade_confirmations_menu,mf_orders_upload",
NICOL,perf.user.187.dev,perf.user.187.dev,perf.user.187.dev@nbc.ca,EN,firm_client_accounts,perf.user.187.dev,nbcsuper,ProxyH,,,ManageOrders_V1.17,TRUE,"KLNC-KLNC, QBAA-QB99","compass_r2,firm_client_accounts,orders_module,orders_upload,questionnaire_applications,soma_servicing,paper_upload_menu,gic_management_menu,statements_menu,tax_documents_menu,trade_confirmations_menu,mf_orders_upload",
NICOL,perf.user.188.dev,perf.user.188.dev,perf.user.188.dev@nbc.ca,EN,firm_client_accounts,perf.user.188.dev,nbcsuper,ProxyH,,,ManageOrders_V1.17,TRUE,"KLNC-KLNC, QBAA-QB99","compass_r2,firm_client_accounts,orders_module,orders_upload,questionnaire_applications,soma_servicing,paper_upload_menu,gic_management_menu,statements_menu,tax_documents_menu,trade_confirmations_menu,mf_orders_upload",
NICOL,perf.user.189.dev,perf.user.189.dev,perf.user.189.dev@nbc.ca,EN,firm_client_accounts,perf.user.189.dev,nbcsuper,ProxyH,,,ManageOrders_V1.17,TRUE,"KLNC-KLNC, QBAA-QB99","compass_r2,firm_client_accounts,orders_module,orders_upload,questionnaire_applications,soma_servicing,paper_upload_menu,gic_management_menu,statements_menu,tax_documents_menu,trade_confirmations_menu,mf_orders_upload",
NICOL,perf.user.19,perf.user.19,perf.user.19@nbc.ca,EN,firm_client_accounts,perf.user.19,nbcsuper,ProxyH,,,ManageOrders_V1.17,TRUE,"KLNC-KLNC, QBAA-QB99","compass_r2,firm_client_accounts,orders_module,orders_upload,questionnaire_applications,soma_servicing,paper_upload_menu,gic_management_menu,statements_menu,tax_documents_menu,trade_confirmations_menu,mf_orders_upload",
NICOL,perf.user.190.dev,perf.user.190.dev,perf.user.190.dev@nbc.ca,EN,firm_client_accounts,perf.user.190.dev,nbcsuper,ProxyH,,,ManageOrders_V1.17,TRUE,"KLNC-KLNC, QBAA-QB99","compass_r2,firm_client_accounts,orders_module,orders_upload,questionnaire_applications,soma_servicing,paper_upload_menu,gic_management_menu,statements_menu,tax_documents_menu,trade_confirmations_menu,mf_orders_upload",
NICOL,perf.user.191.dev,perf.user.191.dev,perf.user.191.dev@nbc.ca,EN,firm_client_accounts,perf.user.191.dev,nbcsuper,ProxyH,,,ManageOrders_V1.17,TRUE,"KLNC-KLNC, QBAA-QB99","compass_r2,firm_client_accounts,orders_module,orders_upload,questionnaire_applications,soma_servicing,paper_upload_menu,gic_management_menu,statements_menu,tax_documents_menu,trade_confirmations_menu,mf_orders_upload",
NICOL,perf.user.192.dev,perf.user.192.dev,perf.user.192.dev@nbc.ca,EN,firm_client_accounts,perf.user.192.dev,nbcsuper,ProxyH,,,ManageOrders_V1.17,TRUE,"KLNC-KLNC, QBAA-QB99","compass_r2,firm_client_accounts,orders_module,orders_upload,questionnaire_applications,soma_servicing,paper_upload_menu,gic_management_menu,statements_menu,tax_documents_menu,trade_confirmations_menu,mf_orders_upload",
NICOL,perf.user.193.dev,perf.user.193.dev,perf.user.193.dev@nbc.ca,EN,firm_client_accounts,perf.user.193.dev,nbcsuper,ProxyH,,,ManageOrders_V1.17,TRUE,"KLNC-KLNC, QBAA-QB99","compass_r2,firm_client_accounts,orders_module,orders_upload,questionnaire_applications,soma_servicing,paper_upload_menu,gic_management_menu,statements_menu,tax_documents_menu,trade_confirmations_menu,mf_orders_upload",
NICOL,perf.user.194.dev,perf.user.194.dev,perf.user.194.dev@nbc.ca,EN,firm_client_accounts,perf.user.194.dev,nbcsuper,ProxyH,,,ManageOrders_V1.17,TRUE,"KLNC-KLNC, QBAA-QB99","compass_r2,firm_client_accounts,orders_module,orders_upload,questionnaire_applications,soma_servicing,paper_upload_menu,gic_management_menu,statements_menu,tax_documents_menu,trade_confirmations_menu,mf_orders_upload",
NICOL,perf.user.195.dev,perf.user.195.dev,perf.user.195.dev@nbc.ca,EN,firm_client_accounts,perf.user.195.dev,nbcsuper,ProxyH,,,ManageOrders_V1.17,TRUE,"KLNC-KLNC, QBAA-QB99","compass_r2,firm_client_accounts,orders_module,orders_upload,questionnaire_applications,soma_servicing,paper_upload_menu,gic_management_menu,statements_menu,tax_documents_menu,trade_confirmations_menu,mf_orders_upload",
NICOL,perf.user.196.dev,perf.user.196.dev,perf.user.196.dev@nbc.ca,EN,firm_client_accounts,perf.user.196.dev,nbcsuper,ProxyH,,,ManageOrders_V1.17,TRUE,"KLNC-KLNC, QBAA-QB99","compass_r2,firm_client_accounts,orders_module,orders_upload,questionnaire_applications,soma_servicing,paper_upload_menu,gic_management_menu,statements_menu,tax_documents_menu,trade_confirmations_menu,mf_orders_upload",
NICOL,perf.user.197.dev,perf.user.197.dev,perf.user.197.dev@nbc.ca,EN,firm_client_accounts,perf.user.197.dev,nbcsuper,ProxyH,,,ManageOrders_V1.17,TRUE,"KLNC-KLNC, QBAA-QB99","compass_r2,firm_client_accounts,orders_module,orders_upload,questionnaire_applications,soma_servicing,paper_upload_menu,gic_management_menu,statements_menu,tax_documents_menu,trade_confirmations_menu,mf_orders_upload",
NICOL,perf.user.198.dev,perf.user.198.dev,perf.user.198.dev@nbc.ca,EN,firm_client_accounts,perf.user.198.dev,nbcsuper,ProxyH,,,ManageOrders_V1.17,TRUE,"KLNC-KLNC, QBAA-QB99","compass_r2,firm_client_accounts,orders_module,orders_upload,questionnaire_applications,soma_servicing,paper_upload_menu,gic_management_menu,statements_menu,tax_documents_menu,trade_confirmations_menu,mf_orders_upload",
NICOL,perf.user.199.dev,perf.user.199.dev,perf.user.199.dev@nbc.ca,EN,firm_client_accounts,perf.user.199.dev,nbcsuper,ProxyH,,,ManageOrders_V1.17,TRUE,"KLNC-KLNC, QBAA-QB99","compass_r2,firm_client_accounts,orders_module,orders_upload,questionnaire_applications,soma_servicing,paper_upload_menu,gic_management_menu,statements_menu,tax_documents_menu,trade_confirmations_menu,mf_orders_upload",
NICOL,perf.user.2,perf.user.2,perf.user.2@nbc.ca,EN,firm_client_accounts,perf.user.2,nbcsuper,ProxyH,,,ManageOrders_V1.17,TRUE,"KLNC-KLNC, QBAA-QB99","compass_r2,firm_client_accounts,orders_module,orders_upload,questionnaire_applications,soma_servicing,paper_upload_menu,gic_management_menu,statements_menu,tax_documents_menu,trade_confirmations_menu,mf_orders_upload",
NICOL,perf.user.20,perf.user.20,perf.user.20@nbc.ca,EN,firm_client_accounts,perf.user.20,nbcsuper,ProxyH,,,ManageOrders_V1.17,TRUE,"KLNC-KLNC, QBAA-QB99","compass_r2,firm_client_accounts,orders_module,orders_upload,questionnaire_applications,soma_servicing,paper_upload_menu,gic_management_menu,statements_menu,tax_documents_menu,trade_confirmations_menu,mf_orders_upload",
NICOL,perf.user.200.dev,perf.user.200.dev,perf.user.200.dev@nbc.ca,EN,firm_client_accounts,perf.user.200.dev,nbcsuper,ProxyH,,,ManageOrders_V1.17,TRUE,"KLNC-KLNC, QBAA-QB99","compass_r2,firm_client_accounts,orders_module,orders_upload,questionnaire_applications,soma_servicing,paper_upload_menu,gic_management_menu,statements_menu,tax_documents_menu,trade_confirmations_menu,mf_orders_upload",
NICOL,perf.user.201.dev,perf.user.201.dev,perf.user.201.dev@nbc.ca,EN,firm_client_accounts,perf.user.201.dev,nbcsuper,ProxyH,,,ManageOrders_V1.17,TRUE,"KLNC-KLNC, QBAA-QB99","compass_r2,firm_client_accounts,orders_module,orders_upload,questionnaire_applications,soma_servicing,paper_upload_menu,gic_management_menu,statements_menu,tax_documents_menu,trade_confirmations_menu,mf_orders_upload",
NICOL,perf.user.202.dev,perf.user.202.dev,perf.user.202.dev@nbc.ca,EN,firm_client_accounts,perf.user.202.dev,nbcsuper,ProxyH,,,ManageOrders_V1.17,TRUE,"KLNC-KLNC, QBAA-QB99","compass_r2,firm_client_accounts,orders_module,orders_upload,questionnaire_applications,soma_servicing,paper_upload_menu,gic_management_menu,statements_menu,tax_documents_menu,trade_confirmations_menu,mf_orders_upload",
NICOL,perf.user.203.dev,perf.user.203.dev,perf.user.203.dev@nbc.ca,EN,firm_client_accounts,perf.user.203.dev,nbcsuper,ProxyH,,,ManageOrders_V1.17,TRUE,"KLNC-KLNC, QBAA-QB99","compass_r2,firm_client_accounts,orders_module,orders_upload,questionnaire_applications,soma_servicing,paper_upload_menu,gic_management_menu,statements_menu,tax_documents_menu,trade_confirmations_menu,mf_orders_upload",
NICOL,perf.user.204.dev,perf.user.204.dev,perf.user.204.dev@nbc.ca,EN,firm_client_accounts,perf.user.204.dev,nbcsuper,ProxyH,,,ManageOrders_V1.17,TRUE,"KLNC-KLNC, QBAA-QB99","compass_r2,firm_client_accounts,orders_module,orders_upload,questionnaire_applications,soma_servicing,paper_upload_menu,gic_management_menu,statements_menu,tax_documents_menu,trade_confirmations_menu,mf_orders_upload",
NICOL,perf.user.205.dev,perf.user.205.dev,perf.user.205.dev@nbc.ca,EN,firm_client_accounts,perf.user.205.dev,nbcsuper,ProxyH,,,ManageOrders_V1.17,TRUE,"KLNC-KLNC, QBAA-QB99","compass_r2,firm_client_accounts,orders_module,orders_upload,questionnaire_applications,soma_servicing,paper_upload_menu,gic_management_menu,statements_menu,tax_documents_menu,trade_confirmations_menu,mf_orders_upload",
NICOL,perf.user.206.dev,perf.user.206.dev,perf.user.206.dev@nbc.ca,EN,firm_client_accounts,perf.user.206.dev,nbcsuper,ProxyH,,,ManageOrders_V1.17,TRUE,"KLNC-KLNC, QBAA-QB99","compass_r2,firm_client_accounts,orders_module,orders_upload,questionnaire_applications,soma_servicing,paper_upload_menu,gic_management_menu,statements_menu,tax_documents_menu,trade_confirmations_menu,mf_orders_upload",
NICOL,perf.user.207.dev,perf.user.207.dev,perf.user.207.dev@nbc.ca,EN,firm_client_accounts,perf.user.207.dev,nbcsuper,ProxyH,,,ManageOrders_V1.17,TRUE,"KLNC-KLNC, QBAA-QB99","compass_r2,firm_client_accounts,orders_module,orders_upload,questionnaire_applications,soma_servicing,paper_upload_menu,gic_management_menu,statements_menu,tax_documents_menu,trade_confirmations_menu,mf_orders_upload",
NICOL,perf.user.208.dev,perf.user.208.dev,perf.user.208.dev@nbc.ca,EN,firm_client_accounts,perf.user.208.dev,nbcsuper,ProxyH,,,ManageOrders_V1.17,TRUE,"KLNC-KLNC, QBAA-QB99","compass_r2,firm_client_accounts,orders_module,orders_upload,questionnaire_applications,soma_servicing,paper_upload_menu,gic_management_menu,statements_menu,tax_documents_menu,trade_confirmations_menu,mf_orders_upload",
NICOL,perf.user.209.dev,perf.user.209.dev,perf.user.209.dev@nbc.ca,EN,firm_client_accounts,perf.user.209.dev,nbcsuper,ProxyH,,,ManageOrders_V1.17,TRUE,"KLNC-KLNC, QBAA-QB99","compass_r2,firm_client_accounts,orders_module,orders_upload,questionnaire_applications,soma_servicing,paper_upload_menu,gic_management_menu,statements_menu,tax_documents_menu,trade_confirmations_menu,mf_orders_upload",
NICOL,perf.user.210.dev,perf.user.210.dev,perf.user.210.dev@nbc.ca,EN,firm_client_accounts,perf.user.210.dev,nbcsuper,ProxyH,,,ManageOrders_V1.17,TRUE,"KLNC-KLNC, QBAA-QB99","compass_r2,firm_client_accounts,orders_module,orders_upload,questionnaire_applications,soma_servicing,paper_upload_menu,gic_management_menu,statements_menu,tax_documents_menu,trade_confirmations_menu,mf_orders_upload",
NICOL,perf.user.211.dev,perf.user.211.dev,perf.user.211.dev@nbc.ca,EN,firm_client_accounts,perf.user.211.dev,nbcsuper,ProxyH,,,ManageOrders_V1.17,TRUE,"KLNC-KLNC, QBAA-QB99","compass_r2,firm_client_accounts,orders_module,orders_upload,questionnaire_applications,soma_servicing,paper_upload_menu,gic_management_menu,statements_menu,tax_documents_menu,trade_confirmations_menu,mf_orders_upload",
NICOL,perf.user.212.dev,perf.user.212.dev,perf.user.212.dev@nbc.ca,EN,firm_client_accounts,perf.user.212.dev,nbcsuper,ProxyH,,,ManageOrders_V1.17,TRUE,"KLNC-KLNC, QBAA-QB99","compass_r2,firm_client_accounts,orders_module,orders_upload,questionnaire_applications,soma_servicing,paper_upload_menu,gic_management_menu,statements_menu,tax_documents_menu,trade_confirmations_menu,mf_orders_upload",
NICOL,perf.user.213.dev,perf.user.213.dev,perf.user.213.dev@nbc.ca,EN,firm_client_accounts,perf.user.213.dev,nbcsuper,ProxyH,,,ManageOrders_V1.17,TRUE,"KLNC-KLNC, QBAA-QB99","compass_r2,firm_client_accounts,orders_module,orders_upload,questionnaire_applications,soma_servicing,paper_upload_menu,gic_management_menu,statements_menu,tax_documents_menu,trade_confirmations_menu,mf_orders_upload",
NICOL,perf.user.214.dev,perf.user.214.dev,perf.user.214.dev@nbc.ca,EN,firm_client_accounts,perf.user.214.dev,nbcsuper,ProxyH,,,ManageOrders_V1.17,TRUE,"KLNC-KLNC, QBAA-QB99","compass_r2,firm_client_accounts,orders_module,orders_upload,questionnaire_applications,soma_servicing,paper_upload_menu,gic_management_menu,statements_menu,tax_documents_menu,trade_confirmations_menu,mf_orders_upload",
NICOL,perf.user.215.dev,perf.user.215.dev,perf.user.215.dev@nbc.ca,EN,firm_client_accounts,perf.user.215.dev,nbcsuper,ProxyH,,,ManageOrders_V1.17,TRUE,"KLNC-KLNC, QBAA-QB99","compass_r2,firm_client_accounts,orders_module,orders_upload,questionnaire_applications,soma_servicing,paper_upload_menu,gic_management_menu,statements_menu,tax_documents_menu,trade_confirmations_menu,mf_orders_upload",
NICOL,perf.user.216.dev,perf.user.216.dev,perf.user.216.dev@nbc.ca,EN,firm_client_accounts,perf.user.216.dev,nbcsuper,ProxyH,,,ManageOrders_V1.17,TRUE,"KLNC-KLNC, QBAA-QB99","compass_r2,firm_client_accounts,orders_module,orders_upload,questionnaire_applications,soma_servicing,paper_upload_menu,gic_management_menu,statements_menu,tax_documents_menu,trade_confirmations_menu,mf_orders_upload",
NICOL,perf.user.217.dev,perf.user.217.dev,perf.user.217.dev@nbc.ca,EN,firm_client_accounts,perf.user.217.dev,nbcsuper,ProxyH,,,ManageOrders_V1.17,TRUE,"KLNC-KLNC, QBAA-QB99","compass_r2,firm_client_accounts,orders_module,orders_upload,questionnaire_applications,soma_servicing,paper_upload_menu,gic_management_menu,statements_menu,tax_documents_menu,trade_confirmations_menu,mf_orders_upload",
NICOL,perf.user.218.dev,perf.user.218.dev,perf.user.218.dev@nbc.ca,EN,firm_client_accounts,perf.user.218.dev,nbcsuper,ProxyH,,,ManageOrders_V1.17,TRUE,"KLNC-KLNC, QBAA-QB99","compass_r2,firm_client_accounts,orders_module,orders_upload,questionnaire_applications,soma_servicing,paper_upload_menu,gic_management_menu,statements_menu,tax_documents_menu,trade_confirmations_menu,mf_orders_upload",
NICOL,perf.user.219.dev,perf.user.219.dev,perf.user.219.dev@nbc.ca,EN,firm_client_accounts,perf.user.219.dev,nbcsuper,ProxyH,,,ManageOrders_V1.17,TRUE,"KLNC-KLNC, QBAA-QB99","compass_r2,firm_client_accounts,orders_module,orders_upload,questionnaire_applications,soma_servicing,paper_upload_menu,gic_management_menu,statements_menu,tax_documents_menu,trade_confirmations_menu,mf_orders_upload",
NICOL,perf.user.21.dev,perf.user.21.dev,perf.user.21.dev@nbc.ca,EN,firm_client_accounts,perf.user.21.dev,nbcsuper,ProxyH,,,ManageOrders_V1.17,TRUE,"KLNC-KLNC, QBAA-QB99","compass_r2,firm_client_accounts,orders_module,orders_upload,questionnaire_applications,soma_servicing,paper_upload_menu,gic_management_menu,statements_menu,tax_documents_menu,trade_confirmations_menu,mf_orders_upload",
NICOL,perf.user.220.dev,perf.user.220.dev,perf.user.220.dev@nbc.ca,EN,firm_client_accounts,perf.user.220.dev,nbcsuper,ProxyH,,,ManageOrders_V1.17,TRUE,"KLNC-KLNC, QBAA-QB99","compass_r2,firm_client_accounts,orders_module,orders_upload,questionnaire_applications,soma_servicing,paper_upload_menu,gic_management_menu,statements_menu,tax_documents_menu,trade_confirmations_menu,mf_orders_upload",
NICOL,perf.user.221.dev,perf.user.221.dev,perf.user.221.dev@nbc.ca,EN,firm_client_accounts,perf.user.221.dev,nbcsuper,ProxyH,,,ManageOrders_V1.17,TRUE,"KLNC-KLNC, QBAA-QB99","compass_r2,firm_client_accounts,orders_module,orders_upload,questionnaire_applications,soma_servicing,paper_upload_menu,gic_management_menu,statements_menu,tax_documents_menu,trade_confirmations_menu,mf_orders_upload",
NICOL,perf.user.222.dev,perf.user.222.dev,perf.user.222.dev@nbc.ca,EN,firm_client_accounts,perf.user.222.dev,nbcsuper,ProxyH,,,ManageOrders_V1.17,TRUE,"KLNC-KLNC, QBAA-QB99","compass_r2,firm_client_accounts,orders_module,orders_upload,questionnaire_applications,soma_servicing,paper_upload_menu,gic_management_menu,statements_menu,tax_documents_menu,trade_confirmations_menu,mf_orders_upload",
NICOL,perf.user.223.dev,perf.user.223.dev,perf.user.223.dev@nbc.ca,EN,firm_client_accounts,perf.user.223.dev,nbcsuper,ProxyH,,,ManageOrders_V1.17,TRUE,"KLNC-KLNC, QBAA-QB99","compass_r2,firm_client_accounts,orders_module,orders_upload,questionnaire_applications,soma_servicing,paper_upload_menu,gic_management_menu,statements_menu,tax_documents_menu,trade_confirmations_menu,mf_orders_upload",
NICOL,perf.user.224.dev,perf.user.224.dev,perf.user.224.dev@nbc.ca,EN,firm_client_accounts,perf.user.224.dev,nbcsuper,ProxyH,,,ManageOrders_V1.17,TRUE,"KLNC-KLNC, QBAA-QB99","compass_r2,firm_client_accounts,orders_module,orders_upload,questionnaire_applications,soma_servicing,paper_upload_menu,gic_management_menu,statements_menu,tax_documents_menu,trade_confirmations_menu,mf_orders_upload",
NICOL,perf.user.225.dev,perf.user.225.dev,perf.user.225.dev@nbc.ca,EN,firm_client_accounts,perf.user.225.dev,nbcsuper,ProxyH,,,ManageOrders_V1.17,TRUE,"KLNC-KLNC, QBAA-QB99","compass_r2,firm_client_accounts,orders_module,orders_upload,questionnaire_applications,soma_servicing,paper_upload_menu,gic_management_menu,statements_menu,tax_documents_menu,trade_confirmations_menu,mf_orders_upload",
NICOL,perf.user.226.dev,perf.user.226.dev,perf.user.226.dev@nbc.ca,EN,firm_client_accounts,perf.user.226.dev,nbcsuper,ProxyH,,,ManageOrders_V1.17,TRUE,"KLNC-KLNC, QBAA-QB99","compass_r2,firm_client_accounts,orders_module,orders_upload,questionnaire_applications,soma_servicing,paper_upload_menu,gic_management_menu,statements_menu,tax_documents_menu,trade_confirmations_menu,mf_orders_upload",
NICOL,perf.user.227.dev,perf.user.227.dev,perf.user.227.dev@nbc.ca,EN,firm_client_accounts,perf.user.227.dev,nbcsuper,ProxyH,,,ManageOrders_V1.17,TRUE,"KLNC-KLNC, QBAA-QB99","compass_r2,firm_client_accounts,orders_module,orders_upload,questionnaire_applications,soma_servicing,paper_upload_menu,gic_management_menu,statements_menu,tax_documents_menu,trade_confirmations_menu,mf_orders_upload",
NICOL,perf.user.228.dev,perf.user.228.dev,perf.user.228.dev@nbc.ca,EN,firm_client_accounts,perf.user.228.dev,nbcsuper,ProxyH,,,ManageOrders_V1.17,TRUE,"KLNC-KLNC, QBAA-QB99","compass_r2,firm_client_accounts,orders_module,orders_upload,questionnaire_applications,soma_servicing,paper_upload_menu,gic_management_menu,statements_menu,tax_documents_menu,trade_confirmations_menu,mf_orders_upload",
NICOL,perf.user.229.dev,perf.user.229.dev,perf.user.229.dev@nbc.ca,EN,firm_client_accounts,perf.user.229.dev,nbcsuper,ProxyH,,,ManageOrders_V1.17,TRUE,"KLNC-KLNC, QBAA-QB99","compass_r2,firm_client_accounts,orders_module,orders_upload,questionnaire_applications,soma_servicing,paper_upload_menu,gic_management_menu,statements_menu,tax_documents_menu,trade_confirmations_menu,mf_orders_upload",
NICOL,perf.user.22.dev,perf.user.22.dev,perf.user.22.dev@nbc.ca,EN,firm_client_accounts,perf.user.22.dev,nbcsuper,ProxyH,,,ManageOrders_V1.17,TRUE,"KLNC-KLNC, QBAA-QB99","compass_r2,firm_client_accounts,orders_module,orders_upload,questionnaire_applications,soma_servicing,paper_upload_menu,gic_management_menu,statements_menu,tax_documents_menu,trade_confirmations_menu,mf_orders_upload",
NICOL,perf.user.230.dev,perf.user.230.dev,perf.user.230.dev@nbc.ca,EN,firm_client_accounts,perf.user.230.dev,nbcsuper,ProxyH,,,ManageOrders_V1.17,TRUE,"KLNC-KLNC, QBAA-QB99","compass_r2,firm_client_accounts,orders_module,orders_upload,questionnaire_applications,soma_servicing,paper_upload_menu,gic_management_menu,statements_menu,tax_documents_menu,trade_confirmations_menu,mf_orders_upload",
NICOL,perf.user.231.dev,perf.user.231.dev,perf.user.231.dev@nbc.ca,EN,firm_client_accounts,perf.user.231.dev,nbcsuper,ProxyH,,,ManageOrders_V1.17,TRUE,"KLNC-KLNC, QBAA-QB99","compass_r2,firm_client_accounts,orders_module,orders_upload,questionnaire_applications,soma_servicing,paper_upload_menu,gic_management_menu,statements_menu,tax_documents_menu,trade_confirmations_menu,mf_orders_upload",
NICOL,perf.user.232.dev,perf.user.232.dev,perf.user.232.dev@nbc.ca,EN,firm_client_accounts,perf.user.232.dev,nbcsuper,ProxyH,,,ManageOrders_V1.17,TRUE,"KLNC-KLNC, QBAA-QB99","compass_r2,firm_client_accounts,orders_module,orders_upload,questionnaire_applications,soma_servicing,paper_upload_menu,gic_management_menu,statements_menu,tax_documents_menu,trade_confirmations_menu,mf_orders_upload",
NICOL,perf.user.233.dev,perf.user.233.dev,perf.user.233.dev@nbc.ca,EN,firm_client_accounts,perf.user.233.dev,nbcsuper,ProxyH,,,ManageOrders_V1.17,TRUE,"KLNC-KLNC, QBAA-QB99","compass_r2,firm_client_accounts,orders_module,orders_upload,questionnaire_applications,soma_servicing,paper_upload_menu,gic_management_menu,statements_menu,tax_documents_menu,trade_confirmations_menu,mf_orders_upload",
NICOL,perf.user.234.dev,perf.user.234.dev,perf.user.234.dev@nbc.ca,EN,firm_client_accounts,perf.user.234.dev,nbcsuper,ProxyH,,,ManageOrders_V1.17,TRUE,"KLNC-KLNC, QBAA-QB99","compass_r2,firm_client_accounts,orders_module,orders_upload,questionnaire_applications,soma_servicing,paper_upload_menu,gic_management_menu,statements_menu,tax_documents_menu,trade_confirmations_menu,mf_orders_upload",
NICOL,perf.user.235.dev,perf.user.235.dev,perf.user.235.dev@nbc.ca,EN,firm_client_accounts,perf.user.235.dev,nbcsuper,ProxyH,,,ManageOrders_V1.17,TRUE,"KLNC-KLNC, QBAA-QB99","compass_r2,firm_client_accounts,orders_module,orders_upload,questionnaire_applications,soma_servicing,paper_upload_menu,gic_management_menu,statements_menu,tax_documents_menu,trade_confirmations_menu,mf_orders_upload",
NICOL,perf.user.236.dev,perf.user.236.dev,perf.user.236.dev@nbc.ca,EN,firm_client_accounts,perf.user.236.dev,nbcsuper,ProxyH,,,ManageOrders_V1.17,TRUE,"KLNC-KLNC, QBAA-QB99","compass_r2,firm_client_accounts,orders_module,orders_upload,questionnaire_applications,soma_servicing,paper_upload_menu,gic_management_menu,statements_menu,tax_documents_menu,trade_confirmations_menu,mf_orders_upload",
NICOL,perf.user.237.dev,perf.user.237.dev,perf.user.237.dev@nbc.ca,EN,firm_client_accounts,perf.user.237.dev,nbcsuper,ProxyH,,,ManageOrders_V1.17,TRUE,"KLNC-KLNC, QBAA-QB99","compass_r2,firm_client_accounts,orders_module,orders_upload,questionnaire_applications,soma_servicing,paper_upload_menu,gic_management_menu,statements_menu,tax_documents_menu,trade_confirmations_menu,mf_orders_upload",
NICOL,perf.user.238.dev,perf.user.238.dev,perf.user.238.dev@nbc.ca,EN,firm_client_accounts,perf.user.238.dev,nbcsuper,ProxyH,,,ManageOrders_V1.17,TRUE,"KLNC-KLNC, QBAA-QB99","compass_r2,firm_client_accounts,orders_module,orders_upload,questionnaire_applications,soma_servicing,paper_upload_menu,gic_management_menu,statements_menu,tax_documents_menu,trade_confirmations_menu,mf_orders_upload",
NICOL,perf.user.239.dev,perf.user.239.dev,perf.user.239.dev@nbc.ca,EN,firm_client_accounts,perf.user.239.dev,nbcsuper,ProxyH,,,ManageOrders_V1.17,TRUE,"KLNC-KLNC, QBAA-QB99","compass_r2,firm_client_accounts,orders_module,orders_upload,questionnaire_applications,soma_servicing,paper_upload_menu,gic_management_menu,statements_menu,tax_documents_menu,trade_confirmations_menu,mf_orders_upload",
NICOL,perf.user.23.dev,perf.user.23.dev,perf.user.23.dev@nbc.ca,EN,firm_client_accounts,perf.user.23.dev,nbcsuper,ProxyH,,,ManageOrders_V1.17,TRUE,"KLNC-KLNC, QBAA-QB99","compass_r2,firm_client_accounts,orders_module,orders_upload,questionnaire_applications,soma_servicing,paper_upload_menu,gic_management_menu,statements_menu,tax_documents_menu,trade_confirmations_menu,mf_orders_upload",
NICOL,perf.user.240.dev,perf.user.240.dev,perf.user.240.dev@nbc.ca,EN,firm_client_accounts,perf.user.240.dev,nbcsuper,ProxyH,,,ManageOrders_V1.17,TRUE,"KLNC-KLNC, QBAA-QB99","compass_r2,firm_client_accounts,orders_module,orders_upload,questionnaire_applications,soma_servicing,paper_upload_menu,gic_management_menu,statements_menu,tax_documents_menu,trade_confirmations_menu,mf_orders_upload",
NICOL,perf.user.241.dev,perf.user.241.dev,perf.user.241.dev@nbc.ca,EN,firm_client_accounts,perf.user.241.dev,nbcsuper,ProxyH,,,ManageOrders_V1.17,TRUE,"KLNC-KLNC, QBAA-QB99","compass_r2,firm_client_accounts,orders_module,orders_upload,questionnaire_applications,soma_servicing,paper_upload_menu,gic_management_menu,statements_menu,tax_documents_menu,trade_confirmations_menu,mf_orders_upload",
NICOL,perf.user.242.dev,perf.user.242.dev,perf.user.242.dev@nbc.ca,EN,firm_client_accounts,perf.user.242.dev,nbcsuper,ProxyH,,,ManageOrders_V1.17,TRUE,"KLNC-KLNC, QBAA-QB99","compass_r2,firm_client_accounts,orders_module,orders_upload,questionnaire_applications,soma_servicing,paper_upload_menu,gic_management_menu,statements_menu,tax_documents_menu,trade_confirmations_menu,mf_orders_upload",
NICOL,perf.user.243.dev,perf.user.243.dev,perf.user.243.dev@nbc.ca,EN,firm_client_accounts,perf.user.243.dev,nbcsuper,ProxyH,,,ManageOrders_V1.17,TRUE,"KLNC-KLNC, QBAA-QB99","compass_r2,firm_client_accounts,orders_module,orders_upload,questionnaire_applications,soma_servicing,paper_upload_menu,gic_management_menu,statements_menu,tax_documents_menu,trade_confirmations_menu,mf_orders_upload",
NICOL,perf.user.244.dev,perf.user.244.dev,perf.user.244.dev@nbc.ca,EN,firm_client_accounts,perf.user.244.dev,nbcsuper,ProxyH,,,ManageOrders_V1.17,TRUE,"KLNC-KLNC, QBAA-QB99","compass_r2,firm_client_accounts,orders_module,orders_upload,questionnaire_applications,soma_servicing,paper_upload_menu,gic_management_menu,statements_menu,tax_documents_menu,trade_confirmations_menu,mf_orders_upload",
NICOL,perf.user.245.dev,perf.user.245.dev,perf.user.245.dev@nbc.ca,EN,firm_client_accounts,perf.user.245.dev,nbcsuper,ProxyH,,,ManageOrders_V1.17,TRUE,"KLNC-KLNC, QBAA-QB99","compass_r2,firm_client_accounts,orders_module,orders_upload,questionnaire_applications,soma_servicing,paper_upload_menu,gic_management_menu,statements_menu,tax_documents_menu,trade_confirmations_menu,mf_orders_upload",
NICOL,perf.user.246.dev,perf.user.246.dev,perf.user.246.dev@nbc.ca,EN,firm_client_accounts,perf.user.246.dev,nbcsuper,ProxyH,,,ManageOrders_V1.17,TRUE,"KLNC-KLNC, QBAA-QB99","compass_r2,firm_client_accounts,orders_module,orders_upload,questionnaire_applications,soma_servicing,paper_upload_menu,gic_management_menu,statements_menu,tax_documents_menu,trade_confirmations_menu,mf_orders_upload",
NICOL,perf.user.247.dev,perf.user.247.dev,perf.user.247.dev@nbc.ca,EN,firm_client_accounts,perf.user.247.dev,nbcsuper,ProxyH,,,ManageOrders_V1.17,TRUE,"KLNC-KLNC, QBAA-QB99","compass_r2,firm_client_accounts,orders_module,orders_upload,questionnaire_applications,soma_servicing,paper_upload_menu,gic_management_menu,statements_menu,tax_documents_menu,trade_confirmations_menu,mf_orders_upload",
NICOL,perf.user.248.dev,perf.user.248.dev,perf.user.248.dev@nbc.ca,EN,firm_client_accounts,perf.user.248.dev,nbcsuper,ProxyH,,,ManageOrders_V1.17,TRUE,"KLNC-KLNC, QBAA-QB99","compass_r2,firm_client_accounts,orders_module,orders_upload,questionnaire_applications,soma_servicing,paper_upload_menu,gic_management_menu,statements_menu,tax_documents_menu,trade_confirmations_menu,mf_orders_upload",
NICOL,perf.user.249.dev,perf.user.249.dev,perf.user.249.dev@nbc.ca,EN,firm_client_accounts,perf.user.249.dev,nbcsuper,ProxyH,,,ManageOrders_V1.17,TRUE,"KLNC-KLNC, QBAA-QB99","compass_r2,firm_client_accounts,orders_module,orders_upload,questionnaire_applications,soma_servicing,paper_upload_menu,gic_management_menu,statements_menu,tax_documents_menu,trade_confirmations_menu,mf_orders_upload",
NICOL,perf.user.24.dev,perf.user.24.dev,perf.user.24.dev@nbc.ca,EN,firm_client_accounts,perf.user.24.dev,nbcsuper,ProxyH,,,ManageOrders_V1.17,TRUE,"KLNC-KLNC, QBAA-QB99","compass_r2,firm_client_accounts,orders_module,orders_upload,questionnaire_applications,soma_servicing,paper_upload_menu,gic_management_menu,statements_menu,tax_documents_menu,trade_confirmations_menu,mf_orders_upload",
NICOL,perf.user.250.dev,perf.user.250.dev,perf.user.250.dev@nbc.ca,EN,firm_client_accounts,perf.user.250.dev,nbcsuper,ProxyH,,,ManageOrders_V1.17,TRUE,"KLNC-KLNC, QBAA-QB99","compass_r2,firm_client_accounts,orders_module,orders_upload,questionnaire_applications,soma_servicing,paper_upload_menu,gic_management_menu,statements_menu,tax_documents_menu,trade_confirmations_menu,mf_orders_upload",
NICOL,perf.user.25.dev,perf.user.25.dev,perf.user.25.dev@nbc.ca,EN,firm_client_accounts,perf.user.25.dev,nbcsuper,ProxyH,,,ManageOrders_V1.17,TRUE,"KLNC-KLNC, QBAA-QB99","compass_r2,firm_client_accounts,orders_module,orders_upload,questionnaire_applications,soma_servicing,paper_upload_menu,gic_management_menu,statements_menu,tax_documents_menu,trade_confirmations_menu,mf_orders_upload",
NICOL,perf.user.26.dev,perf.user.26.dev,perf.user.26.dev@nbc.ca,EN,firm_client_accounts,perf.user.26.dev,nbcsuper,ProxyH,,,ManageOrders_V1.17,TRUE,"KLNC-KLNC, QBAA-QB99","compass_r2,firm_client_accounts,orders_module,orders_upload,questionnaire_applications,soma_servicing,paper_upload_menu,gic_management_menu,statements_menu,tax_documents_menu,trade_confirmations_menu,mf_orders_upload",
NICOL,perf.user.27.dev,perf.user.27.dev,perf.user.27.dev@nbc.ca,EN,firm_client_accounts,perf.user.27.dev,nbcsuper,ProxyH,,,ManageOrders_V1.17,TRUE,"KLNC-KLNC, QBAA-QB99","compass_r2,firm_client_accounts,orders_module,orders_upload,questionnaire_applications,soma_servicing,paper_upload_menu,gic_management_menu,statements_menu,tax_documents_menu,trade_confirmations_menu,mf_orders_upload",
NICOL,perf.user.28.dev,perf.user.28.dev,perf.user.28.dev@nbc.ca,EN,firm_client_accounts,perf.user.28.dev,nbcsuper,ProxyH,,,ManageOrders_V1.17,TRUE,"KLNC-KLNC, QBAA-QB99","compass_r2,firm_client_accounts,orders_module,orders_upload,questionnaire_applications,soma_servicing,paper_upload_menu,gic_management_menu,statements_menu,tax_documents_menu,trade_confirmations_menu,mf_orders_upload",
NICOL,perf.user.29.dev,perf.user.29.dev,perf.user.29.dev@nbc.ca,EN,firm_client_accounts,perf.user.29.dev,nbcsuper,ProxyH,,,ManageOrders_V1.17,TRUE,"KLNC-KLNC, QBAA-QB99","compass_r2,firm_client_accounts,orders_module,orders_upload,questionnaire_applications,soma_servicing,paper_upload_menu,gic_management_menu,statements_menu,tax_documents_menu,trade_confirmations_menu,mf_orders_upload",
NICOL,perf.user.3,perf.user.3,perf.user.3@nbc.ca,EN,firm_client_accounts,perf.user.3,nbcsuper,ProxyH,,,ManageOrders_V1.17,TRUE,"KLNC-KLNC, QBAA-QB99","compass_r2,firm_client_accounts,orders_module,orders_upload,questionnaire_applications,soma_servicing,paper_upload_menu,gic_management_menu,statements_menu,tax_documents_menu,trade_confirmations_menu,mf_orders_upload",
NICOL,perf.user.30.dev,perf.user.30.dev,perf.user.30.dev@nbc.ca,EN,firm_client_accounts,perf.user.30.dev,nbcsuper,ProxyH,,,ManageOrders_V1.17,TRUE,"KLNC-KLNC, QBAA-QB99","compass_r2,firm_client_accounts,orders_module,orders_upload,questionnaire_applications,soma_servicing,paper_upload_menu,gic_management_menu,statements_menu,tax_documents_menu,trade_confirmations_menu,mf_orders_upload",
NICOL,perf.user.31.dev,perf.user.31.dev,perf.user.31.dev@nbc.ca,EN,firm_client_accounts,perf.user.31.dev,nbcsuper,ProxyH,,,ManageOrders_V1.17,TRUE,"KLNC-KLNC, QBAA-QB99","compass_r2,firm_client_accounts,orders_module,orders_upload,questionnaire_applications,soma_servicing,paper_upload_menu,gic_management_menu,statements_menu,tax_documents_menu,trade_confirmations_menu,mf_orders_upload",
NICOL,perf.user.32.dev,perf.user.32.dev,perf.user.32.dev@nbc.ca,EN,firm_client_accounts,perf.user.32.dev,nbcsuper,ProxyH,,,ManageOrders_V1.17,TRUE,"KLNC-KLNC, QBAA-QB99","compass_r2,firm_client_accounts,orders_module,orders_upload,questionnaire_applications,soma_servicing,paper_upload_menu,gic_management_menu,statements_menu,tax_documents_menu,trade_confirmations_menu,mf_orders_upload",
NICOL,perf.user.33.dev,perf.user.33.dev,perf.user.33.dev@nbc.ca,EN,firm_client_accounts,perf.user.33.dev,nbcsuper,ProxyH,,,ManageOrders_V1.17,TRUE,"KLNC-KLNC, QBAA-QB99","compass_r2,firm_client_accounts,orders_module,orders_upload,questionnaire_applications,soma_servicing,paper_upload_menu,gic_management_menu,statements_menu,tax_documents_menu,trade_confirmations_menu,mf_orders_upload",
NICOL,perf.user.34.dev,perf.user.34.dev,perf.user.34.dev@nbc.ca,EN,firm_client_accounts,perf.user.34.dev,nbcsuper,ProxyH,,,ManageOrders_V1.17,TRUE,"KLNC-KLNC, QBAA-QB99","compass_r2,firm_client_accounts,orders_module,orders_upload,questionnaire_applications,soma_servicing,paper_upload_menu,gic_management_menu,statements_menu,tax_documents_menu,trade_confirmations_menu,mf_orders_upload",
NICOL,perf.user.35.dev,perf.user.35.dev,perf.user.35.dev@nbc.ca,EN,firm_client_accounts,perf.user.35.dev,nbcsuper,ProxyH,,,ManageOrders_V1.17,TRUE,"KLNC-KLNC, QBAA-QB99","compass_r2,firm_client_accounts,orders_module,orders_upload,questionnaire_applications,soma_servicing,paper_upload_menu,gic_management_menu,statements_menu,tax_documents_menu,trade_confirmations_menu,mf_orders_upload",
NICOL,perf.user.36.dev,perf.user.36.dev,perf.user.36.dev@nbc.ca,EN,firm_client_accounts,perf.user.36.dev,nbcsuper,ProxyH,,,ManageOrders_V1.17,TRUE,"KLNC-KLNC, QBAA-QB99","compass_r2,firm_client_accounts,orders_module,orders_upload,questionnaire_applications,soma_servicing,paper_upload_menu,gic_management_menu,statements_menu,tax_documents_menu,trade_confirmations_menu,mf_orders_upload",
NICOL,perf.user.37.dev,perf.user.37.dev,perf.user.37.dev@nbc.ca,EN,firm_client_accounts,perf.user.37.dev,nbcsuper,ProxyH,,,ManageOrders_V1.17,TRUE,"KLNC-KLNC, QBAA-QB99","compass_r2,firm_client_accounts,orders_module,orders_upload,questionnaire_applications,soma_servicing,paper_upload_menu,gic_management_menu,statements_menu,tax_documents_menu,trade_confirmations_menu,mf_orders_upload",
NICOL,perf.user.38.dev,perf.user.38.dev,perf.user.38.dev@nbc.ca,EN,firm_client_accounts,perf.user.38.dev,nbcsuper,ProxyH,,,ManageOrders_V1.17,TRUE,"KLNC-KLNC, QBAA-QB99","compass_r2,firm_client_accounts,orders_module,orders_upload,questionnaire_applications,soma_servicing,paper_upload_menu,gic_management_menu,statements_menu,tax_documents_menu,trade_confirmations_menu,mf_orders_upload",
NICOL,perf.user.39.dev,perf.user.39.dev,perf.user.39.dev@nbc.ca,EN,firm_client_accounts,perf.user.39.dev,nbcsuper,ProxyH,,,ManageOrders_V1.17,TRUE,"KLNC-KLNC, QBAA-QB99","compass_r2,firm_client_accounts,orders_module,orders_upload,questionnaire_applications,soma_servicing,paper_upload_menu,gic_management_menu,statements_menu,tax_documents_menu,trade_confirmations_menu,mf_orders_upload",
NICOL,perf.user.4,perf.user.4,perf.user.4@nbc.ca,EN,firm_client_accounts,perf.user.4,nbcsuper,ProxyH,,,ManageOrders_V1.17,TRUE,"KLNC-KLNC, QBAA-QB99","compass_r2,firm_client_accounts,orders_module,orders_upload,questionnaire_applications,soma_servicing,paper_upload_menu,gic_management_menu,statements_menu,tax_documents_menu,trade_confirmations_menu,mf_orders_upload",
NICOL,perf.user.400,perf.user.400,perf.user.400@nbc.ca,EN,firm_client_accounts,perf.user.400,nbcsuper,ProxyH,accesscontrol55.qa,,ManageServiceRequests_V1.17,TRUE,"KLNC-KLNC, QBAA-QB99","paper_upload_menu,statements_menu,tax_documents_menu,trade_confirmations_menu",
NICOL,perf.user.40.dev,perf.user.40.dev,perf.user.40.dev@nbc.ca,EN,firm_client_accounts,perf.user.40.dev,nbcsuper,ProxyH,,,ManageOrders_V1.17,TRUE,"KLNC-KLNC, QBAA-QB99","compass_r2,firm_client_accounts,orders_module,orders_upload,questionnaire_applications,soma_servicing,paper_upload_menu,gic_management_menu,statements_menu,tax_documents_menu,trade_confirmations_menu,mf_orders_upload",
NICOL,perf.user.41.dev,perf.user.41.dev,perf.user.41.dev@nbc.ca,EN,firm_client_accounts,perf.user.41.dev,nbcsuper,ProxyH,,,ManageOrders_V1.17,TRUE,"KLNC-KLNC, QBAA-QB99","compass_r2,firm_client_accounts,orders_module,orders_upload,questionnaire_applications,soma_servicing,paper_upload_menu,gic_management_menu,statements_menu,tax_documents_menu,trade_confirmations_menu,mf_orders_upload",
NICOL,perf.user.42.dev,perf.user.42.dev,perf.user.42.dev@nbc.ca,EN,firm_client_accounts,perf.user.42.dev,nbcsuper,ProxyH,,,ManageOrders_V1.17,TRUE,"KLNC-KLNC, QBAA-QB99","compass_r2,firm_client_accounts,orders_module,orders_upload,questionnaire_applications,soma_servicing,paper_upload_menu,gic_management_menu,statements_menu,tax_documents_menu,trade_confirmations_menu,mf_orders_upload",
NICOL,perf.user.43.dev,perf.user.43.dev,perf.user.43.dev@nbc.ca,EN,firm_client_accounts,perf.user.43.dev,nbcsuper,ProxyH,,,ManageOrders_V1.17,TRUE,"KLNC-KLNC, QBAA-QB99","compass_r2,firm_client_accounts,orders_module,orders_upload,questionnaire_applications,soma_servicing,paper_upload_menu,gic_management_menu,statements_menu,tax_documents_menu,trade_confirmations_menu,mf_orders_upload",
NICOL,perf.user.44.dev,perf.user.44.dev,perf.user.44.dev@nbc.ca,EN,firm_client_accounts,perf.user.44.dev,nbcsuper,ProxyH,,,ManageOrders_V1.17,TRUE,"KLNC-KLNC, QBAA-QB99","compass_r2,firm_client_accounts,orders_module,orders_upload,questionnaire_applications,soma_servicing,paper_upload_menu,gic_management_menu,statements_menu,tax_documents_menu,trade_confirmations_menu,mf_orders_upload",
NICOL,perf.user.45.dev,perf.user.45.dev,perf.user.45.dev@nbc.ca,EN,firm_client_accounts,perf.user.45.dev,nbcsuper,ProxyH,,,ManageOrders_V1.17,TRUE,"KLNC-KLNC, QBAA-QB99","compass_r2,firm_client_accounts,orders_module,orders_upload,questionnaire_applications,soma_servicing,paper_upload_menu,gic_management_menu,statements_menu,tax_documents_menu,trade_confirmations_menu,mf_orders_upload",
NICOL,perf.user.46.dev,perf.user.46.dev,perf.user.46.dev@nbc.ca,EN,firm_client_accounts,perf.user.46.dev,nbcsuper,ProxyH,,,ManageOrders_V1.17,TRUE,"KLNC-KLNC, QBAA-QB99","compass_r2,firm_client_accounts,orders_module,orders_upload,questionnaire_applications,soma_servicing,paper_upload_menu,gic_management_menu,statements_menu,tax_documents_menu,trade_confirmations_menu,mf_orders_upload",
NICOL,perf.user.47.dev,perf.user.47.dev,perf.user.47.dev@nbc.ca,EN,firm_client_accounts,perf.user.47.dev,nbcsuper,ProxyH,,,ManageOrders_V1.17,TRUE,"KLNC-KLNC, QBAA-QB99","compass_r2,firm_client_accounts,orders_module,orders_upload,questionnaire_applications,soma_servicing,paper_upload_menu,gic_management_menu,statements_menu,tax_documents_menu,trade_confirmations_menu,mf_orders_upload",
NICOL,perf.user.48.dev,perf.user.48.dev,perf.user.48.dev@nbc.ca,EN,firm_client_accounts,perf.user.48.dev,nbcsuper,ProxyH,,,ManageOrders_V1.17,TRUE,"KLNC-KLNC, QBAA-QB99","compass_r2,firm_client_accounts,orders_module,orders_upload,questionnaire_applications,soma_servicing,paper_upload_menu,gic_management_menu,statements_menu,tax_documents_menu,trade_confirmations_menu,mf_orders_upload",
NICOL,perf.user.49.dev,perf.user.49.dev,perf.user.49.dev@nbc.ca,EN,firm_client_accounts,perf.user.49.dev,nbcsuper,ProxyH,,,ManageOrders_V1.17,TRUE,"KLNC-KLNC, QBAA-QB99","compass_r2,firm_client_accounts,orders_module,orders_upload,questionnaire_applications,soma_servicing,paper_upload_menu,gic_management_menu,statements_menu,tax_documents_menu,trade_confirmations_menu,mf_orders_upload",
NICOL,perf.user.5,perf.user.5,perf.user.5@nbc.ca,EN,firm_client_accounts,perf.user.5,nbcsuper,ProxyH,,,ManageOrders_V1.17,TRUE,"KLNC-KLNC, QBAA-QB99","compass_r2,firm_client_accounts,orders_module,orders_upload,questionnaire_applications,soma_servicing,paper_upload_menu,gic_management_menu,statements_menu,tax_documents_menu,trade_confirmations_menu,mf_orders_upload",
NICOL,perf.user.50.dev,perf.user.50.dev,perf.user.50.dev@nbc.ca,EN,firm_client_accounts,perf.user.50.dev,nbcsuper,ProxyH,,,ManageOrders_V1.17,TRUE,"KLNC-KLNC, QBAA-QB99","compass_r2,firm_client_accounts,orders_module,orders_upload,questionnaire_applications,soma_servicing,paper_upload_menu,gic_management_menu,statements_menu,tax_documents_menu,trade_confirmations_menu,mf_orders_upload",
NICOL,perf.user.51.dev,perf.user.51.dev,perf.user.51.dev@nbc.ca,EN,firm_client_accounts,perf.user.51.dev,nbcsuper,ProxyH,,,ManageOrders_V1.17,TRUE,"KLNC-KLNC, QBAA-QB99","compass_r2,firm_client_accounts,orders_module,orders_upload,questionnaire_applications,soma_servicing,paper_upload_menu,gic_management_menu,statements_menu,tax_documents_menu,trade_confirmations_menu,mf_orders_upload",
NICOL,perf.user.52.dev,perf.user.52.dev,perf.user.52.dev@nbc.ca,EN,firm_client_accounts,perf.user.52.dev,nbcsuper,ProxyH,,,ManageOrders_V1.17,TRUE,"KLNC-KLNC, QBAA-QB99","compass_r2,firm_client_accounts,orders_module,orders_upload,questionnaire_applications,soma_servicing,paper_upload_menu,gic_management_menu,statements_menu,tax_documents_menu,trade_confirmations_menu,mf_orders_upload",
NICOL,perf.user.53.dev,perf.user.53.dev,perf.user.53.dev@nbc.ca,EN,firm_client_accounts,perf.user.53.dev,nbcsuper,ProxyH,,,ManageOrders_V1.17,TRUE,"KLNC-KLNC, QBAA-QB99","compass_r2,firm_client_accounts,orders_module,orders_upload,questionnaire_applications,soma_servicing,paper_upload_menu,gic_management_menu,statements_menu,tax_documents_menu,trade_confirmations_menu,mf_orders_upload",
NICOL,perf.user.54.dev,perf.user.54.dev,perf.user.54.dev@nbc.ca,EN,firm_client_accounts,perf.user.54.dev,nbcsuper,ProxyH,,,ManageOrders_V1.17,TRUE,"KLNC-KLNC, QBAA-QB99","compass_r2,firm_client_accounts,orders_module,orders_upload,questionnaire_applications,soma_servicing,paper_upload_menu,gic_management_menu,statements_menu,tax_documents_menu,trade_confirmations_menu,mf_orders_upload",
NICOL,perf.user.55.dev,perf.user.55.dev,perf.user.55.dev@nbc.ca,EN,firm_client_accounts,perf.user.55.dev,nbcsuper,ProxyH,,,ManageOrders_V1.17,TRUE,"KLNC-KLNC, QBAA-QB99","compass_r2,firm_client_accounts,orders_module,orders_upload,questionnaire_applications,soma_servicing,paper_upload_menu,gic_management_menu,statements_menu,tax_documents_menu,trade_confirmations_menu,mf_orders_upload",
NICOL,perf.user.56.dev,perf.user.56.dev,perf.user.56.dev@nbc.ca,EN,firm_client_accounts,perf.user.56.dev,nbcsuper,ProxyH,,,ManageOrders_V1.17,TRUE,"KLNC-KLNC, QBAA-QB99","compass_r2,firm_client_accounts,orders_module,orders_upload,questionnaire_applications,soma_servicing,paper_upload_menu,gic_management_menu,statements_menu,tax_documents_menu,trade_confirmations_menu,mf_orders_upload",
NICOL,perf.user.57.dev,perf.user.57.dev,perf.user.57.dev@nbc.ca,EN,firm_client_accounts,perf.user.57.dev,nbcsuper,ProxyH,,,ManageOrders_V1.17,TRUE,"KLNC-KLNC, QBAA-QB99","compass_r2,firm_client_accounts,orders_module,orders_upload,questionnaire_applications,soma_servicing,paper_upload_menu,gic_management_menu,statements_menu,tax_documents_menu,trade_confirmations_menu,mf_orders_upload",
NICOL,perf.user.58.dev,perf.user.58.dev,perf.user.58.dev@nbc.ca,EN,firm_client_accounts,perf.user.58.dev,nbcsuper,ProxyH,,,ManageOrders_V1.17,TRUE,"KLNC-KLNC, QBAA-QB99","compass_r2,firm_client_accounts,orders_module,orders_upload,questionnaire_applications,soma_servicing,paper_upload_menu,gic_management_menu,statements_menu,tax_documents_menu,trade_confirmations_menu,mf_orders_upload",
NICOL,perf.user.59.dev,perf.user.59.dev,perf.user.59.dev@nbc.ca,EN,firm_client_accounts,perf.user.59.dev,nbcsuper,ProxyH,,,ManageOrders_V1.17,TRUE,"KLNC-KLNC, QBAA-QB99","compass_r2,firm_client_accounts,orders_module,orders_upload,questionnaire_applications,soma_servicing,paper_upload_menu,gic_management_menu,statements_menu,tax_documents_menu,trade_confirmations_menu,mf_orders_upload",
NICOL,perf.user.6,perf.user.6,perf.user.6@nbc.ca,EN,firm_client_accounts,perf.user.6,nbcsuper,ProxyH,,,ManageOrders_V1.17,TRUE,"KLNC-KLNC, QBAA-QB99","compass_r2,firm_client_accounts,orders_module,orders_upload,questionnaire_applications,soma_servicing,paper_upload_menu,gic_management_menu,statements_menu,tax_documents_menu,trade_confirmations_menu,mf_orders_upload",
NICOL,perf.user.60.dev,perf.user.60.dev,perf.user.60.dev@nbc.ca,EN,firm_client_accounts,perf.user.60.dev,nbcsuper,ProxyH,,,ManageOrders_V1.17,TRUE,"KLNC-KLNC, QBAA-QB99","compass_r2,firm_client_accounts,orders_module,orders_upload,questionnaire_applications,soma_servicing,paper_upload_menu,gic_management_menu,statements_menu,tax_documents_menu,trade_confirmations_menu,mf_orders_upload",
NICOL,perf.user.61.dev,perf.user.61.dev,perf.user.61.dev@nbc.ca,EN,firm_client_accounts,perf.user.61.dev,nbcsuper,ProxyH,,,ManageOrders_V1.17,TRUE,"KLNC-KLNC, QBAA-QB99","compass_r2,firm_client_accounts,orders_module,orders_upload,questionnaire_applications,soma_servicing,paper_upload_menu,gic_management_menu,statements_menu,tax_documents_menu,trade_confirmations_menu,mf_orders_upload",
NICOL,perf.user.62.dev,perf.user.62.dev,perf.user.62.dev@nbc.ca,EN,firm_client_accounts,perf.user.62.dev,nbcsuper,ProxyH,,,ManageOrders_V1.17,TRUE,"KLNC-KLNC, QBAA-QB99","compass_r2,firm_client_accounts,orders_module,orders_upload,questionnaire_applications,soma_servicing,paper_upload_menu,gic_management_menu,statements_menu,tax_documents_menu,trade_confirmations_menu,mf_orders_upload",
NICOL,perf.user.63.dev,perf.user.63.dev,perf.user.63.dev@nbc.ca,EN,firm_client_accounts,perf.user.63.dev,nbcsuper,ProxyH,,,ManageOrders_V1.17,TRUE,"KLNC-KLNC, QBAA-QB99","compass_r2,firm_client_accounts,orders_module,orders_upload,questionnaire_applications,soma_servicing,paper_upload_menu,gic_management_menu,statements_menu,tax_documents_menu,trade_confirmations_menu,mf_orders_upload",
NICOL,perf.user.64.dev,perf.user.64.dev,perf.user.64.dev@nbc.ca,EN,firm_client_accounts,perf.user.64.dev,nbcsuper,ProxyH,,,ManageOrders_V1.17,TRUE,"KLNC-KLNC, QBAA-QB99","compass_r2,firm_client_accounts,orders_module,orders_upload,questionnaire_applications,soma_servicing,paper_upload_menu,gic_management_menu,statements_menu,tax_documents_menu,trade_confirmations_menu,mf_orders_upload",
NICOL,perf.user.65.dev,perf.user.65.dev,perf.user.65.dev@nbc.ca,EN,firm_client_accounts,perf.user.65.dev,nbcsuper,ProxyH,,,ManageOrders_V1.17,TRUE,"KLNC-KLNC, QBAA-QB99","compass_r2,firm_client_accounts,orders_module,orders_upload,questionnaire_applications,soma_servicing,paper_upload_menu,gic_management_menu,statements_menu,tax_documents_menu,trade_confirmations_menu,mf_orders_upload",
NICOL,perf.user.66.dev,perf.user.66.dev,perf.user.66.dev@nbc.ca,EN,firm_client_accounts,perf.user.66.dev,nbcsuper,ProxyH,,,ManageOrders_V1.17,TRUE,"KLNC-KLNC, QBAA-QB99","compass_r2,firm_client_accounts,orders_module,orders_upload,questionnaire_applications,soma_servicing,paper_upload_menu,gic_management_menu,statements_menu,tax_documents_menu,trade_confirmations_menu,mf_orders_upload",
NICOL,perf.user.67.dev,perf.user.67.dev,perf.user.67.dev@nbc.ca,EN,firm_client_accounts,perf.user.67.dev,nbcsuper,ProxyH,,,ManageOrders_V1.17,TRUE,"KLNC-KLNC, QBAA-QB99","compass_r2,firm_client_accounts,orders_module,orders_upload,questionnaire_applications,soma_servicing,paper_upload_menu,gic_management_menu,statements_menu,tax_documents_menu,trade_confirmations_menu,mf_orders_upload",
NICOL,perf.user.68.dev,perf.user.68.dev,perf.user.68.dev@nbc.ca,EN,firm_client_accounts,perf.user.68.dev,nbcsuper,ProxyH,,,ManageOrders_V1.17,TRUE,"KLNC-KLNC, QBAA-QB99","compass_r2,firm_client_accounts,orders_module,orders_upload,questionnaire_applications,soma_servicing,paper_upload_menu,gic_management_menu,statements_menu,tax_documents_menu,trade_confirmations_menu,mf_orders_upload",
NICOL,perf.user.69.dev,perf.user.69.dev,perf.user.69.dev@nbc.ca,EN,firm_client_accounts,perf.user.69.dev,nbcsuper,ProxyH,,,ManageOrders_V1.17,TRUE,"KLNC-KLNC, QBAA-QB99","compass_r2,firm_client_accounts,orders_module,orders_upload,questionnaire_applications,soma_servicing,paper_upload_menu,gic_management_menu,statements_menu,tax_documents_menu,trade_confirmations_menu,mf_orders_upload",
NICOL,perf.user.7,perf.user.7,perf.user.7@nbc.ca,EN,firm_client_accounts,perf.user.7,nbcsuper,ProxyH,,,ManageOrders_V1.17,TRUE,"KLNC-KLNC, QBAA-QB99","compass_r2,firm_client_accounts,orders_module,orders_upload,questionnaire_applications,soma_servicing,paper_upload_menu,gic_management_menu,statements_menu,tax_documents_menu,trade_confirmations_menu,mf_orders_upload",
NICOL,perf.user.70.dev,perf.user.70.dev,perf.user.70.dev@nbc.ca,EN,firm_client_accounts,perf.user.70.dev,nbcsuper,ProxyH,,,ManageOrders_V1.17,TRUE,"KLNC-KLNC, QBAA-QB99","compass_r2,firm_client_accounts,orders_module,orders_upload,questionnaire_applications,soma_servicing,paper_upload_menu,gic_management_menu,statements_menu,tax_documents_menu,trade_confirmations_menu,mf_orders_upload",
NICOL,perf.user.71.dev,perf.user.71.dev,perf.user.71.dev@nbc.ca,EN,firm_client_accounts,perf.user.71.dev,nbcsuper,ProxyH,,,ManageOrders_V1.17,TRUE,"KLNC-KLNC, QBAA-QB99","compass_r2,firm_client_accounts,orders_module,orders_upload,questionnaire_applications,soma_servicing,paper_upload_menu,gic_management_menu,statements_menu,tax_documents_menu,trade_confirmations_menu,mf_orders_upload",
NICOL,perf.user.72.dev,perf.user.72.dev,perf.user.72.dev@nbc.ca,EN,firm_client_accounts,perf.user.72.dev,nbcsuper,ProxyH,,,ManageOrders_V1.17,TRUE,"KLNC-KLNC, QBAA-QB99","compass_r2,firm_client_accounts,orders_module,orders_upload,questionnaire_applications,soma_servicing,paper_upload_menu,gic_management_menu,statements_menu,tax_documents_menu,trade_confirmations_menu,mf_orders_upload",
NICOL,perf.user.73.dev,perf.user.73.dev,perf.user.73.dev@nbc.ca,EN,firm_client_accounts,perf.user.73.dev,nbcsuper,ProxyH,,,ManageOrders_V1.17,TRUE,"KLNC-KLNC, QBAA-QB99","compass_r2,firm_client_accounts,orders_module,orders_upload,questionnaire_applications,soma_servicing,paper_upload_menu,gic_management_menu,statements_menu,tax_documents_menu,trade_confirmations_menu,mf_orders_upload",
NICOL,perf.user.74.dev,perf.user.74.dev,perf.user.74.dev@nbc.ca,EN,firm_client_accounts,perf.user.74.dev,nbcsuper,ProxyH,,,ManageOrders_V1.17,TRUE,"KLNC-KLNC, QBAA-QB99","compass_r2,firm_client_accounts,orders_module,orders_upload,questionnaire_applications,soma_servicing,paper_upload_menu,gic_management_menu,statements_menu,tax_documents_menu,trade_confirmations_menu,mf_orders_upload",
NICOL,perf.user.75.dev,perf.user.75.dev,perf.user.75.dev@nbc.ca,EN,firm_client_accounts,perf.user.75.dev,nbcsuper,ProxyH,,,ManageOrders_V1.17,TRUE,"KLNC-KLNC, QBAA-QB99","compass_r2,firm_client_accounts,orders_module,orders_upload,questionnaire_applications,soma_servicing,paper_upload_menu,gic_management_menu,statements_menu,tax_documents_menu,trade_confirmations_menu,mf_orders_upload",
NICOL,perf.user.76.dev,perf.user.76.dev,perf.user.76.dev@nbc.ca,EN,firm_client_accounts,perf.user.76.dev,nbcsuper,ProxyH,,,ManageOrders_V1.17,TRUE,"KLNC-KLNC, QBAA-QB99","compass_r2,firm_client_accounts,orders_module,orders_upload,questionnaire_applications,soma_servicing,paper_upload_menu,gic_management_menu,statements_menu,tax_documents_menu,trade_confirmations_menu,mf_orders_upload",
NICOL,perf.user.77.dev,perf.user.77.dev,perf.user.77.dev@nbc.ca,EN,firm_client_accounts,perf.user.77.dev,nbcsuper,ProxyH,,,ManageOrders_V1.17,TRUE,"KLNC-KLNC, QBAA-QB99","compass_r2,firm_client_accounts,orders_module,orders_upload,questionnaire_applications,soma_servicing,paper_upload_menu,gic_management_menu,statements_menu,tax_documents_menu,trade_confirmations_menu,mf_orders_upload",
NICOL,perf.user.78.dev,perf.user.78.dev,perf.user.78.dev@nbc.ca,EN,firm_client_accounts,perf.user.78.dev,nbcsuper,ProxyH,,,ManageOrders_V1.17,TRUE,"KLNC-KLNC, QBAA-QB99","compass_r2,firm_client_accounts,orders_module,orders_upload,questionnaire_applications,soma_servicing,paper_upload_menu,gic_management_menu,statements_menu,tax_documents_menu,trade_confirmations_menu,mf_orders_upload",
NICOL,perf.user.79.dev,perf.user.79.dev,perf.user.79.dev@nbc.ca,EN,firm_client_accounts,perf.user.79.dev,nbcsuper,ProxyH,,,ManageOrders_V1.17,TRUE,"KLNC-KLNC, QBAA-QB99","compass_r2,firm_client_accounts,orders_module,orders_upload,questionnaire_applications,soma_servicing,paper_upload_menu,gic_management_menu,statements_menu,tax_documents_menu,trade_confirmations_menu,mf_orders_upload",
NICOL,perf.user.8,perf.user.8,perf.user.8@nbc.ca,EN,firm_client_accounts,perf.user.8,nbcsuper,ProxyH,,,ManageOrders_V1.17,TRUE,"KLNC-KLNC, QBAA-QB99","compass_r2,firm_client_accounts,orders_module,orders_upload,questionnaire_applications,soma_servicing,paper_upload_menu,gic_management_menu,statements_menu,tax_documents_menu,trade_confirmations_menu,mf_orders_upload",
NICOL,perf.user.80.dev,perf.user.80.dev,perf.user.80.dev@nbc.ca,EN,firm_client_accounts,perf.user.80.dev,nbcsuper,ProxyH,,,ManageOrders_V1.17,TRUE,"KLNC-KLNC, QBAA-QB99","compass_r2,firm_client_accounts,orders_module,orders_upload,questionnaire_applications,soma_servicing,paper_upload_menu,gic_management_menu,statements_menu,tax_documents_menu,trade_confirmations_menu,mf_orders_upload",
NICOL,perf.user.81.dev,perf.user.81.dev,perf.user.81.dev@nbc.ca,EN,firm_client_accounts,perf.user.81.dev,nbcsuper,ProxyH,,,ManageOrders_V1.17,TRUE,"KLNC-KLNC, QBAA-QB99","compass_r2,firm_client_accounts,orders_module,orders_upload,questionnaire_applications,soma_servicing,paper_upload_menu,gic_management_menu,statements_menu,tax_documents_menu,trade_confirmations_menu,mf_orders_upload",
NICOL,perf.user.82.dev,perf.user.82.dev,perf.user.82.dev@nbc.ca,EN,firm_client_accounts,perf.user.82.dev,nbcsuper,ProxyH,,,ManageOrders_V1.17,TRUE,"KLNC-KLNC, QBAA-QB99","compass_r2,firm_client_accounts,orders_module,orders_upload,questionnaire_applications,soma_servicing,paper_upload_menu,gic_management_menu,statements_menu,tax_documents_menu,trade_confirmations_menu,mf_orders_upload",
NICOL,perf.user.83.dev,perf.user.83.dev,perf.user.83.dev@nbc.ca,EN,firm_client_accounts,perf.user.83.dev,nbcsuper,ProxyH,,,ManageOrders_V1.17,TRUE,"KLNC-KLNC, QBAA-QB99","compass_r2,firm_client_accounts,orders_module,orders_upload,questionnaire_applications,soma_servicing,paper_upload_menu,gic_management_menu,statements_menu,tax_documents_menu,trade_confirmations_menu,mf_orders_upload",
NICOL,perf.user.84.dev,perf.user.84.dev,perf.user.84.dev@nbc.ca,EN,firm_client_accounts,perf.user.84.dev,nbcsuper,ProxyH,,,ManageOrders_V1.17,TRUE,"KLNC-KLNC, QBAA-QB99","compass_r2,firm_client_accounts,orders_module,orders_upload,questionnaire_applications,soma_servicing,paper_upload_menu,gic_management_menu,statements_menu,tax_documents_menu,trade_confirmations_menu,mf_orders_upload",
NICOL,perf.user.85.dev,perf.user.85.dev,perf.user.85.dev@nbc.ca,EN,firm_client_accounts,perf.user.85.dev,nbcsuper,ProxyH,,,ManageOrders_V1.17,TRUE,"KLNC-KLNC, QBAA-QB99","compass_r2,firm_client_accounts,orders_module,orders_upload,questionnaire_applications,soma_servicing,paper_upload_menu,gic_management_menu,statements_menu,tax_documents_menu,trade_confirmations_menu,mf_orders_upload",
NICOL,perf.user.86.dev,perf.user.86.dev,perf.user.86.dev@nbc.ca,EN,firm_client_accounts,perf.user.86.dev,nbcsuper,ProxyH,,,ManageOrders_V1.17,TRUE,"KLNC-KLNC, QBAA-QB99","compass_r2,firm_client_accounts,orders_module,orders_upload,questionnaire_applications,soma_servicing,paper_upload_menu,gic_management_menu,statements_menu,tax_documents_menu,trade_confirmations_menu,mf_orders_upload",
NICOL,perf.user.87.dev,perf.user.87.dev,perf.user.87.dev@nbc.ca,EN,firm_client_accounts,perf.user.87.dev,nbcsuper,ProxyH,,,ManageOrders_V1.17,TRUE,"KLNC-KLNC, QBAA-QB99","compass_r2,firm_client_accounts,orders_module,orders_upload,questionnaire_applications,soma_servicing,paper_upload_menu,gic_management_menu,statements_menu,tax_documents_menu,trade_confirmations_menu,mf_orders_upload",
NICOL,perf.user.88.dev,perf.user.88.dev,perf.user.88.dev@nbc.ca,EN,firm_client_accounts,perf.user.88.dev,nbcsuper,ProxyH,,,ManageOrders_V1.17,TRUE,"KLNC-KLNC, QBAA-QB99","compass_r2,firm_client_accounts,orders_module,orders_upload,questionnaire_applications,soma_servicing,paper_upload_menu,gic_management_menu,statements_menu,tax_documents_menu,trade_confirmations_menu,mf_orders_upload",
NICOL,perf.user.89.dev,perf.user.89.dev,perf.user.89.dev@nbc.ca,EN,firm_client_accounts,perf.user.89.dev,nbcsuper,ProxyH,,,ManageOrders_V1.17,TRUE,"KLNC-KLNC, QBAA-QB99","compass_r2,firm_client_accounts,orders_module,orders_upload,questionnaire_applications,soma_servicing,paper_upload_menu,gic_management_menu,statements_menu,tax_documents_menu,trade_confirmations_menu,mf_orders_upload",
NICOL,perf.user.9,perf.user.9,perf.user.9@nbc.ca,EN,firm_client_accounts,perf.user.9,nbcsuper,ProxyH,,,ManageOrders_V1.17,TRUE,"KLNC-KLNC, QBAA-QB99","compass_r2,firm_client_accounts,orders_module,orders_upload,questionnaire_applications,soma_servicing,paper_upload_menu,gic_management_menu,statements_menu,tax_documents_menu,trade_confirmations_menu,mf_orders_upload",
NICOL,perf.user.90.dev,perf.user.90.dev,perf.user.90.dev@nbc.ca,EN,firm_client_accounts,perf.user.90.dev,nbcsuper,ProxyH,,,ManageOrders_V1.17,TRUE,"KLNC-KLNC, QBAA-QB99","compass_r2,firm_client_accounts,orders_module,orders_upload,questionnaire_applications,soma_servicing,paper_upload_menu,gic_management_menu,statements_menu,tax_documents_menu,trade_confirmations_menu,mf_orders_upload",
NICOL,perf.user.91.dev,perf.user.91.dev,perf.user.91.dev@nbc.ca,EN,firm_client_accounts,perf.user.91.dev,nbcsuper,ProxyH,,,ManageOrders_V1.17,TRUE,"KLNC-KLNC, QBAA-QB99","compass_r2,firm_client_accounts,orders_module,orders_upload,questionnaire_applications,soma_servicing,paper_upload_menu,gic_management_menu,statements_menu,tax_documents_menu,trade_confirmations_menu,mf_orders_upload",
NICOL,perf.user.92.dev,perf.user.92.dev,perf.user.92.dev@nbc.ca,EN,firm_client_accounts,perf.user.92.dev,nbcsuper,ProxyH,,,ManageOrders_V1.17,TRUE,"KLNC-KLNC, QBAA-QB99","compass_r2,firm_client_accounts,orders_module,orders_upload,questionnaire_applications,soma_servicing,paper_upload_menu,gic_management_menu,statements_menu,tax_documents_menu,trade_confirmations_menu,mf_orders_upload",
NICOL,perf.user.93.dev,perf.user.93.dev,perf.user.93.dev@nbc.ca,EN,firm_client_accounts,perf.user.93.dev,nbcsuper,ProxyH,,,ManageOrders_V1.17,TRUE,"KLNC-KLNC, QBAA-QB99","compass_r2,firm_client_accounts,orders_module,orders_upload,questionnaire_applications,soma_servicing,paper_upload_menu,gic_management_menu,statements_menu,tax_documents_menu,trade_confirmations_menu,mf_orders_upload",
NICOL,perf.user.94.dev,perf.user.94.dev,perf.user.94.dev@nbc.ca,EN,firm_client_accounts,perf.user.94.dev,nbcsuper,ProxyH,,,ManageOrders_V1.17,TRUE,"KLNC-KLNC, QBAA-QB99","compass_r2,firm_client_accounts,orders_module,orders_upload,questionnaire_applications,soma_servicing,paper_upload_menu,gic_management_menu,statements_menu,tax_documents_menu,trade_confirmations_menu,mf_orders_upload",
NICOL,perf.user.95.dev,perf.user.95.dev,perf.user.95.dev@nbc.ca,EN,firm_client_accounts,perf.user.95.dev,nbcsuper,ProxyH,,,ManageOrders_V1.17,TRUE,"KLNC-KLNC, QBAA-QB99","compass_r2,firm_client_accounts,orders_module,orders_upload,questionnaire_applications,soma_servicing,paper_upload_menu,gic_management_menu,statements_menu,tax_documents_menu,trade_confirmations_menu,mf_orders_upload",
NICOL,perf.user.96.dev,perf.user.96.dev,perf.user.96.dev@nbc.ca,EN,firm_client_accounts,perf.user.96.dev,nbcsuper,ProxyH,,,ManageOrders_V1.17,TRUE,"KLNC-KLNC, QBAA-QB99","compass_r2,firm_client_accounts,orders_module,orders_upload,questionnaire_applications,soma_servicing,paper_upload_menu,gic_management_menu,statements_menu,tax_documents_menu,trade_confirmations_menu,mf_orders_upload",
NICOL,perf.user.97.dev,perf.user.97.dev,perf.user.97.dev@nbc.ca,EN,firm_client_accounts,perf.user.97.dev,nbcsuper,ProxyH,,,ManageOrders_V1.17,TRUE,"KLNC-KLNC, QBAA-QB99","compass_r2,firm_client_accounts,orders_module,orders_upload,questionnaire_applications,soma_servicing,paper_upload_menu,gic_management_menu,statements_menu,tax_documents_menu,trade_confirmations_menu,mf_orders_upload",
NICOL,perf.user.98.dev,perf.user.98.dev,perf.user.98.dev@nbc.ca,EN,firm_client_accounts,perf.user.98.dev,nbcsuper,ProxyH,,,ManageOrders_V1.17,TRUE,"KLNC-KLNC, QBAA-QB99","compass_r2,firm_client_accounts,orders_module,orders_upload,questionnaire_applications,soma_servicing,paper_upload_menu,gic_management_menu,statements_menu,tax_documents_menu,trade_confirmations_menu,mf_orders_upload",
NICOL,perf.user.99.dev,perf.user.99.dev,perf.user.99.dev@nbc.ca,EN,firm_client_accounts,perf.user.99.dev,nbcsuper,ProxyH,,,ManageOrders_V1.17,TRUE,"KLNC-KLNC, QBAA-QB99","compass_r2,firm_client_accounts,orders_module,orders_upload,questionnaire_applications,soma_servicing,paper_upload_menu,gic_management_menu,statements_menu,tax_documents_menu,trade_confirmations_menu,mf_orders_upload",
NICOL,pmfirm,user1,pmfirm.user1@nbc.ca,EN,firm_client_accounts,pmfirm.user1.uat,NBINIA,ProxyH,uattset.6,,ManageFirmAndUser_V1.17,TRUE,"KLNC-KLNC, QBAA-QB99","paper_upload_menu,feature_menu,statements_menu,tax_documents_menu,trade_confirmations_menu",
NICOL,Ravikumar,Patel,ravikumar.patel@nbc.ca,EN,firm_client_accounts,ravikumar.patel.uat,111111,ProxyH,nicola.user1,,ViewOnlyConfidentialProfile_V1.17,TRUE,"KLNC-KLNC, QBAA-QB99","paper_upload_menu,statements_menu,tax_documents_menu,trade_confirmations_menu",
NICOL,sam,sam,sam.sam@nbc.ca,EN,firm_client_accounts,sam.sam.uat,NBINIA,ProxyH,George.Paul,,AdminServiceRequests_V1.17,TRUE,"KLNC-KLNC, QBAA-QB99","paper_upload_menu,statements_menu,tax_documents_menu,trade_confirmations_menu",
NICOL,Stanley,Kwong,stanley.kwong1@nbc.ca,EN,firm_client_accounts,stanley.kwong1,,ProxyH,,,ViewOnlyConfidentialProfile_V1.17,TRUE,"KLNC-KLNC, QBAA-QB99","paper_upload_menu,statements_menu,tax_documents_menu,trade_confirmations_menu",
NICOL,test,CXUAT,test55@nbc.ca,EN,firm_client_accounts,test.cxuat,1234,ProxyH,,,ViewOnlyConfidentialProfile_V1.17,TRUE,"KLNC-KLNC, QBAA-QB99","paper_upload_menu,statements_menu,tax_documents_menu,trade_confirmations_menu",
NICOL,test,Nicolauser,sassccerr@nbc.ca,EN,firm_client_accounts,test.nicolauser.uat,NBINIA,ProxyH,CXtestsx111.uat,,ManageAllButNotTrade_v1.16,TRUE,"KLNC-KLNC, QBAA-QB99","paper_upload_menu,statements_menu,tax_documents_menu,trade_confirmations_menu",
NICOL,test,r2sync,nbc90@nbc.ca,EN,firm_client_accounts,test.r2sync,1234,ProxyH,,,ViewOnlyConfidentialProfile_V1.17,TRUE,"KLNC-KLNC, QBAA-QB99","paper_upload_menu,statements_menu,tax_documents_menu,trade_confirmations_menu",
NICOL,test,user1,test.user1@nbc.ca,EN,firm_client_accounts,test.user1833.uat,NBINIA,ProxyH,,,ViewOnlyConfidentialProfile_V1.17,TRUE,"KLNC-KLNC, QBAA-QB99","paper_upload_menu,statements_menu,tax_documents_menu,trade_confirmations_menu",
NICOL,test,userone,testuserone@nbc.ca,FR,firm_client_accounts,test.userone.uat,"NBINIA,USTE0003",ProxyH,test.nicola,,ViewOnlyConfidentialProfile_V1.17,TRUE,"KLNC-KLNC, QBAA-QB99","orders_module,questionnaire_applications,paper_upload_menu,statements_menu,tax_documents_menu,trade_confirmations_menu",
NICOL,test4,test4,test123456h@nbc.ca,EN,firm_client_accounts,test4.test45,1234,ProxyH,,,ViewOnlyConfidentialProfile_V1.17,TRUE,"KLNC-KLNC, QBAA-QB99","paper_upload_menu,statements_menu,tax_documents_menu,trade_confirmations_menu",
NICOL,test4,test4,test12345a@nbc.ca,EN,firm_client_accounts,test4.test41,1234,ProxyH,,,ViewOnlyConfidentialProfile_V1.17,TRUE,"KLNC-KLNC, QBAA-QB99","paper_upload_menu,statements_menu,tax_documents_menu,trade_confirmations_menu",
NICOL,test4,test4,test12345r@nbc.ca,EN,firm_client_accounts,test4.test44,1234,ProxyH,,,ViewOnlyConfidentialProfile_V1.17,TRUE,"KLNC-KLNC, QBAA-QB99","paper_upload_menu,statements_menu,tax_documents_menu,trade_confirmations_menu",
NICOL,test4,test4,test12345kk@nbc.ca,EN,firm_client_accounts,test4.test46,12334,ProxyH,,,ViewOnlyConfidentialProfile_V1.17,TRUE,"KLNC-KLNC, QBAA-QB99","paper_upload_menu,statements_menu,tax_documents_menu,trade_confirmations_menu",
NICOL,testexp,user,senthilkumaran.kunjithapatham1@nbc.ca,EN,firm_client_accounts,testexp.user,,ProxyH,,,ViewOnlyConfidentialProfile_V1.17,TRUE,"KLNC-KLNC, QBAA-QB99","paper_upload_menu,statements_menu,tax_documents_menu,trade_confirmations_menu",
NICOL,testpm2,testpmb,testpm2.testpmb@nbc.com,EN,firm_client_accounts,testpm2.testpmb,,ProxyP,,,ViewOnlyConfidentialProfile_V1.17,TRUE,"KLNC-KLNC, QBAA-QB99","paper_upload_menu,statements_menu,tax_documents_menu,trade_confirmations_menu",
NICOL,Tom,H,tomasz.hosiawa-2@nbc.ca,EN,firm_client_accounts,tom.h1.uat,,HOSIAWT,accesscontrol31.qa,,ManageOrders_V1.17,FALSE,"QBAA-QBAA, QBRU-QBRU","paper_upload_menu,gic_management_menu,statements_menu,tax_documents_menu,trade_confirmations_menu,mf_orders_upload",
NICOL,Tom,H,tomasz.hosiawa-1@nbc.ca,EN,firm_client_accounts,tom.h.uat,,AGTEST,,,ManageAll_V1.17,FALSE,QBAA-QB99,"gic_management_menu,statements_menu,tax_documents_menu,trade_confirmations_menu,mf_orders_upload",
NICOL,trader,caroline,tradercaroline@nest.com,EN,firm_client_accounts,trader.caroline,caroline,ProxyH,,,ViewOnlyConfidentialProfile_V1.17,TRUE,"KLNC-KLNC, QBAA-QB99","paper_upload_menu,statements_menu,tax_documents_menu,trade_confirmations_menu",
NICOL,trader,uatis,trader@nbc.ca,EN,firm_client_accounts,trader.uatis,,ProxyH,,,ViewOnlyConfidentialProfile_V1.17,TRUE,"KLNC-KLNC, QBAA-QB99","paper_upload_menu,statements_menu,tax_documents_menu,trade_confirmations_menu",
NICOL,traderuat,nicol,traderuat.nicol@nbc.ca,EN,firm_client_accounts,traderuat.nicol,,ProxyH,testuserportl,,ViewOnlyConfidentialProfile_V1.17,TRUE,"KLNC-KLNC, QBAA-QB99","paper_upload_menu,statements_menu,tax_documents_menu,trade_confirmations_menu",
NICOL,uat,test10,uat.test10@nbc.ca,EN,firm_client_accounts,uat.test10.uat,NBINIA,ProxyH,uat.test10,,ManageFirmAndUser_V1.17,FALSE,QBAA-QB99,"paper_upload_menu,feature_menu,statements_menu,tax_documents_menu,trade_confirmations_menu",
NICOL,Wanhee,TestUAT,wanhee.lee@nbc.ca,EN,firm_client_accounts,wanhee.testuat,,ProxyH,,,ViewOnlyConfidentialProfile_V1.17,TRUE,"KLNC-KLNC, QBAA-QB99","paper_upload_menu,statements_menu,tax_documents_menu,trade_confirmations_menu",
OMGWM,operation,nbin,minsheng.liu@nbc.ca,EN,firm_client_accounts,operation.nbin.uat,YYYYY,ProxyH,liumin,,ManageAllButNotTrade,FALSE,GNAA-GN99,,
PMGRN_ALLFM,candi,allfm,candi.allfm2@allfm.ca,EN,compass_r2,candi.allfm2.uat,,,test.icpmc3,,ManageServiceRequests_V1.17,TRUE,R3ZH-R3ZH,"paper_upload_menu,statements_menu,tax_documents_menu,trade_confirmations_menu",
PMGRN_ALLFM,CANDI,allfm,candi.allfm@allfm.ca,EN,compass_r2,candi.allfm.uat,SOCA,,,,ManageServiceRequests_V1.17,TRUE,R3ZH-R3ZH,"firm_client_accounts,paper_upload_menu,statements_menu,tax_documents_menu,trade_confirmations_menu",
PMGRN_ALLFM,CANDI,allfm,candi.allfm1@allfm.ca,EN,compass_r2,candi.allfm1.uat,,,test.dpmfp,,ManageServiceRequests_V1.17,TRUE,R3ZH-R3ZH,"paper_upload_menu,statements_menu,tax_documents_menu,trade_confirmations_menu",
PMGRN_ANSON,candi,anson,candi.anson@anson.ca,EN,firm_client_accounts,candi.anson.uat,,,,,ManageAll_V1.17,TRUE,R3AB-R3AB,"paper_upload_menu,gic_management_menu,statements_menu,tax_documents_menu,trade_confirmations_menu,mf_orders_upload",
PMGRN_ANSON,Candi,ANSON,candi.anson@anson.ca,FR,firm_client_accounts,candi.anson1.uat,,,test.tamanna,,ViewOnlyConfidentialProfile_V1.17,FALSE,R3AB-R3AB,"paper_upload_menu,statements_menu,tax_documents_menu,trade_confirmations_menu",
PMGRN_AVNFM,CANDI,AVNFM,candi.avnfm@avnfm.ca,EN,compass_r2,candi.avnfm.uat,,,,,ManageServicingAndTrades,TRUE,R3YW-R3YW,"paper_upload_menu,statements_menu,tax_documents_menu,trade_confirmations_menu",
PMGRN_BLMSN,candi,bloomberg,candi.bloomberg@blmg.ca,EN,firm_client_accounts,candi.bloomberg.uat,DUMMY,COMPXTR,,,ManageAll_V1.17,TRUE,R30V-R30V,"paper_upload_menu,gic_management_menu,statements_menu,tax_documents_menu,trade_confirmations_menu,mf_orders_upload",
PWLCP,Ben,Wilson,bwilson@pwlcapital.com,FR,firm_client_accounts,Ben.Felix.uat,DUMMY,,Ben.Felix,,ViewOnlyConfidentialProfile_V1.17,FALSE,"WPJP-WPJP, WPYP-WPYP","orders_module,questionnaire_applications,soma_servicing,paper_upload_menu,statements_menu,tax_documents_menu,trade_confirmations_menu",
PWLCP,Cheryl,Gillies,cheryl.gillies.pwlcp@noemail.com,EN,firm_client_accounts,Cheryl.Gillies.uat,GILLIECH,,Cheryl.Gillies,,ManageServiceRequests_V1.17,TRUE,WPAA-WP99,"orders_module,questionnaire_applications,paper_upload_menu,statements_menu,tax_documents_menu,trade_confirmations_menu",
PWLCP,Matt,Gour,matt.gour.pwlcp@noemail.com,EN,firm_client_accounts,matt.gour.uat,GOURMAT,,,,AdminServiceRequests_V1.17,FALSE,"WPNG-WPNG, WPWN-WPWN","compass_r2,firm_client_accounts,infinite_applications,orders_module,questionnaire_applications,form_applications,paper_upload_menu,statements_menu,tax_documents_menu,trade_confirmations_menu",
QCPM_ALIZE,ALIZE,TestID,katrina.astrologo@nbc.ca,EN,firm_client_accounts,alize.testid.uat,,,Croft.TestRevert2,,ManageServicingAndTrades,TRUE,Q1YA-Q1Y9,"statements_menu,tax_documents_menu,trade_confirmations_menu",
QCPM_ALIZE,Candi,Alize,candi.alize@alize.ca,EN,firm_client_accounts,candi.alize.uat,DUMMY,,test2.qa1,,AdminAllButNotTrade_V1.17,FALSE,Q1YY-Q1YY,"firm_client_accounts,paper_upload_menu,statements_menu,tax_documents_menu,trade_confirmations_menu",
QCPM_ALIZE,Candi,Alize1,candi.alize1@alize.ca,EN,firm_client_accounts,candi.alize1.uat,,null,Karam.Test,,ManageAll_V1.17,FALSE,,"paper_upload_menu,gic_management_menu,statements_menu,tax_documents_menu,trade_confirmations_menu,mf_orders_upload",
QCPM_ALIZE,Candi,Test Alize,candi.testalize@alize.ca,EN,firm_client_accounts,candi.testalize.uat,SOC,,bernard.piché1,,ManageServiceRequests_V1.16,FALSE,Q1Y1-Q1Y1,,
QCPM_ALIZE,Candi 2,Test Alize,candi2.testalize@alize.ca,EN,firm_client_accounts,candi2.testalize.uat,SOC,,candi2.testalize,,AdminAll_V1.16,TRUE,Q1YA-Q1Y9,,
QCPM_ALIZE,TestFUM,QA,testingfumqa1000343@gmail.com,EN,firm_client_accounts,testfum.qa.uat,,,TestFUMQA67201.67201QA,,AdminAllButNotTrade_V1.17,FALSE,Q1YA-Q1YA,"firm_client_accounts,paper_upload_menu,statements_menu,tax_documents_menu,trade_confirmations_menu",
QCPM_ALTER,Candi,Alter,candi.alter@altervest.ca,EN,firm_client_accounts,candi.alter.uat,SOC,COMPASSX,TestFum87080.QA87080,,Legacy-AdminServiceRequests,TRUE,Q1WA-Q1W9,soma_intervention,
QCPM_ALTIU,Candi,Altiu,candi.so@nbc.ca,EN,firm_client_accounts,candi.altiu.uat,,,,,ManageServiceRequests_V1.17,TRUE,Q1XA-Q1X9,"statements_menu,tax_documents_menu,trade_confirmations_menu",
QCPM_ARCHR,Andréa,test,atremblay@archer.ca,EN,firm_client_accounts,andrea.test.uat,,,andré.tremblay,,ViewOnlyConfidentialProfile_V1.17,FALSE,Q2GK-Q2GM,"statements_menu,tax_documents_menu,trade_confirmations_menu",
QCPM_ARXCP,candi,arx,candi.arx1@arx.ca,EN,firm_client_accounts,candi.arx1.uat,,sfdg,testusermcdon,,ManageAll_V1.17,TRUE,Q11A-Q119,"statements_menu,tax_documents_menu,trade_confirmations_menu,mf_orders_upload",
QCPM_CPTSH,ot,test2,sadas@bnc.ca,EN,firm_client_accounts,ot.test2.uat,,,,,ManageAccountsAndProfiles_V1.17,TRUE,"S1BA-S1B9, S1CA-S1C9, S1DA-S1D9, S1KA-S1K9","compass_r2,firm_client_accounts,form_applications,infinite_applications,paper_upload_menu,statements_menu,tax_documents_menu,trade_confirmations_menu",
QCPM_CPTSH,OT,Test,ot.test@amc.ca,EN,firm_client_accounts,ot.test.uat,,,,,ManageAccountsAndProfiles_V1.17,FALSE,"S1BA-S1B9, S1CA-S1C9, S1DA-S1D9, S1KA-S1K9","paper_upload_menu,statements_menu,tax_documents_menu,trade_confirmations_menu",
QCPM_PLSWL,firmuser,palos,firmuser.palos@bnc.ca,EN,firm_client_accounts,firmuser.palos.uat,fdfdf,ProxyH,Demo2.Demo2,,ViewOnlyConfidentialProfile_V1.17,TRUE,Q1P0-Q1P8,"paper_upload_menu,statements_menu,tax_documents_menu,trade_confirmations_menu",
QCPM_PLSWL,perf.user,253,senthilkumaran.123@nbc.ca,EN,firm_client_accounts,perf.user.253,nbcsuper,ProxyH,,,ManageOrders_V1.17,TRUE,Q1P0-Q1P8,"compass_r2,firm_client_accounts,orders_module,orders_upload,questionnaire_applications,soma_servicing,paper_upload_menu,gic_management_menu,statements_menu,tax_documents_menu,trade_confirmations_menu,mf_orders_upload",
QCPM_PLSWL,perf.user,254,senthilkumaran.1212@nbc.ca,EN,firm_client_accounts,perf.user.254,nbcsuper,ProxyH,,,ManageOrders_V1.17,TRUE,Q1P0-Q1P8,"compass_r2,firm_client_accounts,orders_module,orders_upload,questionnaire_applications,soma_servicing,paper_upload_menu,gic_management_menu,statements_menu,tax_documents_menu,trade_confirmations_menu,mf_orders_upload",
QCPM_PLSWL,testuser,adv,senthilkumaran.232@nbc.ca,EN,firm_client_accounts,testuser.adv,TestA1,ProxyH,,,ViewOnlyConfidentialProfile_V1.17,TRUE,Q1P0-Q1P8,"paper_upload_menu,statements_menu,tax_documents_menu,trade_confirmations_menu",
QCPM_PLSWL,trader,palos,trader.palos@bnc.ca,EN,firm_client_accounts,trader.palos1.uat,sfdsfsfsf,ProxyH,Demo1.Demo1,,ViewOnlyConfidentialProfile_V1.17,TRUE,Q1P0-Q1P8,"paper_upload_menu,statements_menu,tax_documents_menu,trade_confirmations_menu",
QCPM_PLSWL,trader,palos,trader.palos@nbc.ca,EN,firm_client_accounts,trader.palos,,ProxyH,,,ViewOnlyConfidentialProfile_V1.17,TRUE,Q1P0-Q1P8,"paper_upload_menu,statements_menu,tax_documents_menu,trade_confirmations_menu",
SUNL,sunlif,user1,sunlif.user1@nbc.ca,FR,firm_client_accounts,sunlif_test.usersun,szone1,,,test.usersun,ViewOnlyConfidentialProfile_V1.17,TRUE,S2AA-S299,"orders_module,questionnaire_applications,form_applications,paper_upload_menu,statements_menu,tax_documents_menu,trade_confirmations_menu",
TRIDE,Test,Tridelta,tt.tridelta@gmail.com,EN,firm_client_accounts,test.tridelta,,ProxyH,,,ViewOnlyConfidentialProfile_V1.17,TRUE,K4AA-K499,"paper_upload_menu,statements_menu,tax_documents_menu,trade_confirmations_menu",
TRIDE,Test,Tridelta,tttt.tridelta@gmail.com,EN,firm_client_accounts,test.tridelta1,,ProxyH,,,ViewOnlyConfidentialProfile_V1.17,TRUE,K4AA-K499,"paper_upload_menu,statements_menu,tax_documents_menu,trade_confirmations_menu",
TRIDE,Test1,Tridelta,ttt.tridelta@gmail.com,EN,firm_client_accounts,test1.tridelta,,ProxyH,,,ViewOnlyConfidentialProfile_V1.17,TRUE,K4AA-K499,"paper_upload_menu,statements_menu,tax_documents_menu,trade_confirmations_menu",
TRIDE,Tridelta,Trist,tridelta@nbc.ca,EN,firm_client_accounts,tridelta.trist,Welcome1,ProxyH,,,ViewOnlyConfidentialProfile_V1.17,TRUE,K4AA-K499,"paper_upload_menu,statements_menu,tax_documents_menu,trade_confirmations_menu",
WATER,Bulk,TestingUser1002,bulktestinguser1002@gmail.com,FR,firm_client_accounts,TestFum89956.QA89956.uat,SZ1,,TestFum89956.QA89956,,ManageFirmAndUser_V1.17,FALSE,GHAA-GHAA,"orders_module,paper_upload_menu,feature_menu,statements_menu,tax_documents_menu,trade_confirmations_menu",
WATER,Bulk,TestingUser1007,bulktestinguser1007@gmail.com,EN,firm_client_accounts,TestFum57341.QA57341.uat,SZ1,,TestFum57341.QA57341,,ManageFirmAndUser_V1.17,FALSE,GHAA-GHAA,"orders_module,paper_upload_menu,feature_menu,statements_menu,tax_documents_menu,trade_confirmations_menu",
WATER,Bulk,TestingUser1012,bulktestinguser1012@gmail.com,EN,firm_client_accounts,TestFum71948.QA71948.uat,SZ1,,TestFum71948.QA71948,,ManageFirmAndUser_V1.17,FALSE,GHAA-GHAA,"orders_module,paper_upload_menu,feature_menu,statements_menu,tax_documents_menu,trade_confirmations_menu",
WATER,Bulk,TestingUser1017,bulktestinguser1017@gmail.com,EN,firm_client_accounts,TestFum86069.QA86069.uat,SZ1,,TestFum86069.QA86069,,ManageFirmAndUser_V1.17,FALSE,GHAA-GHAA,"orders_module,paper_upload_menu,feature_menu,statements_menu,tax_documents_menu,trade_confirmations_menu",
WATER,Bulk,TestingUser1022,bulktestinguser1022@gmail.com,EN,firm_client_accounts,TestFum33414.QA33414.uat,SZ1,,TestFum33414.QA33414,,ManageFirmAndUser_V1.17,FALSE,GHAA-GHAA,"orders_module,paper_upload_menu,feature_menu,statements_menu,tax_documents_menu,trade_confirmations_menu",
WATER,Bulk,TestingUser1027,bulktestinguser1027@gmail.com,EN,firm_client_accounts,TestFum16030.QA16030.uat,SZ1,,TestFum16030.QA16030,,ManageFirmAndUser_V1.17,FALSE,GHAA-GHAA,"orders_module,paper_upload_menu,feature_menu,statements_menu,tax_documents_menu,trade_confirmations_menu",
WATER,Bulk,TestingUser1032,bulktestinguser1032@gmail.com,EN,firm_client_accounts,TestFum13168.QA13168.uat,SZ1,,TestFum13168.QA13168,,ManageFirmAndUser_V1.17,FALSE,GHAA-GHAA,"orders_module,paper_upload_menu,feature_menu,statements_menu,tax_documents_menu,trade_confirmations_menu",
WATER,Bulk,TestingUser1037,bulktestinguser1037@gmail.com,EN,firm_client_accounts,TestFum49885.QA49885.uat,SZ1,,TestFum49885.QA49885,,ManageFirmAndUser_V1.17,FALSE,GHAA-GHAA,"orders_module,paper_upload_menu,feature_menu,statements_menu,tax_documents_menu,trade_confirmations_menu",
WATER,Bulk,TestingUser1042,bulktestinguser1042@gmail.com,EN,firm_client_accounts,TestFum97594.QA97594.uat,SZ1,,TestFum97594.QA97594,,ManageFirmAndUser_V1.17,FALSE,GHAA-GHAA,"orders_module,paper_upload_menu,feature_menu,statements_menu,tax_documents_menu,trade_confirmations_menu",
WATER,Bulk,TestingUser1047,bulktestinguser1047@gmail.com,EN,firm_client_accounts,TestFum89593.QA89593.uat,SZ1,,TestFum89593.QA89593,,ManageFirmAndUser_V1.17,FALSE,GHAA-GHAA,"orders_module,paper_upload_menu,feature_menu,statements_menu,tax_documents_menu,trade_confirmations_menu",
WATER,Candi,Water,candi.so@nbc.ca,EN,firm_client_accounts,candi.water.uat,,,,,ManageAll_V1.17,TRUE,GHAA-GH99,"gic_management_menu,statements_menu,tax_documents_menu,trade_confirmations_menu,mf_orders_upload",
WATER,Regression,user3228,kamali.arunamanivannan@nbc.ca,EN,firm_client_accounts,regression.user3228.uat,NBINIA,,,,ViewOnlyConfidentialProfile_V1.17,FALSE,,"orders_module,questionnaire_applications,form_applications",
WATER,Regression,user4228,kamali.arunamanivannan@nbc.ca,EN,firm_client_accounts,regression.user4228.uat,NBINIA,,,,ViewOnlyConfidentialProfile_V1.17,FALSE,,"orders_module,questionnaire_applications,form_applications",
WATER,Regression,user6228,kamali.arunamanivannan@nbc.ca,EN,firm_client_accounts,regression.user6228.uat,NBINIA,,,,ViewOnlyConfidentialProfile_V1.17,FALSE,,"orders_module,questionnaire_applications,form_applications",
WATER,Regression211,user3,kamali.arunamanivannan@nbc.ca,EN,firm_client_accounts,regression211.user3.uat,NBINIA,,,,ViewOnlyConfidentialProfile_V1.17,FALSE,,"orders_module,questionnaire_applications,form_applications",
WATER,test,test20250728,test20250728@gmail.com,EN,firm_client_accounts,test.test20250728.uat,,ProxyH,,,ManageFirmAndUser_V1.17,FALSE,,"feature_menu,statements_menu,tax_documents_menu,trade_confirmations_menu",
WATER,Test,User1832,kamali.arunamanivannan@nbc.ca,EN,firm_client_accounts,test.user1832.uat,test.bsg,ProxyH,,,ViewOnlyConfidentialProfile_V1.17,TRUE,GHAA-GH99,"paper_upload_menu,statements_menu,tax_documents_menu,trade_confirmations_menu",
WATER,Water,reguatuser,kamali.arunamanivannan@nbc.ca,EN,firm_client_accounts,water.reguatuser.uat,NBINIA,,,,AdminAll_V1.17,TRUE,GHAA-GH99,,
"",christopher-userone,nbcss,f58a16c4.cbncnbccs.onmicrosoft.com@ca.teams.ms,FR,firm_client_accounts,christopheruserone.nbcss.uat,,,,,,,,,
"",John1,Doe12,john.doe@nbc.com,EN,firm_client_accounts,john1.doe12.uat,,,,,,,,,
"",John12,Doe123,john.doe@nbc.com,EN,firm_client_accounts,john12.doe123.uat,,,,,,,,,
"",John123,Doe12345,john.doe@nbc.com,EN,firm_client_accounts,john123.doe1234.uat,,,,,,,,,
"",reguat,users500,kamali.arunamanivannan@nbc.ca,EN,firm_client_accounts,reguat.users500.uat,,,,,,,,,
"",reguat,users501,kamali.arunamanivannan@nbc.ca,FR,firm_client_accounts,reguat.users501.uat,,,,,,,,,
"",reguat,users502,kamali.arunamanivannan@nbc.ca,EN,firm_client_accounts,reguat.users502.uat,,,,,,,,,
"",reguat,users503,kamali.arunamanivannan@nbc.ca,EN,firm_client_accounts,reguat.users503.uat,,,,,,,,,
"",TestTest,Doe,john.doe@nbc.com,EN,firm_client_accounts,testtest.doe.uat,,,,,,,,,
"",uataudit,users001,kamali.arunamanivannan@nbc.ca,EN,firm_client_accounts,uataudit.users001.uat,,,,,,,,,
"",uataudit,users001,kamali.arunamanivannan@nbc.ca,EN,firm_client_accounts,uataudit.users0011.uat,,,,,,,,,
"",uataudit,users002,kamali.arunamanivannan@nbc.ca,FR,firm_client_accounts,uataudit.users002.uat,,,,,,,,,
"",uataudit,users002,kamali.arunamanivannan@nbc.ca,FR,firm_client_accounts,uataudit.users0021.uat,,,,,,,,,
"",uataudit,users003,kamali.arunamanivannan@nbc.ca,EN,firm_client_accounts,uataudit.users003.uat,,,,,,,,,
"",uataudit,users003,kamali.arunamanivannan@nbc.ca,EN,firm_client_accounts,uataudit.users0031.uat,,,,,,,,,
"",uataudit,users004,kamali.arunamanivannan@nbc.ca,EN,firm_client_accounts,uataudit.users004.uat,,,,,,,,,
"",uataudit,users004,kamali.arunamanivannan@nbc.ca,EN,firm_client_accounts,uataudit.users0041.uat,,,,,,,,,
"",uataudit,users005,kamali.arunamanivannan@nbc.ca,EN,firm_client_accounts,uataudit.users005.uat,,,,,,,,,
"",uataudit,users005,kamali.arunamanivannan@nbc.ca,EN,firm_client_accounts,uataudit.users0051.uat,,,,,,,,,
"",uataudit,users006,kamali.arunamanivannan@nbc.ca,EN,firm_client_accounts,uataudit.users0061.uat,,,,,,,,,
"",uataudit,users006,kamali.arunamanivannan@nbc.ca,EN,firm_client_accounts,uataudit.users006.uat,,,,,,,,,
"",uataudit,users007,kamali.arunamanivannan@nbc.ca,FR,firm_client_accounts,uataudit.users0071.uat,,,,,,,,,
"",uataudit,users007,kamali.arunamanivannan@nbc.ca,FR,firm_client_accounts,uataudit.users007.uat,,,,,,,,,
"",uatempreg,user504,kamali.arunamanivannan@nbc.ca,EN,firm_client_accounts,uatempreg.user504.uat,,,,,,,,,
"",uatempreg,user505,kamali.arunamanivannan@nbc.ca,FR,firm_client_accounts,uatempreg.user505.uat,,,,,,,,,
"",uatempreg,user506,kamali.arunamanivannan@nbc.ca,EN,firm_client_accounts,uatempreg.user506.uat,,,,,,,,,
"",uatempreg,user507,kamali.arunamanivannan@nbc.ca,EN,firm_client_accounts,uatempreg.user507.uat,,,,,,,,,
"",uatempreg,user509,kamali.arunamanivannan@nbc.ca,FR,firm_client_accounts,uatempreg.user509.uat,,,,,,,,,
